Transaction ID,Day,Month,Year,Day Name,Brand,Units Sold,Price Per Unit,Customer Name,Customer Age,City,Payment Method,Customer Ratings,Mobile Model
1,1/8/1900,1/9/1900,7/13/1905,Sat,Xiaomi,6,10174.7,Lalita Ahuja,38,Ludhiana,UPI,5,Redmi Note 10
2,1/8/1900,1/9/1900,7/13/1905,Saturday,Vivo,6,10565.19,Sneha Sharma,37,Delhi,Credit Card,3,Vivo Y51
3,1/8/1900,1/9/1900,7/13/1905,Saturday,Vivo,8,58527.58,Radha Srivastava,40,Mumbai,UPI,5,Vivo S1
4,1/9/1900,1/9/1900,7/13/1905,Sunday,Xiaomi,5,25563.98,Bhavana Arora,21,Mumbai,Credit Card,4,Mi 11
5,1/9/1900,1/9/1900,7/13/1905,Sunday,OnePlus,3,48168.02,Sneha Mehta,38,Gorakhpur,Cash,5,OnePlus 9
6,1/9/1900,1/9/1900,7/13/1905,Sunday,Samsung,3,37252.87,Reena Mehta,38,Jodhpur,UPI,3,Galaxy Note 20
7,1/9/1900,1/9/1900,7/13/1905,Sun,OnePlus,6,61805.8,Pankaj Alva,18,Delhi,Cash,4,OnePlus Nord
8,1/10/1900,1/9/1900,7/13/1905,Monday,Apple,2,65017.67,Mala Rawat,32,Vadodara,Cash,3,iPhone 12
9,1/10/1900,1/9/1900,7/13/1905,Mon,Vivo,6,69808.46,Pankaj Varma,34,Delhi,UPI,5,Vivo Y51
10,1/10/1900,1/9/1900,7/13/1905,Monday,Samsung,6,19221.05,Yogesh Sharma,31,Mumbai,Debit Card,2,Galaxy A51
11,1/11/1900,1/9/1900,7/13/1905,Tuesday,Samsung,8,61777.84,Radha Sharma,36,Madurai,Credit Card,5,Galaxy A51
12,1/11/1900,1/9/1900,7/13/1905,Tuesday,Apple,7,25961.28,Namita Roy,51,Delhi,UPI,4,iPhone 12
13,1/11/1900,1/9/1900,7/13/1905,Tuesday,Apple,8,45448.95,Ramesh Joshi,23,Mumbai,Cash,5,iPhone 12
14,1/12/1900,1/9/1900,7/13/1905,Wed,Xiaomi,9,40346.37,Arun Iyer,23,Hyderabad,Credit Card,2,Redmi Note 10
15,1/12/1900,1/9/1900,7/13/1905,Wednesday,Vivo,6,11079.29,Manoj Siddiqui,22,Chennai,Cash,5,Vivo V20
16,1/12/1900,1/9/1900,7/13/1905,Wednesday,Vivo,3,65966.28,Anjali Gupta,24,Mumbai,Credit Card,2,Vivo Y51
17,1/13/1900,1/9/1900,7/13/1905,Thursday,OnePlus,3,14699.62,Ramesh Rao,50,Coimbatore,UPI,4,OnePlus Nord
18,1/13/1900,1/9/1900,7/13/1905,Thu,Xiaomi,1,51293.14,Anand Pillai,30,Delhi,Cash,3,Redmi Note 10
19,1/13/1900,1/9/1900,7/13/1905,Thursday,Xiaomi,5,57100.41,Kiran Rawat,18,Mumbai,Credit Card,4,Redmi Note 10
20,1/13/1900,1/9/1900,7/13/1905,Thursday,Xiaomi,4,57717.27,Harish Kaur,30,Mumbai,Credit Card,5,Redmi Note 10
21,1/14/1900,1/9/1900,7/13/1905,Friday,Xiaomi,9,18129.67,Manoj Luthra,44,Coimbatore,UPI,4,Mi 11
22,1/14/1900,1/9/1900,7/13/1905,Friday,Vivo,9,36854.2,Jyoti Roy,24,Vadodara,Credit Card,5,Vivo S1
23,1/14/1900,1/9/1900,7/13/1905,Fri,Vivo,5,59765.73,Rajesh Sheth,20,Kolkata,Credit Card,5,Vivo S1
24,1/15/1900,1/9/1900,7/13/1905,Saturday,Xiaomi,4,28160.75,Mala Ghosh,42,Mumbai,Cash,5,Redmi Note 10
25,1/15/1900,1/9/1900,7/13/1905,Saturday,OnePlus,7,38064.92,Reena Teja,50,Delhi,UPI,2,OnePlus Nord
26,1/15/1900,1/9/1900,7/13/1905,Saturday,Samsung,6,26367.63,Bhavana Dutta,57,Delhi,UPI,5,Galaxy Note 20
27,1/16/1900,1/9/1900,7/13/1905,Sunday,Samsung,4,37813.09,Yogesh Ahuja,34,Delhi,Cash,4,Galaxy A51
28,1/16/1900,1/9/1900,7/13/1905,Sunday,OnePlus,2,63270.28,Isha Desai,31,Vadodara,Debit Card,4,OnePlus 9
29,1/16/1900,1/9/1900,7/13/1905,Sunday,Xiaomi,1,37307.45,Tapan Shah,54,Delhi,Cash,4,Redmi 9
30,1/17/1900,1/9/1900,7/13/1905,Mon,Vivo,4,43354.72,Vinod Pathak,40,Delhi,Cash,5,Vivo Y51
31,1/17/1900,1/9/1900,7/13/1905,Monday,Samsung,4,34238.58,Bhavana Siddiqui,41,Ludhiana,Debit Card,2,Galaxy Note 20
32,1/17/1900,1/9/1900,7/13/1905,Monday,Apple,1,37607.03,Meena Mathur,46,Mumbai,Credit Card,5,iPhone SE
33,1/17/1900,1/9/1900,7/13/1905,Monday,Apple,6,10910.45,Sumit Pillai,55,Rajkot,UPI,3,iPhone SE
34,1/18/1900,1/9/1900,7/13/1905,Tuesday,OnePlus,4,27024.73,Vinod Dutta,44,Mumbai,UPI,5,OnePlus 9
35,1/18/1900,1/9/1900,7/13/1905,Tuesday,Xiaomi,1,36194.9,Shruti Bhatnagar,55,Kanpur,Debit Card,4,Redmi Note 10
36,1/18/1900,1/9/1900,7/13/1905,Tuesday,Samsung,1,48027.82,Pankaj Shah,57,Kolkata,UPI,3,Galaxy S21
37,1/19/1900,1/9/1900,7/13/1905,Wednesday,Xiaomi,1,37003.12,Deepika Verma,40,Coimbatore,Debit Card,3,Redmi 9
38,1/19/1900,1/9/1900,7/13/1905,Wednesday,Samsung,8,30269.02,Sanjay Joshi,48,Ludhiana,Credit Card,5,Galaxy Note 20
39,1/19/1900,1/9/1900,7/13/1905,Wednesday,OnePlus,8,33285.92,Umesh Goyal,53,Delhi,Debit Card,5,OnePlus 8T
40,1/20/1900,1/9/1900,7/13/1905,Thursday,OnePlus,2,24537.6,Rajesh Verma,34,Delhi,UPI,5,OnePlus Nord
41,1/20/1900,1/9/1900,7/13/1905,Thursday,Apple,7,65469.66,Pooja Rao,54,Delhi,UPI,5,iPhone 11
42,1/20/1900,1/9/1900,7/13/1905,Thursday,Xiaomi,8,41304.59,Jyoti Mishra,20,Mumbai,Debit Card,2,Mi 11
43,1/21/1900,1/9/1900,7/13/1905,Friday,Apple,8,10804.57,Sachin Desai,53,Ludhiana,UPI,5,iPhone SE
44,1/21/1900,1/9/1900,7/13/1905,Friday,Xiaomi,7,11166.78,Manoj Jain,22,Rajkot,Debit Card,5,Mi 11
45,1/21/1900,1/9/1900,7/13/1905,Friday,Apple,5,68377.7,Deepika Shah,32,Chennai,UPI,5,iPhone SE
46,1/22/1900,1/9/1900,7/13/1905,Saturday,Vivo,1,23287.05,Priyanka Pillai,23,Madurai,Cash,5,Vivo V20
47,1/22/1900,1/9/1900,7/13/1905,Saturday,Vivo,9,58336.5,Pooja Arora,27,Delhi,Credit Card,5,Vivo Y51
48,1/22/1900,1/9/1900,7/13/1905,Saturday,Vivo,7,13496.52,Tanuja Prasad,49,Bhopal,UPI,5,Vivo S1
49,1/22/1900,1/9/1900,7/13/1905,Sat,Vivo,2,65269.76,Monika Thakur,40,Mumbai,UPI,5,Vivo Y51
50,1/23/1900,1/9/1900,7/13/1905,Sun,Samsung,6,62465.02,Anand Nair,34,Madurai,UPI,2,Galaxy Note 20
51,1/23/1900,1/9/1900,7/13/1905,Sun,Vivo,2,44265.59,Vinod Kaur,37,Ranchi,Debit Card,5,Vivo V20
52,1/23/1900,1/9/1900,7/13/1905,Sun,OnePlus,1,10539.92,Yogesh Roy,58,Delhi,UPI,5,OnePlus Nord
53,1/24/1900,1/9/1900,7/13/1905,Mon,OnePlus,7,25468.65,Krishna Mehta,32,Lucknow,Debit Card,5,OnePlus 9
54,1/24/1900,1/9/1900,7/13/1905,Monday,Samsung,2,34409.36,Mala Malhotra,39,Bhopal,UPI,2,Galaxy Note 20
55,1/24/1900,1/9/1900,7/13/1905,Monday,Vivo,2,37603.85,Sunita Thakur,23,Mumbai,Cash,2,Vivo Y51
56,1/24/1900,1/9/1900,7/13/1905,Monday,Vivo,5,27860.73,Kavita Sheth,21,Delhi,Cash,5,Vivo Y51
57,1/25/1900,1/9/1900,7/13/1905,Tuesday,Vivo,5,11976.87,Anjali Roy,40,Kolkata,Credit Card,5,Vivo S1
58,1/25/1900,1/9/1900,7/13/1905,Tuesday,Apple,7,45407.64,Shruti Dutta,36,Delhi,Debit Card,4,iPhone 12
59,1/25/1900,1/9/1900,7/13/1905,Tue,Xiaomi,1,41449.28,Devendra Jain,48,Kanpur,Credit Card,5,Redmi 9
60,1/25/1900,1/9/1900,7/13/1905,Tue,Apple,8,26980.04,Jyoti Bhattacharya,20,Kanpur,UPI,2,iPhone 11
61,1/26/1900,1/9/1900,7/13/1905,Wed,Xiaomi,3,12278.56,Kavita Srivastava,45,Mumbai,UPI,4,Redmi Note 10
62,1/26/1900,1/9/1900,7/13/1905,Wed,Vivo,4,69675.65,Radha Mathur,20,Madurai,Cash,5,Vivo Y51
63,1/26/1900,1/9/1900,7/13/1905,Wed,Vivo,9,38919.17,Lata Shah,31,Gorakhpur,Credit Card,5,Vivo V20
64,1/26/1900,1/9/1900,7/13/1905,Wed,Apple,4,55360.25,Sumit Ghosh,35,Ludhiana,UPI,4,iPhone SE
65,1/27/1900,1/9/1900,7/13/1905,Thu,Apple,5,37138.84,Tanuja Dutta,44,Kanpur,UPI,5,iPhone SE
66,1/27/1900,1/9/1900,7/13/1905,Thu,Xiaomi,7,12590.22,Ramesh Kumar,27,Ludhiana,Debit Card,4,Redmi 9
67,1/27/1900,1/9/1900,7/13/1905,Thu,OnePlus,4,28576.04,Sunil Luthra,32,Indore,UPI,5,OnePlus Nord
68,1/28/1900,1/9/1900,7/13/1905,Fri,Xiaomi,1,29206.61,Kavita Solanki,36,Kanpur,Credit Card,5,Redmi 9
69,1/28/1900,1/9/1900,7/13/1905,Fri,Apple,9,60301.17,Meena Thakur,26,Chennai,Cash,5,iPhone 12
70,1/28/1900,1/9/1900,7/13/1905,Friday,Apple,4,49253.8,Pooja Reddy,21,Delhi,Cash,5,iPhone 12
71,1/28/1900,1/9/1900,7/13/1905,Friday,Samsung,9,26525.79,Ayesha Ghosh,32,Ranchi,UPI,3,Galaxy Note 20
72,1/29/1900,1/9/1900,7/13/1905,Saturday,Apple,6,68064.4,Yogesh Ahuja,25,Patna,UPI,4,iPhone 12
73,1/29/1900,1/9/1900,7/13/1905,Saturday,Samsung,1,29292.51,Nikhil Bhattacharya,18,Delhi,UPI,5,Galaxy Note 20
74,1/29/1900,1/9/1900,7/13/1905,Saturday,OnePlus,3,69894.04,Sunil Das,24,Delhi,Debit Card,4,OnePlus Nord
75,1/30/1900,1/9/1900,7/13/1905,Sunday,Xiaomi,2,69769.82,Shruti Iyer,48,Mumbai,UPI,3,Redmi Note 10
76,1/30/1900,1/9/1900,7/13/1905,Sunday,Xiaomi,9,21472.63,Sunita Arora,35,Mumbai,UPI,5,Redmi Note 10
77,1/30/1900,1/9/1900,7/13/1905,Sunday,Samsung,1,28764.47,Deepika Deshmukh,29,Mumbai,Debit Card,3,Galaxy A51
78,1/30/1900,1/9/1900,7/13/1905,Sunday,Xiaomi,9,39162.65,Kiran Malhotra,47,Chennai,Credit Card,2,Redmi 9
79,12/31/1899,1/10/1900,7/13/1905,Monday,Apple,9,49846.04,Bina Mishra,50,Lucknow,Debit Card,3,iPhone SE
80,12/31/1899,1/10/1900,7/13/1905,Monday,Vivo,8,41682.85,Monika Srivastava,24,Chennai,Cash,5,Vivo Y51
81,12/31/1899,1/10/1900,7/13/1905,Monday,Samsung,8,68166.49,Prashant Dutta,45,Gorakhpur,Debit Card,5,Galaxy Note 20
82,12/31/1899,1/10/1900,7/13/1905,Monday,Xiaomi,1,53439.35,Vinod Pathak,20,Bhopal,Debit Card,5,Redmi Note 10
83,1/1/1900,1/10/1900,7/13/1905,Tuesday,Samsung,8,22722.69,Sunil Luthra,23,Delhi,Credit Card,4,Galaxy A51
84,1/1/1900,1/10/1900,7/13/1905,Tuesday,Samsung,3,16305.85,Sunil Kapoor,48,Delhi,Credit Card,2,Galaxy S21
85,1/1/1900,1/10/1900,7/13/1905,Tuesday,Vivo,7,51304.08,Namita Roy,55,Delhi,UPI,4,Vivo S1
86,1/1/1900,1/10/1900,7/13/1905,Tuesday,Apple,1,19507.15,Sneha Mishra,32,Bangalore,Debit Card,5,iPhone SE
87,1/2/1900,1/10/1900,7/13/1905,Wednesday,Samsung,1,57260.61,Sanjay Bhattacharya,24,Patna,Credit Card,5,Galaxy A51
88,1/2/1900,1/10/1900,7/13/1905,Wednesday,Xiaomi,5,28662.2,Sneha Rao,47,Delhi,Cash,3,Redmi 9
89,1/2/1900,1/10/1900,7/13/1905,Wednesday,OnePlus,5,29613.6,Namita Bhatnagar,44,Delhi,UPI,5,OnePlus Nord
90,1/2/1900,1/10/1900,7/13/1905,Wednesday,Samsung,8,10647.9,Pooja Roy,34,Delhi,Debit Card,5,Galaxy Note 20
91,1/3/1900,1/10/1900,7/13/1905,Thursday,Samsung,7,52060.68,Devendra Jain,35,Jodhpur,Cash,5,Galaxy S21
92,1/3/1900,1/10/1900,7/13/1905,Thursday,Vivo,8,16796.19,Neeta Sharma,39,Bangalore,Credit Card,5,Vivo S1
93,1/3/1900,1/10/1900,7/13/1905,Thursday,Apple,6,56372.83,Sumit Sheth,43,Indore,UPI,3,iPhone 11
94,1/3/1900,1/10/1900,7/13/1905,Thursday,OnePlus,6,39512.07,Bina Deshmukh,44,Mumbai,Cash,4,OnePlus 8T
95,1/4/1900,1/10/1900,7/13/1905,Friday,Xiaomi,2,57056.79,Ravi Arora,57,Mumbai,Debit Card,2,Redmi 9
96,1/4/1900,1/10/1900,7/13/1905,Friday,OnePlus,6,45035.59,Anjali Pathak,41,Ranchi,Cash,4,OnePlus Nord
97,1/4/1900,1/10/1900,7/13/1905,Friday,Xiaomi,5,14946,Rajesh Menon,25,Madurai,UPI,3,Mi 11
98,1/4/1900,1/10/1900,7/13/1905,Friday,Apple,3,55939.14,Reena Chatterjee,38,Hyderabad,Debit Card,5,iPhone SE
99,1/5/1900,1/10/1900,7/13/1905,Saturday,Xiaomi,6,14187.97,Nikhil Pathak,46,Patna,Debit Card,4,Mi 11
100,1/5/1900,1/10/1900,7/13/1905,Saturday,Vivo,8,38722.1,Krishna Bhattacharya,38,Gorakhpur,Cash,2,Vivo S1
101,1/5/1900,1/10/1900,7/13/1905,Saturday,Vivo,9,20340.95,Ayesha Thakur,20,Indore,UPI,3,Vivo Y51
102,1/5/1900,1/10/1900,7/13/1905,Saturday,Vivo,1,55140.11,Bina Nair,48,Ludhiana,Debit Card,5,Vivo S1
103,1/6/1900,1/10/1900,7/13/1905,Sunday,Vivo,3,64695.47,Krishna Malhotra,44,Vadodara,UPI,3,Vivo Y51
104,1/6/1900,1/10/1900,7/13/1905,Sunday,OnePlus,3,43247.57,Mala Das,44,Gorakhpur,Credit Card,5,OnePlus 9
105,1/6/1900,1/10/1900,7/13/1905,Sunday,Apple,8,41628.84,Anita Bhattacharya,26,Ranchi,Cash,2,iPhone SE
106,1/6/1900,1/10/1900,7/13/1905,Sunday,Xiaomi,1,55837.79,Nikhil Solanki,50,Mumbai,UPI,3,Redmi 9
107,1/7/1900,1/10/1900,7/13/1905,Monday,Xiaomi,5,10304.73,Shruti Bhatnagar,50,Indore,Credit Card,5,Mi 11
108,1/7/1900,1/10/1900,7/13/1905,Monday,Vivo,3,65065.52,Kiran Goyal,43,Delhi,Credit Card,5,Vivo S1
109,1/7/1900,1/10/1900,7/13/1905,Monday,Vivo,2,21846.93,Kiran Prasad,45,Rajkot,UPI,3,Vivo V20
110,1/8/1900,1/10/1900,7/13/1905,Tuesday,Samsung,8,69047.13,Sunil Jain,48,Gorakhpur,UPI,5,Galaxy S21
111,1/8/1900,1/10/1900,7/13/1905,Tuesday,Apple,3,54175.24,Manoj Rathod,18,Bhopal,Cash,3,iPhone 11
112,1/8/1900,1/10/1900,7/13/1905,Tuesday,OnePlus,7,56455.07,Tapan Gupta,37,Gorakhpur,Cash,5,OnePlus 8T
113,1/9/1900,1/10/1900,7/13/1905,Wednesday,Xiaomi,1,49372.18,Anjali Pathak,29,Delhi,Debit Card,3,Redmi 9
114,1/9/1900,1/10/1900,7/13/1905,Wednesday,Samsung,6,38299.79,Isha Desai,34,Kanpur,Cash,5,Galaxy Note 20
115,1/9/1900,1/10/1900,7/13/1905,Wednesday,Samsung,3,44297.66,Vinod Goyal,32,Mumbai,UPI,4,Galaxy S21
116,1/9/1900,1/10/1900,7/13/1905,Wednesday,Xiaomi,8,12784.17,Krishna Rathod,51,Delhi,Debit Card,3,Redmi Note 10
117,1/10/1900,1/10/1900,7/13/1905,Thursday,OnePlus,6,47437.57,Jyoti Alva,33,Delhi,Credit Card,5,OnePlus Nord
118,1/10/1900,1/10/1900,7/13/1905,Thursday,Samsung,2,47565.89,Pankaj Mehta,21,Delhi,Credit Card,3,Galaxy S21
119,1/10/1900,1/10/1900,7/13/1905,Thursday,Samsung,6,63472.05,Anjali Srivastava,25,Gorakhpur,UPI,5,Galaxy Note 20
120,1/10/1900,1/10/1900,7/13/1905,Thursday,Apple,7,40339.38,Anita Pathak,51,Chennai,Debit Card,2,iPhone SE
121,1/11/1900,1/10/1900,7/13/1905,Friday,OnePlus,5,14628.66,Arun Verma,42,Kolkata,Debit Card,3,OnePlus Nord
122,1/11/1900,1/10/1900,7/13/1905,Friday,Samsung,3,28371.76,Yogesh Luthra,32,Hyderabad,Cash,5,Galaxy A51
123,1/11/1900,1/10/1900,7/13/1905,Friday,OnePlus,4,49337.76,Sachin Joshi,45,Mumbai,Credit Card,5,OnePlus 8T
124,1/11/1900,1/10/1900,7/13/1905,Friday,Xiaomi,4,24355.53,Sumit Arora,26,Delhi,Credit Card,2,Redmi 9
125,1/12/1900,1/10/1900,7/13/1905,Saturday,Vivo,6,26831.67,Sunil Rawat,19,Delhi,Cash,3,Vivo S1
126,1/12/1900,1/10/1900,7/13/1905,Saturday,Samsung,1,59228.14,Pankaj Desai,34,Rajkot,Credit Card,4,Galaxy S21
127,1/12/1900,1/10/1900,7/13/1905,Saturday,Apple,4,45059.18,Kiran Solanki,27,Delhi,Cash,5,iPhone 12
128,1/13/1900,1/10/1900,7/13/1905,Sunday,Xiaomi,4,40511.65,Prashant Luthra,26,Madurai,Credit Card,5,Redmi 9
129,1/13/1900,1/10/1900,7/13/1905,Sunday,OnePlus,1,29107.12,Meena Mathur,48,Rajkot,Credit Card,5,OnePlus 8T
130,1/13/1900,1/10/1900,7/13/1905,Sunday,Xiaomi,9,53855.68,Kavita Patel,19,Chennai,Credit Card,5,Mi 11
131,1/13/1900,1/10/1900,7/13/1905,Sunday,Samsung,4,27263.11,Sanjay Pathak,41,Jodhpur,Cash,3,Galaxy Note 20
132,1/14/1900,1/10/1900,7/13/1905,Monday,OnePlus,7,54223.81,Ravi Ghosh,36,Ranchi,Credit Card,5,OnePlus 8T
133,1/14/1900,1/10/1900,7/13/1905,Monday,Vivo,3,14206.09,Vinod Joshi,34,Coimbatore,Credit Card,3,Vivo V20
134,1/14/1900,1/10/1900,7/13/1905,Monday,Xiaomi,3,61872.48,Tanuja Goyal,27,Mumbai,Debit Card,4,Mi 11
135,1/15/1900,1/10/1900,7/13/1905,Tuesday,Samsung,8,39973.99,Pankaj Desai,45,Mumbai,Credit Card,3,Galaxy Note 20
136,1/15/1900,1/10/1900,7/13/1905,Tuesday,Apple,8,36310.48,Isha Desai,55,Delhi,UPI,3,iPhone SE
137,1/15/1900,1/10/1900,7/13/1905,Tuesday,OnePlus,1,46661.4,Krishna Jain,45,Bangalore,Credit Card,3,OnePlus 8T
138,1/16/1900,1/10/1900,7/13/1905,Wednesday,Xiaomi,2,47451.52,Tanuja Mathur,18,Delhi,Credit Card,5,Mi 11
139,1/16/1900,1/10/1900,7/13/1905,Wednesday,Xiaomi,8,17922.11,Anand Kapoor,20,Mumbai,Debit Card,2,Mi 11
140,1/16/1900,1/10/1900,7/13/1905,Wednesday,Vivo,1,55374.02,Neeta Kulkarni,32,Mumbai,Debit Card,5,Vivo Y51
141,1/17/1900,1/10/1900,7/13/1905,Thursday,Vivo,8,26555.7,Sachin Varma,27,Lucknow,Cash,5,Vivo V20
142,1/17/1900,1/10/1900,7/13/1905,Thursday,Apple,8,64297.71,Sumit Verma,38,Patna,Cash,5,iPhone SE
143,1/17/1900,1/10/1900,7/13/1905,Thursday,Apple,2,59071.04,Kavita Jain,54,Kolkata,UPI,5,iPhone 12
144,1/18/1900,1/10/1900,7/13/1905,Friday,Samsung,4,30775.96,Reena Bhatnagar,32,Gorakhpur,Debit Card,5,Galaxy A51
145,1/18/1900,1/10/1900,7/13/1905,Friday,Samsung,6,58464.36,Anjali Ahuja,40,Mumbai,Cash,5,Galaxy A51
146,1/18/1900,1/10/1900,7/13/1905,Friday,Apple,9,31383.43,Prashant Teja,31,Mumbai,Cash,5,iPhone SE
147,1/19/1900,1/10/1900,7/13/1905,Saturday,Apple,8,16056.86,Rajesh Kaur,32,Indore,Cash,5,iPhone SE
148,1/19/1900,1/10/1900,7/13/1905,Saturday,OnePlus,8,67713.29,Anita Prasad,27,Ludhiana,Debit Card,3,OnePlus 9
149,1/19/1900,1/10/1900,7/13/1905,Saturday,Vivo,7,49156.12,Mala Teja,26,Delhi,Debit Card,5,Vivo S1
150,1/19/1900,1/10/1900,7/13/1905,Saturday,Samsung,9,37365.97,Tanuja Goyal,56,Delhi,UPI,4,Galaxy Note 20
151,1/20/1900,1/10/1900,7/13/1905,Sunday,Vivo,2,33866.4,Reena Rao,22,Ranchi,Debit Card,5,Vivo Y51
152,1/20/1900,1/10/1900,7/13/1905,Sunday,Vivo,3,29482.32,Tanuja Shah,42,Coimbatore,Debit Card,5,Vivo S1
153,1/20/1900,1/10/1900,7/13/1905,Sunday,Apple,8,68886.86,Radha Jain,59,Hyderabad,Debit Card,5,iPhone 11
154,1/20/1900,1/10/1900,7/13/1905,Sunday,OnePlus,6,18084.84,Monika Ahuja,43,Delhi,UPI,5,OnePlus 8T
155,1/21/1900,1/10/1900,7/13/1905,Monday,Xiaomi,9,28888.3,Kavita Goyal,25,Ludhiana,Credit Card,5,Redmi 9
156,1/21/1900,1/10/1900,7/13/1905,Monday,OnePlus,4,39129.86,Priya Roy,39,Coimbatore,Credit Card,5,OnePlus Nord
157,1/21/1900,1/10/1900,7/13/1905,Monday,OnePlus,8,38679.97,Pooja Dutta,42,Delhi,Cash,5,OnePlus Nord
158,1/21/1900,1/10/1900,7/13/1905,Monday,Vivo,3,38281.99,Namita Das,29,Gorakhpur,Credit Card,5,Vivo V20
159,1/22/1900,1/10/1900,7/13/1905,Tuesday,OnePlus,3,20547.03,Nikhil Bhatnagar,26,Kolkata,Credit Card,3,OnePlus Nord
160,1/22/1900,1/10/1900,7/13/1905,Tuesday,Samsung,8,18695.95,Sanjay Sheth,27,Patna,UPI,4,Galaxy A51
161,1/22/1900,1/10/1900,7/13/1905,Tuesday,Vivo,5,25286.06,Radha Rao,27,Madurai,UPI,5,Vivo V20
162,1/22/1900,1/10/1900,7/13/1905,Tuesday,Samsung,3,64871.57,Lata Iyer,26,Mumbai,Credit Card,5,Galaxy Note 20
163,1/23/1900,1/10/1900,7/13/1905,Wednesday,Xiaomi,1,16783.18,Ravi Arora,43,Mumbai,Credit Card,3,Redmi Note 10
164,1/23/1900,1/10/1900,7/13/1905,Wednesday,Vivo,3,55445.51,Namita Desai,52,Mumbai,Credit Card,5,Vivo Y51
165,1/23/1900,1/10/1900,7/13/1905,Wednesday,Xiaomi,9,55452.9,Pooja Joshi,44,Ludhiana,Cash,5,Redmi Note 10
166,1/23/1900,1/10/1900,7/13/1905,Wednesday,Vivo,5,58586.22,Reena Deshmukh,48,Delhi,UPI,5,Vivo S1
167,1/24/1900,1/10/1900,7/13/1905,Thursday,Apple,2,63196.93,Pooja Thakur,36,Delhi,Credit Card,5,iPhone 12
168,1/24/1900,1/10/1900,7/13/1905,Thursday,OnePlus,7,25782.17,Bhavana Kapoor,55,Mumbai,Debit Card,5,OnePlus Nord
169,1/24/1900,1/10/1900,7/13/1905,Thursday,Apple,2,23473.57,Namita Desai,23,Lucknow,Credit Card,5,iPhone 11
170,1/25/1900,1/10/1900,7/13/1905,Friday,Xiaomi,4,37930.34,Amit Dutta,32,Vadodara,Debit Card,5,Redmi 9
171,1/25/1900,1/10/1900,7/13/1905,Friday,OnePlus,7,25905.35,Sanjay Bhattacharya,46,Delhi,Cash,5,OnePlus 9
172,1/25/1900,1/10/1900,7/13/1905,Friday,Vivo,4,54058.6,Shruti Chaudhary,22,Delhi,Debit Card,5,Vivo V20
173,1/25/1900,1/10/1900,7/13/1905,Friday,OnePlus,7,48156.37,Sumit Reddy,31,Patna,UPI,5,OnePlus 8T
174,1/26/1900,1/10/1900,7/13/1905,Saturday,Samsung,7,62499.26,Bina Goyal,19,Indore,Cash,5,Galaxy A51
175,1/26/1900,1/10/1900,7/13/1905,Saturday,OnePlus,1,14964.3,Anita Prasad,40,Chennai,Cash,5,OnePlus 8T
176,1/26/1900,1/10/1900,7/13/1905,Saturday,Samsung,6,64905,Reena Dutta,36,Bangalore,Credit Card,5,Galaxy A51
177,1/26/1900,1/10/1900,7/13/1905,Saturday,OnePlus,9,27600.92,Vivek Srivastava,41,Coimbatore,Cash,3,OnePlus Nord
178,1/27/1900,1/10/1900,7/13/1905,Sunday,Samsung,2,39441.66,Kavita Desai,37,Delhi,Cash,5,Galaxy Note 20
179,1/27/1900,1/10/1900,7/13/1905,Sunday,Xiaomi,3,36316.69,Anjali Thakur,44,Mumbai,Debit Card,5,Mi 11
180,1/27/1900,1/10/1900,7/13/1905,Sunday,Apple,5,55618.7,Vijay Sheth,41,Delhi,Credit Card,4,iPhone SE
181,1/28/1900,1/10/1900,7/13/1905,Monday,Vivo,9,35220,Vivek Nair,34,Gorakhpur,UPI,5,Vivo Y51
182,1/28/1900,1/10/1900,7/13/1905,Monday,OnePlus,4,66613.19,Sneha Jain,42,Delhi,Credit Card,4,OnePlus Nord
183,1/28/1900,1/10/1900,7/13/1905,Monday,Apple,1,64152.03,Nikhil Pathak,48,Lucknow,UPI,3,iPhone 11
184,1/28/1900,1/10/1900,7/13/1905,Monday,Vivo,4,62329.67,Manoj Mehta,45,Delhi,Debit Card,5,Vivo Y51
185,1/29/1900,1/10/1900,7/13/1905,Tuesday,Vivo,6,14275.5,Lalita Patel,45,Kolkata,Cash,3,Vivo Y51
186,1/29/1900,1/10/1900,7/13/1905,Tuesday,Samsung,5,61255.48,Nikhil Jain,39,Patna,Cash,5,Galaxy S21
187,1/29/1900,1/10/1900,7/13/1905,Tuesday,Xiaomi,1,56898.13,Lata Chaudhary,22,Delhi,Credit Card,5,Mi 11
188,12/31/1899,1/11/1900,7/13/1905,Wednesday,Xiaomi,4,16210.78,Neeta Menon,59,Jodhpur,Credit Card,3,Redmi Note 10
189,12/31/1899,1/11/1900,7/13/1905,Wednesday,Apple,6,16444.86,Sachin Yadav,25,Chennai,Credit Card,3,iPhone SE
190,12/31/1899,1/11/1900,7/13/1905,Wednesday,Xiaomi,4,16069.83,Sachin Goyal,55,Bangalore,Cash,3,Redmi 9
191,12/31/1899,1/11/1900,7/13/1905,Wednesday,OnePlus,9,10679.96,Shruti Chaudhary,45,Jodhpur,Cash,5,OnePlus 8T
192,1/1/1900,1/11/1900,7/13/1905,Thursday,Xiaomi,5,42918.06,Sneha Prasad,29,Delhi,Debit Card,5,Redmi Note 10
193,1/1/1900,1/11/1900,7/13/1905,Thursday,Apple,8,68403.66,Sunil Varma,42,Chennai,UPI,5,iPhone SE
194,1/1/1900,1/11/1900,7/13/1905,Thursday,Xiaomi,9,36321.08,Krishna Roy,55,Jodhpur,Credit Card,5,Redmi Note 10
195,1/2/1900,1/11/1900,7/13/1905,Friday,OnePlus,5,42445.45,Vinod Kumar,32,Mumbai,Cash,5,OnePlus 9
196,1/2/1900,1/11/1900,7/13/1905,Friday,Samsung,6,68078.19,Sanjay Das,58,Jodhpur,UPI,5,Galaxy A51
197,1/2/1900,1/11/1900,7/13/1905,Friday,Apple,1,25310.93,Neeta Menon,51,Delhi,Credit Card,3,iPhone 12
198,1/2/1900,1/11/1900,7/13/1905,Friday,Samsung,7,61508.22,Anand Bhattacharya,30,Delhi,Credit Card,4,Galaxy S21
199,1/3/1900,1/11/1900,7/13/1905,Saturday,Samsung,4,42783.43,Tanuja Ahuja,25,Mumbai,UPI,5,Galaxy A51
200,1/3/1900,1/11/1900,7/13/1905,Saturday,Samsung,2,44168.59,Navin Verma,30,Madurai,UPI,5,Galaxy Note 20
201,1/3/1900,1/11/1900,7/13/1905,Saturday,Vivo,5,30590.43,Bhavana Varma,53,Gorakhpur,UPI,5,Vivo Y51
202,1/3/1900,1/11/1900,7/13/1905,Saturday,Vivo,3,43695.06,Neeta Ghosh,23,Lucknow,Cash,5,Vivo V20
203,1/4/1900,1/11/1900,7/13/1905,Sunday,Samsung,6,14388.55,Umesh Dutta,55,Hyderabad,Debit Card,5,Galaxy Note 20
204,1/4/1900,1/11/1900,7/13/1905,Sunday,Apple,8,55878.61,Lalita Dutta,49,Bhopal,Credit Card,4,iPhone SE
205,1/4/1900,1/11/1900,7/13/1905,Sunday,OnePlus,7,27081.27,Kiran Mathur,38,Delhi,Credit Card,5,OnePlus Nord
206,1/5/1900,1/11/1900,7/13/1905,Monday,OnePlus,3,63256.5,Sumit Malhotra,24,Mumbai,UPI,5,OnePlus Nord
207,1/5/1900,1/11/1900,7/13/1905,Monday,Xiaomi,8,32071.04,Sneha Jain,43,Rajkot,Cash,5,Redmi Note 10
208,1/5/1900,1/11/1900,7/13/1905,Monday,Apple,2,18569.45,Sanjay Pathak,32,Delhi,UPI,4,iPhone SE
209,1/6/1900,1/11/1900,7/13/1905,Tuesday,Vivo,9,51752.89,Bhavana Yadav,59,Delhi,Cash,5,Vivo V20
210,1/6/1900,1/11/1900,7/13/1905,Tuesday,Samsung,4,19874.69,Sanjay Sheth,40,Ranchi,Debit Card,5,Galaxy S21
211,1/6/1900,1/11/1900,7/13/1905,Tuesday,Xiaomi,1,55220.83,Navin Sharma,55,Ranchi,Credit Card,5,Redmi 9
212,1/7/1900,1/11/1900,7/13/1905,Wednesday,OnePlus,8,68086.73,Priya Teja,58,Delhi,Credit Card,4,OnePlus Nord
213,1/7/1900,1/11/1900,7/13/1905,Wednesday,Vivo,7,56773.17,Sunita Teja,32,Chennai,Cash,5,Vivo V20
214,1/7/1900,1/11/1900,7/13/1905,Wednesday,Vivo,5,11346.95,Priya Varma,57,Bhopal,Debit Card,4,Vivo S1
215,1/8/1900,1/11/1900,7/13/1905,Thursday,Samsung,5,45993.15,Ravi Sharma,33,Mumbai,Debit Card,3,Galaxy Note 20
216,1/8/1900,1/11/1900,7/13/1905,Thursday,OnePlus,7,51724.64,Lalita Shah,49,Madurai,Credit Card,5,OnePlus 9
217,1/8/1900,1/11/1900,7/13/1905,Thursday,Apple,5,59527.5,Radha Jain,54,Bangalore,Credit Card,5,iPhone 12
218,1/9/1900,1/11/1900,7/13/1905,Friday,Vivo,8,13360.14,Lalita Ahuja,35,Delhi,UPI,5,Vivo S1
219,1/9/1900,1/11/1900,7/13/1905,Friday,Samsung,6,38806.47,Aditya Deshmukh,37,Jodhpur,Cash,4,Galaxy A51
220,1/9/1900,1/11/1900,7/13/1905,Friday,Apple,5,42122.25,Sumit Verma,19,Jodhpur,Credit Card,4,iPhone 12
221,1/10/1900,1/11/1900,7/13/1905,Saturday,OnePlus,9,20147.49,Kiran Rathod,40,Chennai,Debit Card,4,OnePlus 9
222,1/10/1900,1/11/1900,7/13/1905,Saturday,Vivo,2,29346.99,Krishna Menon,47,Ranchi,Debit Card,5,Vivo V20
223,1/10/1900,1/11/1900,7/13/1905,Saturday,Apple,1,36413.3,Pankaj Mehta,20,Gorakhpur,Credit Card,5,iPhone SE
224,1/11/1900,1/11/1900,7/13/1905,Sunday,Apple,8,59992.58,Sanjay Joshi,56,Ludhiana,Debit Card,5,iPhone 12
225,1/11/1900,1/11/1900,7/13/1905,Sunday,Apple,3,65764.45,Pankaj Shah,18,Delhi,Cash,5,iPhone 11
226,1/11/1900,1/11/1900,7/13/1905,Sunday,Vivo,7,47705.37,Monika Deshmukh,58,Bangalore,Debit Card,4,Vivo Y51
227,1/12/1900,1/11/1900,7/13/1905,Monday,Vivo,8,33696.71,Bhavana Jain,39,Delhi,Debit Card,3,Vivo S1
228,1/12/1900,1/11/1900,7/13/1905,Monday,Xiaomi,6,25241.86,Ramesh Nambiar,46,Delhi,Credit Card,5,Redmi Note 10
229,1/12/1900,1/11/1900,7/13/1905,Monday,OnePlus,9,68928.11,Sunil Gupta,31,Delhi,Cash,4,OnePlus 9
230,1/12/1900,1/11/1900,7/13/1905,Monday,Samsung,7,68981.2,Nikhil Rathod,45,Jodhpur,Cash,5,Galaxy Note 20
231,1/13/1900,1/11/1900,7/13/1905,Tuesday,Apple,5,65498.62,Vijay Shah,38,Indore,UPI,4,iPhone 12
232,1/13/1900,1/11/1900,7/13/1905,Tuesday,Xiaomi,8,57140.15,Bhavana Jain,49,Delhi,Cash,5,Redmi 9
233,1/13/1900,1/11/1900,7/13/1905,Tuesday,Samsung,2,29546.77,Vivek Yadav,23,Delhi,UPI,5,Galaxy A51
234,1/13/1900,1/11/1900,7/13/1905,Tuesday,Xiaomi,7,59020.03,Manoj Siddiqui,18,Delhi,Credit Card,5,Redmi 9
235,1/14/1900,1/11/1900,7/13/1905,Wednesday,Vivo,4,34527.58,Isha Menon,38,Ranchi,Debit Card,5,Vivo V20
236,1/14/1900,1/11/1900,7/13/1905,Wednesday,Apple,9,29606.39,Mala Das,21,Mumbai,Cash,5,iPhone 12
237,1/14/1900,1/11/1900,7/13/1905,Wednesday,Samsung,1,54691.92,Kunal Malhotra,20,Ludhiana,UPI,5,Galaxy Note 20
238,1/15/1900,1/11/1900,7/13/1905,Thursday,Samsung,7,14779.24,Sunita Thakur,47,Patna,Cash,5,Galaxy Note 20
239,1/15/1900,1/11/1900,7/13/1905,Thursday,Samsung,6,12913.76,Yogesh Dutta,48,Delhi,Credit Card,3,Galaxy A51
240,1/15/1900,1/11/1900,7/13/1905,Thursday,Samsung,8,36877.22,Isha Thakur,51,Delhi,UPI,5,Galaxy S21
241,1/15/1900,1/11/1900,7/13/1905,Thursday,Samsung,5,36738.33,Krishna Rathod,36,Delhi,UPI,5,Galaxy S21
242,1/16/1900,1/11/1900,7/13/1905,Friday,Xiaomi,1,63738.65,Krishna Rawat,37,Mumbai,UPI,5,Redmi 9
243,1/16/1900,1/11/1900,7/13/1905,Friday,Apple,1,17569.19,Manoj Thakur,40,Patna,Credit Card,4,iPhone SE
244,1/16/1900,1/11/1900,7/13/1905,Friday,Vivo,9,17397.04,Reena Rao,57,Kanpur,UPI,5,Vivo Y51
245,1/16/1900,1/11/1900,7/13/1905,Friday,Vivo,6,18847.16,Anjali Nambiar,42,Kanpur,Debit Card,5,Vivo Y51
246,1/17/1900,1/11/1900,7/13/1905,Saturday,Vivo,5,11784.18,Pooja Arora,32,Delhi,Credit Card,3,Vivo S1
247,1/17/1900,1/11/1900,7/13/1905,Saturday,Vivo,1,14303.9,Jyoti Varma,55,Mumbai,Debit Card,5,Vivo V20
248,1/17/1900,1/11/1900,7/13/1905,Saturday,Xiaomi,6,49592.19,Tapan Chatterjee,40,Delhi,Debit Card,4,Mi 11
249,1/17/1900,1/11/1900,7/13/1905,Saturday,OnePlus,6,35895.06,Pooja Arora,19,Bangalore,Credit Card,5,OnePlus Nord
250,1/18/1900,1/11/1900,7/13/1905,Sunday,Apple,3,55816.18,Bhavana Prasad,32,Bhopal,Cash,5,iPhone 12
251,1/18/1900,1/11/1900,7/13/1905,Sunday,Samsung,8,69555.86,Manoj Dutta,52,Kanpur,Debit Card,5,Galaxy A51
252,1/18/1900,1/11/1900,7/13/1905,Sunday,OnePlus,1,49542.08,Rajesh Shah,27,Gorakhpur,Credit Card,5,OnePlus 9
253,1/18/1900,1/11/1900,7/13/1905,Sunday,Vivo,1,13027.33,Bina Singh,31,Coimbatore,Debit Card,4,Vivo Y51
254,1/19/1900,1/11/1900,7/13/1905,Monday,OnePlus,6,16273.77,Priya Teja,44,Delhi,UPI,5,OnePlus 9
255,1/19/1900,1/11/1900,7/13/1905,Monday,Apple,1,62860.25,Neeta Ahuja,31,Ranchi,Debit Card,5,iPhone 12
256,1/19/1900,1/11/1900,7/13/1905,Monday,Samsung,6,41649.76,Pankaj Gupta,52,Kolkata,Debit Card,5,Galaxy A51
257,1/20/1900,1/11/1900,7/13/1905,Tuesday,Samsung,1,59490.23,Bina Mishra,50,Delhi,Debit Card,5,Galaxy S21
258,1/20/1900,1/11/1900,7/13/1905,Tuesday,Apple,6,61396.74,Yogesh Shah,18,Mumbai,UPI,5,iPhone 11
259,1/20/1900,1/11/1900,7/13/1905,Tuesday,Apple,3,65660.47,Vijay Varma,51,Kanpur,Debit Card,4,iPhone SE
260,1/20/1900,1/11/1900,7/13/1905,Tuesday,Vivo,8,66989.75,Anita Srivastava,36,Bhopal,Credit Card,5,Vivo S1
261,1/21/1900,1/11/1900,7/13/1905,Wednesday,Samsung,6,43289.55,Kavita Teja,41,Delhi,Debit Card,5,Galaxy A51
262,1/21/1900,1/11/1900,7/13/1905,Wednesday,OnePlus,1,30461.21,Manoj Iyer,59,Mumbai,Credit Card,4,OnePlus Nord
263,1/21/1900,1/11/1900,7/13/1905,Wednesday,Xiaomi,5,67711.89,Deepika Sharma,21,Mumbai,Debit Card,4,Redmi 9
264,1/22/1900,1/11/1900,7/13/1905,Thursday,Xiaomi,8,42844.38,Rohan Gupta,53,Delhi,Debit Card,4,Redmi 9
265,1/22/1900,1/11/1900,7/13/1905,Thursday,Apple,3,13855.16,Bhavana Siddiqui,30,Indore,Debit Card,5,iPhone SE
266,1/22/1900,1/11/1900,7/13/1905,Thursday,Vivo,6,48566.59,Ravi Arora,49,Delhi,Cash,4,Vivo Y51
267,1/22/1900,1/11/1900,7/13/1905,Thursday,Xiaomi,5,45261.09,Sunil Kapoor,26,Kolkata,Cash,3,Mi 11
268,1/23/1900,1/11/1900,7/13/1905,Friday,Samsung,6,63747.57,Amit Ghosh,56,Ludhiana,UPI,5,Galaxy A51
269,1/23/1900,1/11/1900,7/13/1905,Friday,Apple,1,49191.23,Pooja Arora,33,Kanpur,Credit Card,4,iPhone 12
270,1/23/1900,1/11/1900,7/13/1905,Friday,OnePlus,7,30943.15,Manoj Jain,20,Mumbai,UPI,2,OnePlus Nord
271,1/23/1900,1/11/1900,7/13/1905,Friday,Apple,9,67973.54,Ramesh Nambiar,37,Coimbatore,Credit Card,3,iPhone SE
272,1/24/1900,1/11/1900,7/13/1905,Saturday,OnePlus,2,58097.17,Kiran Ghosh,27,Kanpur,UPI,2,OnePlus Nord
273,1/24/1900,1/11/1900,7/13/1905,Saturday,Apple,5,47825.06,Pooja Arora,39,Mumbai,UPI,5,iPhone 12
274,1/24/1900,1/11/1900,7/13/1905,Saturday,Apple,4,27575.51,Arun Sheth,20,Vadodara,Debit Card,5,iPhone 11
275,1/24/1900,1/11/1900,7/13/1905,Saturday,Apple,6,32412.42,Pooja Joshi,28,Delhi,Debit Card,5,iPhone 12
276,1/25/1900,1/11/1900,7/13/1905,Sunday,OnePlus,6,50198.2,Aditya Menon,42,Patna,Debit Card,5,OnePlus 9
277,1/25/1900,1/11/1900,7/13/1905,Sunday,OnePlus,2,14318.85,Pooja Solanki,59,Delhi,Debit Card,5,OnePlus 9
278,1/25/1900,1/11/1900,7/13/1905,Sunday,Apple,2,25400.84,Anita Bhattacharya,25,Delhi,Debit Card,5,iPhone 12
279,1/26/1900,1/11/1900,7/13/1905,Monday,Xiaomi,4,52834.06,Monika Nambiar,26,Delhi,UPI,3,Redmi 9
280,1/26/1900,1/11/1900,7/13/1905,Monday,Vivo,1,38801.11,Kiran Jain,32,Kanpur,Credit Card,5,Vivo Y51
281,1/26/1900,1/11/1900,7/13/1905,Monday,Vivo,9,34143.61,Umesh Rawat,49,Mumbai,Cash,3,Vivo V20
282,1/26/1900,1/11/1900,7/13/1905,Monday,Vivo,7,19087.46,Tapan Singh,20,Kanpur,Cash,4,Vivo Y51
283,1/27/1900,1/11/1900,7/13/1905,Tuesday,OnePlus,7,36510.94,Isha Ghosh,21,Chennai,Credit Card,3,OnePlus Nord
284,1/27/1900,1/11/1900,7/13/1905,Tuesday,OnePlus,3,56241.52,Jyoti Iyer,47,Lucknow,Cash,5,OnePlus Nord
285,1/27/1900,1/11/1900,7/13/1905,Tuesday,Xiaomi,3,25840.77,Monika Sharma,30,Delhi,UPI,5,Mi 11
286,1/28/1900,1/11/1900,7/13/1905,Wednesday,Vivo,1,10323.91,Nikhil Bhatnagar,38,Bangalore,Credit Card,3,Vivo S1
287,1/28/1900,1/11/1900,7/13/1905,Wednesday,Vivo,3,50110.29,Devendra Pathak,58,Jodhpur,Credit Card,5,Vivo Y51
288,1/28/1900,1/11/1900,7/13/1905,Wednesday,Apple,3,68357.6,Manoj Pathak,36,Hyderabad,Cash,3,iPhone 12
289,1/28/1900,1/11/1900,7/13/1905,Wednesday,OnePlus,4,46409.59,Anita Varma,56,Kanpur,Cash,5,OnePlus Nord
290,1/29/1900,1/11/1900,7/13/1905,Thursday,Vivo,4,17195.31,Shruti Sharma,39,Delhi,UPI,5,Vivo S1
291,1/29/1900,1/11/1900,7/13/1905,Thursday,Xiaomi,3,29243.99,Pooja Reddy,37,Mumbai,Debit Card,3,Mi 11
292,1/29/1900,1/11/1900,7/13/1905,Thursday,Xiaomi,8,62058.5,Tapan Ahuja,54,Gorakhpur,Credit Card,5,Redmi 9
293,1/30/1900,1/11/1900,7/13/1905,Friday,Vivo,8,23954.08,Sumit Alva,48,Vadodara,Debit Card,5,Vivo V20
294,1/30/1900,1/11/1900,7/13/1905,Friday,OnePlus,1,46461.75,Lata Rawat,27,Bangalore,Cash,5,OnePlus Nord
295,1/30/1900,1/11/1900,7/13/1905,Friday,Xiaomi,7,34160.27,Sneha Jain,35,Kanpur,Credit Card,5,Redmi 9
296,1/30/1900,1/11/1900,7/13/1905,Friday,Apple,2,22470.62,Gita Sheth,56,Hyderabad,Debit Card,3,iPhone SE
297,12/31/1899,12/31/1899,7/14/1905,Saturday,Xiaomi,1,58804.41,Priya Bhattacharya,37,Ranchi,UPI,5,Mi 11
298,12/31/1899,12/31/1899,7/14/1905,Saturday,Samsung,3,54569.88,Kavita Dutta,35,Delhi,UPI,5,Galaxy S21
299,12/31/1899,12/31/1899,7/14/1905,Saturday,Samsung,4,49695.46,Meena Joshi,28,Kolkata,UPI,4,Galaxy S21
300,1/1/1900,12/31/1899,7/14/1905,Sunday,OnePlus,6,24180.2,Vivek Siddiqui,39,Mumbai,Credit Card,5,OnePlus Nord
301,1/1/1900,12/31/1899,7/14/1905,Sunday,Vivo,5,15871.42,Deepika Desai,35,Mumbai,Credit Card,5,Vivo S1
302,1/1/1900,12/31/1899,7/14/1905,Sunday,OnePlus,4,44569.56,Anita Deshmukh,51,Lucknow,Credit Card,5,OnePlus 8T
303,1/2/1900,12/31/1899,7/14/1905,Monday,OnePlus,8,43220.67,Anita Bhattacharya,40,Patna,Credit Card,5,OnePlus 9
304,1/2/1900,12/31/1899,7/14/1905,Monday,OnePlus,4,21303.1,Rajesh Kapoor,18,Delhi,Credit Card,5,OnePlus Nord
305,1/2/1900,12/31/1899,7/14/1905,Monday,OnePlus,2,13374.8,Aditya Arora,27,Ranchi,Debit Card,5,OnePlus 9
306,1/2/1900,12/31/1899,7/14/1905,Monday,Apple,3,14842.51,Sunil Luthra,18,Mumbai,Debit Card,5,iPhone SE
307,1/3/1900,12/31/1899,7/14/1905,Tuesday,Apple,6,69566.26,Isha Dutta,55,Delhi,UPI,5,iPhone SE
308,1/3/1900,12/31/1899,7/14/1905,Tuesday,Xiaomi,8,57015.03,Bhavana Mishra,56,Lucknow,Debit Card,5,Mi 11
309,1/3/1900,12/31/1899,7/14/1905,Tuesday,Samsung,8,65319.25,Vinod Kaur,26,Lucknow,Debit Card,4,Galaxy S21
310,1/4/1900,12/31/1899,7/14/1905,Wednesday,OnePlus,9,21703.28,Anita Sharma,48,Bhopal,UPI,3,OnePlus 9
311,1/4/1900,12/31/1899,7/14/1905,Wednesday,Xiaomi,7,67634.11,Radha Ghosh,24,Mumbai,UPI,5,Redmi 9
312,1/4/1900,12/31/1899,7/14/1905,Wednesday,Samsung,2,18559.26,Tanuja Rao,34,Delhi,Cash,5,Galaxy A51
313,1/4/1900,12/31/1899,7/14/1905,Wednesday,Vivo,8,40544.91,Namita Reddy,52,Jodhpur,UPI,5,Vivo Y51
314,1/5/1900,12/31/1899,7/14/1905,Thursday,Apple,7,59781.74,Rohan Prasad,54,Ludhiana,Debit Card,5,iPhone SE
315,1/5/1900,12/31/1899,7/14/1905,Thursday,Samsung,8,30988.2,Priyanka Jain,35,Indore,Credit Card,5,Galaxy S21
316,1/5/1900,12/31/1899,7/14/1905,Thursday,Vivo,3,35489.71,Anita Rawat,50,Vadodara,UPI,5,Vivo Y51
317,1/5/1900,12/31/1899,7/14/1905,Thursday,Samsung,7,17691.11,Vivek Teja,21,Madurai,Cash,4,Galaxy S21
318,1/6/1900,12/31/1899,7/14/1905,Friday,Apple,9,17375.31,Anand Mehta,40,Bhopal,Debit Card,5,iPhone 11
319,1/6/1900,12/31/1899,7/14/1905,Friday,Apple,3,47174.09,Jyoti Mishra,28,Delhi,Cash,3,iPhone 12
320,1/6/1900,12/31/1899,7/14/1905,Friday,Xiaomi,6,50531.94,Krishna Jain,26,Kolkata,Cash,4,Redmi 9
321,1/6/1900,12/31/1899,7/14/1905,Friday,OnePlus,2,56639.95,Sneha Reddy,47,Ludhiana,Debit Card,3,OnePlus 9
322,1/7/1900,12/31/1899,7/14/1905,Saturday,Samsung,2,43400.92,Bhavana Srivastava,25,Madurai,Cash,5,Galaxy S21
323,1/7/1900,12/31/1899,7/14/1905,Saturday,Samsung,5,48745.56,Ramesh Jain,57,Jodhpur,Debit Card,5,Galaxy Note 20
324,1/7/1900,12/31/1899,7/14/1905,Saturday,Vivo,5,10811.04,Yogesh Sharma,22,Bhopal,Cash,4,Vivo V20
325,1/7/1900,12/31/1899,7/14/1905,Saturday,Apple,7,19730.24,Anjali Patel,29,Chennai,Credit Card,3,iPhone SE
326,1/8/1900,12/31/1899,7/14/1905,Sunday,Samsung,2,69094.89,Prashant Teja,18,Coimbatore,UPI,5,Galaxy Note 20
327,1/8/1900,12/31/1899,7/14/1905,Sunday,Apple,7,14559.61,Pooja Goyal,32,Indore,Credit Card,5,iPhone 11
328,1/8/1900,12/31/1899,7/14/1905,Sunday,Samsung,5,50727.29,Neeta Malhotra,42,Delhi,Credit Card,5,Galaxy S21
329,1/8/1900,12/31/1899,7/14/1905,Sunday,Xiaomi,6,20564.96,Krishna Menon,35,Chennai,Cash,5,Mi 11
330,1/9/1900,12/31/1899,7/14/1905,Monday,OnePlus,8,53003.12,Reena Das,55,Delhi,UPI,5,OnePlus Nord
331,1/9/1900,12/31/1899,7/14/1905,Monday,Samsung,4,52359.42,Ramesh Dutta,59,Mumbai,UPI,3,Galaxy S21
332,1/9/1900,12/31/1899,7/14/1905,Monday,Apple,7,24051.94,Harish Goyal,43,Mumbai,UPI,3,iPhone SE
333,1/9/1900,12/31/1899,7/14/1905,Monday,Xiaomi,6,26178.06,Bina Rawat,57,Mumbai,Cash,5,Redmi Note 10
334,1/10/1900,12/31/1899,7/14/1905,Tuesday,Samsung,2,49286.24,Sunil Mathur,20,Delhi,Credit Card,3,Galaxy S21
335,1/10/1900,12/31/1899,7/14/1905,Tuesday,Vivo,8,33405.16,Navin Solanki,39,Ranchi,Debit Card,5,Vivo Y51
336,1/10/1900,12/31/1899,7/14/1905,Tuesday,OnePlus,9,21672.88,Kavita Bhattacharya,43,Madurai,Debit Card,5,OnePlus 8T
337,1/10/1900,12/31/1899,7/14/1905,Tuesday,Samsung,5,53900.78,Priyanka Alva,36,Delhi,Debit Card,5,Galaxy Note 20
338,1/11/1900,12/31/1899,7/14/1905,Wednesday,Xiaomi,4,19248.85,Anand Bhattacharya,56,Bangalore,UPI,5,Redmi Note 10
339,1/11/1900,12/31/1899,7/14/1905,Wednesday,Vivo,6,61338.62,Rohan Rathod,53,Patna,Debit Card,5,Vivo Y51
340,1/11/1900,12/31/1899,7/14/1905,Wednesday,Xiaomi,8,40880.17,Devendra Arora,38,Delhi,Credit Card,3,Redmi 9
341,1/11/1900,12/31/1899,7/14/1905,Wednesday,Xiaomi,3,16342.04,Reena Desai,58,Delhi,Debit Card,3,Mi 11
342,1/12/1900,12/31/1899,7/14/1905,Thursday,Vivo,1,51644.34,Pankaj Singh,43,Delhi,UPI,5,Vivo S1
343,1/12/1900,12/31/1899,7/14/1905,Thursday,Xiaomi,4,41149.78,Pooja Joshi,30,Delhi,UPI,5,Mi 11
344,1/12/1900,12/31/1899,7/14/1905,Thursday,Vivo,4,27883.45,Priyanka Mishra,53,Indore,Debit Card,5,Vivo V20
345,1/12/1900,12/31/1899,7/14/1905,Thursday,Samsung,1,35352.36,Bhavana Rawat,41,Delhi,UPI,5,Galaxy Note 20
346,1/13/1900,12/31/1899,7/14/1905,Friday,Vivo,9,27900.26,Pooja Luthra,58,Delhi,Debit Card,4,Vivo S1
347,1/13/1900,12/31/1899,7/14/1905,Friday,Vivo,3,25781.55,Manoj Ahuja,43,Jodhpur,UPI,4,Vivo S1
348,1/13/1900,12/31/1899,7/14/1905,Friday,OnePlus,5,19816.51,Lata Rawat,38,Bangalore,Cash,3,OnePlus 8T
349,1/13/1900,12/31/1899,7/14/1905,Friday,Vivo,6,31766.03,Priyanka Sharma,35,Delhi,Cash,4,Vivo S1
350,1/14/1900,12/31/1899,7/14/1905,Saturday,Vivo,8,25059.23,Navin Malhotra,32,Ranchi,Credit Card,4,Vivo V20
351,1/14/1900,12/31/1899,7/14/1905,Saturday,Samsung,6,51006.07,Kavita Iyer,32,Madurai,Cash,5,Galaxy Note 20
352,1/14/1900,12/31/1899,7/14/1905,Saturday,OnePlus,3,51032.6,Anand Patel,23,Gorakhpur,Debit Card,5,OnePlus Nord
353,1/14/1900,12/31/1899,7/14/1905,Saturday,Apple,6,40110.41,Vijay Prasad,48,Ludhiana,UPI,5,iPhone 11
354,1/15/1900,12/31/1899,7/14/1905,Sunday,Samsung,1,56676.67,Umesh Ghosh,45,Rajkot,Credit Card,5,Galaxy Note 20
355,1/15/1900,12/31/1899,7/14/1905,Sunday,Samsung,4,60480.38,Manoj Rao,25,Gorakhpur,Debit Card,5,Galaxy Note 20
356,1/15/1900,12/31/1899,7/14/1905,Sunday,Apple,6,44785.99,Vivek Jain,46,Mumbai,Debit Card,5,iPhone 11
357,1/16/1900,12/31/1899,7/14/1905,Monday,Vivo,7,47136.11,Aditya Patel,38,Rajkot,Credit Card,5,Vivo Y51
358,1/16/1900,12/31/1899,7/14/1905,Monday,Xiaomi,3,26973.15,Harish Goyal,34,Mumbai,Credit Card,4,Redmi Note 10
359,1/16/1900,12/31/1899,7/14/1905,Monday,OnePlus,9,63692.15,Sumit Siddiqui,41,Mumbai,Debit Card,5,OnePlus 8T
360,1/17/1900,12/31/1899,7/14/1905,Tuesday,Xiaomi,7,11452.36,Bhavana Desai,53,Delhi,UPI,5,Redmi Note 10
361,1/17/1900,12/31/1899,7/14/1905,Tuesday,Apple,1,30916.15,Ravi Sheth,48,Lucknow,Debit Card,4,iPhone 11
362,1/17/1900,12/31/1899,7/14/1905,Tuesday,Samsung,2,53308.03,Ravi Patel,51,Kanpur,UPI,3,Galaxy A51
363,1/17/1900,12/31/1899,7/14/1905,Tuesday,Samsung,1,14805.37,Tapan Mishra,19,Delhi,Credit Card,5,Galaxy Note 20
364,1/18/1900,12/31/1899,7/14/1905,Wednesday,OnePlus,9,20990.17,Mala Verma,59,Bangalore,Debit Card,5,OnePlus 8T
365,1/18/1900,12/31/1899,7/14/1905,Wednesday,Samsung,9,45357.14,Gita Roy,20,Bhopal,Cash,3,Galaxy A51
366,1/18/1900,12/31/1899,7/14/1905,Wednesday,Samsung,7,43599.62,Vivek Rawat,47,Mumbai,Debit Card,4,Galaxy S21
367,1/18/1900,12/31/1899,7/14/1905,Wednesday,OnePlus,3,54335.7,Anita Menon,25,Ranchi,UPI,5,OnePlus 9
368,1/19/1900,12/31/1899,7/14/1905,Thursday,OnePlus,5,58756.76,Tapan Deshmukh,24,Delhi,Debit Card,4,OnePlus 9
369,1/19/1900,12/31/1899,7/14/1905,Thursday,Apple,4,17714.77,Shruti Thakur,29,Rajkot,UPI,4,iPhone 12
370,1/19/1900,12/31/1899,7/14/1905,Thursday,Samsung,7,11102.86,Reena Teja,36,Delhi,Cash,4,Galaxy A51
371,1/19/1900,12/31/1899,7/14/1905,Thursday,Samsung,9,51378.31,Isha Dutta,43,Chennai,Credit Card,5,Galaxy S21
372,1/20/1900,12/31/1899,7/14/1905,Friday,Apple,2,28083.51,Manoj Pathak,45,Vadodara,Cash,3,iPhone 12
373,1/20/1900,12/31/1899,7/14/1905,Friday,Vivo,8,47559.03,Tapan Bhattacharya,32,Hyderabad,UPI,3,Vivo V20
374,1/20/1900,12/31/1899,7/14/1905,Friday,Vivo,9,19032.68,Anjali Srivastava,31,Chennai,Credit Card,5,Vivo V20
375,1/20/1900,12/31/1899,7/14/1905,Friday,Vivo,9,38142.4,Anand Reddy,31,Gorakhpur,Credit Card,5,Vivo V20
376,1/21/1900,12/31/1899,7/14/1905,Saturday,Apple,7,40265.48,Bhavana Jain,20,Gorakhpur,Debit Card,4,iPhone 11
377,1/21/1900,12/31/1899,7/14/1905,Saturday,Samsung,9,45104.67,Tapan Rawat,46,Delhi,Cash,5,Galaxy Note 20
378,1/21/1900,12/31/1899,7/14/1905,Saturday,Apple,9,40790.2,Namita Sheth,23,Bangalore,UPI,3,iPhone 12
379,1/21/1900,12/31/1899,7/14/1905,Saturday,Apple,3,39741.45,Arun Luthra,40,Delhi,UPI,3,iPhone SE
380,1/22/1900,12/31/1899,7/14/1905,Sunday,Vivo,4,29964.05,Mala Roy,45,Jodhpur,Credit Card,4,Vivo S1
381,1/22/1900,12/31/1899,7/14/1905,Sunday,Xiaomi,2,14270.81,Devendra Varma,31,Mumbai,Debit Card,5,Mi 11
382,1/22/1900,12/31/1899,7/14/1905,Sunday,Samsung,3,15371.21,Ravi Dutta,31,Delhi,UPI,4,Galaxy A51
383,1/22/1900,12/31/1899,7/14/1905,Sunday,Vivo,5,36026.7,Ramesh Das,37,Vadodara,Debit Card,4,Vivo Y51
384,1/23/1900,12/31/1899,7/14/1905,Monday,Xiaomi,5,31347.59,Priya Roy,30,Hyderabad,Credit Card,5,Redmi Note 10
385,1/23/1900,12/31/1899,7/14/1905,Monday,Xiaomi,6,40968.09,Sumit Siddiqui,44,Delhi,Credit Card,5,Redmi Note 10
386,1/23/1900,12/31/1899,7/14/1905,Monday,OnePlus,7,28290.29,Bina Siddiqui,52,Kolkata,Credit Card,5,OnePlus Nord
387,1/23/1900,12/31/1899,7/14/1905,Monday,Samsung,7,51274.61,Kiran Rathod,19,Jodhpur,Debit Card,5,Galaxy A51
388,1/24/1900,12/31/1899,7/14/1905,Tuesday,Xiaomi,1,61837.29,Kunal Chaudhary,58,Lucknow,UPI,4,Redmi 9
389,1/24/1900,12/31/1899,7/14/1905,Tuesday,Vivo,2,27931.79,Vinod Malhotra,57,Kolkata,Cash,4,Vivo V20
390,1/24/1900,12/31/1899,7/14/1905,Tuesday,OnePlus,9,21579.04,Sneha Arora,41,Ludhiana,Debit Card,4,OnePlus 9
391,1/24/1900,12/31/1899,7/14/1905,Tuesday,Samsung,2,16970.83,Devendra Pathak,46,Mumbai,Credit Card,4,Galaxy A51
392,1/25/1900,12/31/1899,7/14/1905,Wednesday,Apple,6,46975.24,Radha Alva,20,Hyderabad,Cash,4,iPhone SE
393,1/25/1900,12/31/1899,7/14/1905,Wednesday,Vivo,1,36631.36,Krishna Nambiar,21,Gorakhpur,Cash,5,Vivo S1
394,1/25/1900,12/31/1899,7/14/1905,Wednesday,Xiaomi,3,21280.94,Vijay Jain,19,Gorakhpur,Cash,4,Redmi 9
395,1/26/1900,12/31/1899,7/14/1905,Thursday,Xiaomi,2,49188.2,Reena Deshmukh,37,Mumbai,Cash,3,Mi 11
396,1/26/1900,12/31/1899,7/14/1905,Thursday,Vivo,3,18908.99,Yogesh Alva,32,Vadodara,Cash,3,Vivo S1
397,1/26/1900,12/31/1899,7/14/1905,Thursday,Xiaomi,5,43258.04,Sanjay Mehta,49,Rajkot,Credit Card,5,Redmi 9
398,1/26/1900,12/31/1899,7/14/1905,Thursday,OnePlus,6,41628.9,Neeta Yadav,59,Coimbatore,UPI,5,OnePlus 8T
399,1/27/1900,12/31/1899,7/14/1905,Friday,Samsung,9,54053.67,Gita Rathod,18,Delhi,Cash,3,Galaxy Note 20
400,1/27/1900,12/31/1899,7/14/1905,Friday,OnePlus,4,13306.58,Vinod Chatterjee,55,Mumbai,UPI,5,OnePlus 8T
401,1/27/1900,12/31/1899,7/14/1905,Friday,Xiaomi,7,63272.38,Harish Mishra,52,Vadodara,UPI,5,Mi 11
402,1/28/1900,12/31/1899,7/14/1905,Saturday,Apple,6,52179.5,Sneha Patel,24,Hyderabad,Debit Card,5,iPhone SE
403,1/28/1900,12/31/1899,7/14/1905,Saturday,Samsung,2,22967.56,Shruti Iyer,30,Delhi,Credit Card,4,Galaxy S21
404,1/28/1900,12/31/1899,7/14/1905,Saturday,Samsung,8,21004.32,Vivek Mehta,18,Kolkata,Cash,4,Galaxy S21
405,1/28/1900,12/31/1899,7/14/1905,Saturday,Vivo,7,35899.61,Ravi Bhattacharya,31,Rajkot,UPI,5,Vivo V20
406,1/29/1900,12/31/1899,7/14/1905,Sunday,Vivo,7,59053.92,Anand Siddiqui,46,Mumbai,Debit Card,5,Vivo V20
407,1/29/1900,12/31/1899,7/14/1905,Sunday,Apple,8,60577,Jyoti Kumar,20,Bangalore,UPI,3,iPhone 12
408,1/29/1900,12/31/1899,7/14/1905,Sunday,Samsung,1,41227.37,Krishna Sharma,41,Ludhiana,Cash,5,Galaxy S21
409,1/29/1900,12/31/1899,7/14/1905,Sunday,Apple,1,61648.65,Aditya Roy,18,Rajkot,Credit Card,5,iPhone 11
410,1/30/1900,12/31/1899,7/14/1905,Monday,Vivo,8,10326.62,Anita Arora,27,Ranchi,Credit Card,5,Vivo Y51
411,1/30/1900,12/31/1899,7/14/1905,Monday,Vivo,4,12110.48,Tanuja Rao,30,Mumbai,Cash,3,Vivo V20
412,1/30/1900,12/31/1899,7/14/1905,Monday,Samsung,5,64709.3,Kavita Bhattacharya,53,Kanpur,UPI,5,Galaxy A51
413,12/31/1899,1/1/1900,7/14/1905,Tuesday,OnePlus,8,56519.92,Harish Teja,26,Chennai,Debit Card,5,OnePlus Nord
414,12/31/1899,1/1/1900,7/14/1905,Tuesday,Xiaomi,5,37042.36,Anjali Patel,31,Mumbai,Credit Card,3,Redmi Note 10
415,12/31/1899,1/1/1900,7/14/1905,Tuesday,Vivo,4,55216.61,Gita Teja,53,Delhi,Credit Card,5,Vivo S1
416,12/31/1899,1/1/1900,7/14/1905,Tuesday,Vivo,6,67338.37,Anita Varma,27,Mumbai,UPI,5,Vivo Y51
417,1/1/1900,1/1/1900,7/14/1905,Wednesday,OnePlus,5,56325.37,Aditya Menon,57,Lucknow,UPI,2,OnePlus 8T
418,1/1/1900,1/1/1900,7/14/1905,Wednesday,OnePlus,7,60542.28,Amit Srivastava,40,Ludhiana,UPI,4,OnePlus Nord
419,1/1/1900,1/1/1900,7/14/1905,Wednesday,Apple,7,55636.39,Ayesha Menon,52,Vadodara,Debit Card,3,iPhone 12
420,1/2/1900,1/1/1900,7/14/1905,Thursday,Apple,4,20092.67,Vivek Sheth,24,Vadodara,UPI,5,iPhone 11
421,1/2/1900,1/1/1900,7/14/1905,Thursday,Xiaomi,5,60014.45,Tapan Mathur,59,Mumbai,Debit Card,5,Redmi 9
422,1/2/1900,1/1/1900,7/14/1905,Thursday,Xiaomi,3,21706.53,Sneha Desai,52,Hyderabad,Cash,5,Redmi 9
423,1/2/1900,1/1/1900,7/14/1905,Thursday,Samsung,4,63556.68,Amit Prasad,19,Bhopal,Debit Card,5,Galaxy Note 20
424,1/3/1900,1/1/1900,7/14/1905,Friday,Apple,4,37518.99,Sumit Sharma,32,Delhi,UPI,4,iPhone 11
425,1/3/1900,1/1/1900,7/14/1905,Friday,Vivo,3,50618.61,Anand Joshi,26,Lucknow,Debit Card,5,Vivo V20
426,1/3/1900,1/1/1900,7/14/1905,Friday,Apple,5,39834.45,Namita Srivastava,34,Delhi,Debit Card,4,iPhone SE
427,1/3/1900,1/1/1900,7/14/1905,Friday,Vivo,5,15639.46,Vivek Alva,56,Coimbatore,Debit Card,2,Vivo V20
428,1/4/1900,1/1/1900,7/14/1905,Saturday,OnePlus,7,27443.34,Navin Mathur,35,Rajkot,Credit Card,2,OnePlus 8T
429,1/4/1900,1/1/1900,7/14/1905,Saturday,Apple,4,69023.91,Devendra Mathur,32,Delhi,UPI,5,iPhone SE
430,1/4/1900,1/1/1900,7/14/1905,Saturday,OnePlus,4,67642.89,Isha Nair,35,Delhi,Debit Card,4,OnePlus 8T
431,1/5/1900,1/1/1900,7/14/1905,Sunday,Xiaomi,9,29229.21,Pankaj Jain,41,Kanpur,UPI,3,Mi 11
432,1/5/1900,1/1/1900,7/14/1905,Sunday,Xiaomi,6,69777.81,Sachin Desai,40,Rajkot,Cash,5,Mi 11
433,1/5/1900,1/1/1900,7/14/1905,Sunday,Samsung,4,60733.07,Kiran Malhotra,29,Delhi,Debit Card,5,Galaxy S21
434,1/5/1900,1/1/1900,7/14/1905,Sunday,Apple,2,46657.57,Kiran Alva,40,Delhi,Debit Card,2,iPhone 11
435,1/6/1900,1/1/1900,7/14/1905,Monday,OnePlus,6,12407.48,Arun Deshmukh,38,Jodhpur,Cash,2,OnePlus 9
436,1/6/1900,1/1/1900,7/14/1905,Monday,Vivo,2,64086.81,Harish Teja,43,Kanpur,UPI,3,Vivo Y51
437,1/6/1900,1/1/1900,7/14/1905,Monday,Xiaomi,5,43445.76,Vijay Rawat,25,Kanpur,Cash,5,Mi 11
438,1/7/1900,1/1/1900,7/14/1905,Tuesday,Xiaomi,6,62108.57,Arun Dutta,47,Mumbai,Cash,4,Redmi 9
439,1/7/1900,1/1/1900,7/14/1905,Tuesday,Vivo,4,60065.75,Harish Solanki,51,Mumbai,Cash,2,Vivo Y51
440,1/7/1900,1/1/1900,7/14/1905,Tuesday,OnePlus,3,59980.37,Sunita Roy,19,Delhi,Cash,5,OnePlus Nord
441,1/7/1900,1/1/1900,7/14/1905,Tuesday,OnePlus,7,51890.43,Vinod Nambiar,22,Lucknow,UPI,3,OnePlus Nord
442,1/8/1900,1/1/1900,7/14/1905,Wednesday,Apple,2,27484.91,Meena Kulkarni,48,Mumbai,Debit Card,3,iPhone 12
443,1/8/1900,1/1/1900,7/14/1905,Wednesday,Apple,6,30169.62,Arun Sheth,50,Kanpur,Cash,3,iPhone SE
444,1/8/1900,1/1/1900,7/14/1905,Wednesday,Samsung,4,28508.15,Bhavana Mehta,21,Mumbai,Cash,5,Galaxy A51
445,1/9/1900,1/1/1900,7/14/1905,Thursday,Xiaomi,6,11202.76,Bhavana Varma,23,Madurai,Credit Card,3,Mi 11
446,1/9/1900,1/1/1900,7/14/1905,Thursday,Apple,4,44954.13,Lata Shah,40,Delhi,UPI,4,iPhone 11
447,1/9/1900,1/1/1900,7/14/1905,Thursday,OnePlus,4,51930.02,Vivek Teja,36,Ludhiana,Cash,4,OnePlus 9
448,1/10/1900,1/1/1900,7/14/1905,Friday,Vivo,4,61231.96,Prashant Rathod,25,Mumbai,Credit Card,5,Vivo S1
449,1/10/1900,1/1/1900,7/14/1905,Friday,OnePlus,9,18409.93,Priyanka Menon,56,Indore,Cash,5,OnePlus Nord
450,1/10/1900,1/1/1900,7/14/1905,Friday,Xiaomi,7,42650.99,Anjali Sharma,30,Mumbai,UPI,4,Redmi Note 10
451,1/10/1900,1/1/1900,7/14/1905,Friday,OnePlus,3,10480.49,Arun Kapoor,18,Ranchi,Credit Card,5,OnePlus 8T
452,1/11/1900,1/1/1900,7/14/1905,Saturday,Samsung,3,15705.62,Arun Goyal,23,Gorakhpur,Credit Card,5,Galaxy A51
453,1/11/1900,1/1/1900,7/14/1905,Saturday,Xiaomi,6,13252.7,Arun Pillai,24,Delhi,UPI,3,Redmi Note 10
454,1/11/1900,1/1/1900,7/14/1905,Saturday,Vivo,6,53528.68,Vinod Goyal,44,Vadodara,Credit Card,4,Vivo Y51
455,1/11/1900,1/1/1900,7/14/1905,Saturday,Samsung,4,14863.57,Monika Deshmukh,32,Delhi,Credit Card,2,Galaxy S21
456,1/12/1900,1/1/1900,7/14/1905,Sunday,Xiaomi,9,52987.18,Vijay Varma,51,Delhi,Cash,5,Redmi Note 10
457,1/12/1900,1/1/1900,7/14/1905,Sunday,Vivo,4,24977.48,Bhavana Mathur,40,Mumbai,Credit Card,5,Vivo S1
458,1/12/1900,1/1/1900,7/14/1905,Sunday,Samsung,9,62662.78,Priya Singh,41,Mumbai,Debit Card,4,Galaxy Note 20
459,1/13/1900,1/1/1900,7/14/1905,Monday,Samsung,4,58789,Tapan Deshmukh,32,Rajkot,UPI,2,Galaxy A51
460,1/13/1900,1/1/1900,7/14/1905,Monday,Xiaomi,2,67469.81,Meena Patel,52,Bangalore,Cash,5,Redmi 9
461,1/13/1900,1/1/1900,7/14/1905,Monday,Apple,2,63025.72,Namita Sheth,21,Delhi,Credit Card,5,iPhone 11
462,1/13/1900,1/1/1900,7/14/1905,Monday,Samsung,5,65999.77,Anita Varma,54,Mumbai,Debit Card,2,Galaxy Note 20
463,1/14/1900,1/1/1900,7/14/1905,Tuesday,Samsung,4,61524.54,Vinod Goyal,34,Mumbai,Cash,3,Galaxy Note 20
464,1/14/1900,1/1/1900,7/14/1905,Tuesday,Vivo,7,51602.91,Kunal Shah,48,Chennai,UPI,5,Vivo S1
465,1/14/1900,1/1/1900,7/14/1905,Tuesday,OnePlus,5,20215.55,Mala Teja,55,Delhi,Credit Card,2,OnePlus 8T
466,1/14/1900,1/1/1900,7/14/1905,Tuesday,Xiaomi,6,26302.45,Sumit Mishra,27,Jodhpur,UPI,4,Mi 11
467,1/15/1900,1/1/1900,7/14/1905,Wednesday,Xiaomi,4,22763.62,Kavita Gupta,44,Delhi,UPI,5,Mi 11
468,1/15/1900,1/1/1900,7/14/1905,Wednesday,Apple,2,46215.15,Tapan Joshi,59,Kolkata,Credit Card,5,iPhone 12
469,1/15/1900,1/1/1900,7/14/1905,Wednesday,Apple,9,40217.2,Nikhil Menon,23,Delhi,Credit Card,4,iPhone 11
470,1/15/1900,1/1/1900,7/14/1905,Wednesday,Xiaomi,7,62024.8,Vinod Prasad,23,Rajkot,Cash,2,Redmi 9
471,1/16/1900,1/1/1900,7/14/1905,Thursday,Apple,4,67160.37,Tapan Bhattacharya,32,Lucknow,UPI,3,iPhone 12
472,1/16/1900,1/1/1900,7/14/1905,Thursday,Vivo,3,34291.59,Jyoti Iyer,21,Indore,Credit Card,5,Vivo S1
473,1/16/1900,1/1/1900,7/14/1905,Thursday,Xiaomi,3,40381.03,Shruti Chaudhary,57,Delhi,UPI,5,Redmi Note 10
474,1/17/1900,1/1/1900,7/14/1905,Friday,Apple,9,68290.98,Jyoti Pillai,24,Ranchi,Credit Card,5,iPhone 11
475,1/17/1900,1/1/1900,7/14/1905,Friday,Xiaomi,5,26574.34,Manoj Shah,43,Hyderabad,UPI,4,Redmi Note 10
476,1/17/1900,1/1/1900,7/14/1905,Friday,OnePlus,3,57543.45,Vijay Prasad,48,Mumbai,Cash,2,OnePlus Nord
477,1/18/1900,1/1/1900,7/14/1905,Saturday,Samsung,5,23514.39,Reena Sharma,19,Delhi,UPI,2,Galaxy S21
478,1/18/1900,1/1/1900,7/14/1905,Saturday,Xiaomi,2,50887.61,Sumit Rathod,45,Lucknow,Credit Card,4,Mi 11
479,1/18/1900,1/1/1900,7/14/1905,Saturday,Samsung,4,25216.94,Krishna Malhotra,59,Delhi,Debit Card,5,Galaxy Note 20
480,1/19/1900,1/1/1900,7/14/1905,Sunday,Apple,2,63024,Namita Patel,30,Bhopal,Cash,4,iPhone SE
481,1/19/1900,1/1/1900,7/14/1905,Sunday,Samsung,2,43688.68,Devendra Rao,35,Vadodara,Cash,2,Galaxy S21
482,1/19/1900,1/1/1900,7/14/1905,Sunday,Xiaomi,8,21156.02,Ravi Malhotra,47,Mumbai,Debit Card,4,Redmi 9
483,1/20/1900,1/1/1900,7/14/1905,Monday,OnePlus,1,23462.15,Ramesh Gupta,28,Mumbai,Credit Card,5,OnePlus Nord
484,1/20/1900,1/1/1900,7/14/1905,Monday,Apple,7,39630.95,Shruti Pathak,30,Delhi,Cash,5,iPhone SE
485,1/20/1900,1/1/1900,7/14/1905,Monday,Xiaomi,5,67696.12,Ramesh Solanki,41,Delhi,Debit Card,5,Mi 11
486,1/21/1900,1/1/1900,7/14/1905,Tuesday,Apple,8,56178.53,Shruti Pathak,46,Mumbai,Debit Card,3,iPhone 12
487,1/21/1900,1/1/1900,7/14/1905,Tuesday,Vivo,1,39298.58,Ramesh Dutta,22,Indore,UPI,3,Vivo Y51
488,1/21/1900,1/1/1900,7/14/1905,Tuesday,Samsung,7,30263.15,Umesh Ghosh,52,Delhi,UPI,4,Galaxy Note 20
489,1/22/1900,1/1/1900,7/14/1905,Wednesday,Vivo,5,42956.11,Gita Iyer,36,Ranchi,Credit Card,5,Vivo Y51
490,1/22/1900,1/1/1900,7/14/1905,Wednesday,Xiaomi,4,54901.65,Reena Desai,30,Indore,Debit Card,5,Redmi Note 10
491,1/22/1900,1/1/1900,7/14/1905,Wednesday,OnePlus,7,57035.72,Sanjay Das,22,Madurai,UPI,2,OnePlus 8T
492,1/23/1900,1/1/1900,7/14/1905,Thursday,Apple,2,29476.53,Sanjay Patel,31,Gorakhpur,Credit Card,5,iPhone 11
493,1/23/1900,1/1/1900,7/14/1905,Thursday,Samsung,1,53269.56,Anita Desai,55,Delhi,Cash,5,Galaxy Note 20
494,1/23/1900,1/1/1900,7/14/1905,Thursday,Apple,1,49467.33,Anand Chatterjee,39,Madurai,UPI,4,iPhone 12
495,1/24/1900,1/1/1900,7/14/1905,Friday,Xiaomi,1,67546.74,Bina Solanki,26,Madurai,Credit Card,2,Redmi Note 10
496,1/24/1900,1/1/1900,7/14/1905,Friday,Apple,5,65865.42,Sunita Mehta,57,Ludhiana,UPI,2,iPhone SE
497,1/24/1900,1/1/1900,7/14/1905,Friday,Samsung,7,57362.76,Pankaj Arora,43,Jodhpur,Cash,4,Galaxy Note 20
498,1/25/1900,1/1/1900,7/14/1905,Saturday,Xiaomi,2,53403.68,Monika Srivastava,22,Hyderabad,Cash,4,Mi 11
499,1/25/1900,1/1/1900,7/14/1905,Saturday,Apple,8,26442.5,Rajesh Ghosh,46,Mumbai,UPI,5,iPhone 12
500,1/25/1900,1/1/1900,7/14/1905,Saturday,OnePlus,4,60757.92,Priya Sharma,39,Bangalore,Cash,5,OnePlus 9
501,1/25/1900,1/1/1900,7/14/1905,Saturday,Xiaomi,3,35650.34,Kavita Kaur,20,Ranchi,Credit Card,2,Mi 11
502,1/26/1900,1/1/1900,7/14/1905,Sunday,Xiaomi,8,26334.43,Vivek Deshmukh,45,Delhi,UPI,2,Redmi 9
503,1/26/1900,1/1/1900,7/14/1905,Sunday,OnePlus,2,33049.65,Pooja Patel,55,Delhi,UPI,5,OnePlus Nord
504,1/26/1900,1/1/1900,7/14/1905,Sunday,Vivo,3,60156.13,Meena Joshi,31,Delhi,Cash,2,Vivo Y51
505,1/27/1900,1/1/1900,7/14/1905,Monday,Samsung,3,18917.99,Namita Gupta,31,Ranchi,Credit Card,4,Galaxy A51
506,1/27/1900,1/1/1900,7/14/1905,Monday,Vivo,1,37369.52,Harish Malhotra,28,Jodhpur,UPI,4,Vivo S1
507,1/27/1900,1/1/1900,7/14/1905,Monday,Apple,6,39541.46,Pankaj Patel,26,Indore,UPI,5,iPhone 11
508,1/27/1900,1/1/1900,7/14/1905,Monday,OnePlus,2,12197.78,Aditya Iyer,55,Ludhiana,Cash,3,OnePlus Nord
509,12/31/1899,1/2/1900,7/14/1905,Tuesday,Vivo,1,21744.76,Ramesh Joshi,23,Delhi,Cash,3,Vivo V20
510,12/31/1899,1/2/1900,7/14/1905,Tuesday,Xiaomi,2,59604.55,Sachin Rao,18,Delhi,Credit Card,4,Mi 11
511,12/31/1899,1/2/1900,7/14/1905,Tuesday,Apple,6,59846.04,Pankaj Jain,42,Delhi,Credit Card,3,iPhone 12
512,12/31/1899,1/2/1900,7/14/1905,Tuesday,Apple,4,27544.91,Monika Singh,33,Delhi,Cash,3,iPhone 11
513,1/1/1900,1/2/1900,7/14/1905,Wednesday,Vivo,6,62493.83,Deepika Kulkarni,32,Mumbai,Credit Card,5,Vivo V20
514,1/1/1900,1/2/1900,7/14/1905,Wednesday,Vivo,9,56306.98,Vinod Kumar,51,Gorakhpur,Debit Card,2,Vivo S1
515,1/1/1900,1/2/1900,7/14/1905,Wednesday,OnePlus,8,35074.45,Neeta Kumar,34,Delhi,Debit Card,2,OnePlus 9
516,1/1/1900,1/2/1900,7/14/1905,Wednesday,Samsung,1,54904.38,Vinod Kulkarni,20,Lucknow,Cash,3,Galaxy S21
517,1/2/1900,1/2/1900,7/14/1905,Thursday,Vivo,8,67680.08,Vinod Nair,20,Delhi,UPI,5,Vivo V20
518,1/2/1900,1/2/1900,7/14/1905,Thursday,Vivo,9,37538.18,Vinod Solanki,54,Delhi,Cash,5,Vivo V20
519,1/2/1900,1/2/1900,7/14/1905,Thursday,Xiaomi,6,24305.63,Sachin Sheth,34,Delhi,Cash,3,Redmi Note 10
520,1/3/1900,1/2/1900,7/14/1905,Friday,Apple,5,66508.99,Prashant Srivastava,55,Ludhiana,Cash,5,iPhone 11
521,1/3/1900,1/2/1900,7/14/1905,Friday,Samsung,6,46224.66,Neeta Nair,18,Vadodara,UPI,5,Galaxy S21
522,1/3/1900,1/2/1900,7/14/1905,Friday,Xiaomi,6,16315.91,Lalita Kaur,24,Vadodara,Debit Card,5,Redmi Note 10
523,1/4/1900,1/2/1900,7/14/1905,Saturday,OnePlus,9,44360.97,Isha Menon,43,Delhi,Credit Card,2,OnePlus 8T
524,1/4/1900,1/2/1900,7/14/1905,Saturday,OnePlus,4,40034.85,Neeta Pillai,56,Rajkot,Debit Card,4,OnePlus 8T
525,1/4/1900,1/2/1900,7/14/1905,Saturday,Vivo,2,61335.33,Vivek Siddiqui,36,Indore,Credit Card,5,Vivo S1
526,1/5/1900,1/2/1900,7/14/1905,Sunday,Vivo,9,41841.71,Anand Mishra,47,Delhi,Credit Card,4,Vivo V20
527,1/5/1900,1/2/1900,7/14/1905,Sunday,OnePlus,2,25313.95,Namita Sheth,31,Ranchi,Cash,4,OnePlus 9
528,1/5/1900,1/2/1900,7/14/1905,Sunday,Vivo,9,50538.64,Rohan Menon,30,Mumbai,Cash,5,Vivo S1
529,1/6/1900,1/2/1900,7/14/1905,Monday,Samsung,2,42554.53,Vivek Patel,37,Mumbai,Credit Card,2,Galaxy S21
530,1/6/1900,1/2/1900,7/14/1905,Monday,Vivo,8,23982.68,Bhavana Varma,43,Kolkata,UPI,5,Vivo S1
531,1/6/1900,1/2/1900,7/14/1905,Monday,Apple,9,44417.67,Vinod Dutta,44,Delhi,UPI,5,iPhone 11
532,1/6/1900,1/2/1900,7/14/1905,Monday,Vivo,9,59292.13,Rohan Menon,42,Indore,UPI,2,Vivo V20
533,1/7/1900,1/2/1900,7/14/1905,Tuesday,Xiaomi,9,11714.26,Deepika Sharma,26,Mumbai,UPI,3,Redmi Note 10
534,1/7/1900,1/2/1900,7/14/1905,Tuesday,Samsung,2,47851.06,Rajesh Yadav,58,Kanpur,Cash,2,Galaxy Note 20
535,1/7/1900,1/2/1900,7/14/1905,Tuesday,Xiaomi,4,30975.11,Arun Ghosh,29,Lucknow,Debit Card,5,Redmi Note 10
536,1/8/1900,1/2/1900,7/14/1905,Wednesday,Xiaomi,7,27560.29,Anita Patel,27,Delhi,Debit Card,5,Mi 11
537,1/8/1900,1/2/1900,7/14/1905,Wednesday,Apple,2,33555.27,Kunal Patel,23,Kolkata,Credit Card,4,iPhone 11
538,1/8/1900,1/2/1900,7/14/1905,Wednesday,Samsung,1,30521.36,Ravi Kulkarni,51,Bhopal,UPI,3,Galaxy A51
539,1/9/1900,1/2/1900,7/14/1905,Thursday,Samsung,3,59934.35,Neeta Mishra,58,Ranchi,Cash,2,Galaxy Note 20
540,1/9/1900,1/2/1900,7/14/1905,Thursday,Samsung,4,26487.87,Kiran Solanki,36,Coimbatore,Cash,3,Galaxy A51
541,1/9/1900,1/2/1900,7/14/1905,Thursday,Samsung,8,53989.18,Radha Sharma,23,Delhi,Cash,4,Galaxy Note 20
542,1/10/1900,1/2/1900,7/14/1905,Friday,Samsung,6,15643.59,Nikhil Chaudhary,19,Jodhpur,Credit Card,3,Galaxy A51
543,1/10/1900,1/2/1900,7/14/1905,Friday,Apple,2,67083.78,Harish Mishra,32,Madurai,Cash,3,iPhone SE
544,1/10/1900,1/2/1900,7/14/1905,Friday,Vivo,9,47339,Sanjay Menon,34,Kolkata,Credit Card,2,Vivo S1
545,1/11/1900,1/2/1900,7/14/1905,Saturday,Xiaomi,2,52403.11,Sunil Rao,33,Kolkata,Credit Card,3,Redmi 9
546,1/11/1900,1/2/1900,7/14/1905,Saturday,Samsung,5,27882.36,Kiran Solanki,45,Delhi,Credit Card,4,Galaxy S21
547,1/11/1900,1/2/1900,7/14/1905,Saturday,Vivo,4,34725.79,Deepika Das,38,Patna,Credit Card,5,Vivo Y51
548,1/12/1900,1/2/1900,7/14/1905,Sunday,Vivo,7,23426.7,Kiran Singh,25,Mumbai,Cash,5,Vivo Y51
549,1/12/1900,1/2/1900,7/14/1905,Sunday,Xiaomi,8,65952.17,Ramesh Kumar,27,Vadodara,Cash,5,Mi 11
550,1/12/1900,1/2/1900,7/14/1905,Sunday,Apple,5,39286.27,Bhavana Mehta,27,Rajkot,Debit Card,5,iPhone 11
551,1/12/1900,1/2/1900,7/14/1905,Sunday,OnePlus,5,47826.89,Rohan Pathak,27,Patna,Cash,2,OnePlus Nord
552,1/13/1900,1/2/1900,7/14/1905,Monday,OnePlus,2,54056.32,Yogesh Patel,26,Indore,UPI,5,OnePlus 9
553,1/13/1900,1/2/1900,7/14/1905,Monday,Vivo,8,32266.37,Bhavana Bhatnagar,45,Madurai,UPI,5,Vivo Y51
554,1/13/1900,1/2/1900,7/14/1905,Monday,Xiaomi,2,53206.1,Meena Verma,41,Kanpur,Credit Card,5,Mi 11
555,1/14/1900,1/2/1900,7/14/1905,Tuesday,OnePlus,6,50559.55,Priyanka Chatterjee,36,Mumbai,Credit Card,5,OnePlus 8T
556,1/14/1900,1/2/1900,7/14/1905,Tuesday,Vivo,8,52339.56,Shruti Thakur,50,Mumbai,Credit Card,2,Vivo S1
557,1/14/1900,1/2/1900,7/14/1905,Tuesday,Apple,6,39353.79,Vijay Malhotra,21,Lucknow,Debit Card,5,iPhone 11
558,1/14/1900,1/2/1900,7/14/1905,Tuesday,OnePlus,4,32976.24,Jyoti Alva,20,Mumbai,Credit Card,2,OnePlus 8T
559,1/15/1900,1/2/1900,7/14/1905,Wednesday,Vivo,4,23324.93,Monika Chatterjee,59,Coimbatore,Debit Card,2,Vivo V20
560,1/15/1900,1/2/1900,7/14/1905,Wednesday,Vivo,6,59477.58,Ayesha Sheth,29,Kanpur,Credit Card,4,Vivo S1
561,1/15/1900,1/2/1900,7/14/1905,Wednesday,Samsung,4,46501,Vivek Rawat,35,Kolkata,UPI,5,Galaxy S21
562,1/16/1900,1/2/1900,7/14/1905,Thursday,Apple,8,36661.13,Sneha Mishra,40,Rajkot,Credit Card,5,iPhone 11
563,1/16/1900,1/2/1900,7/14/1905,Thursday,Samsung,9,66639.75,Bhavana Bhatnagar,37,Coimbatore,Cash,3,Galaxy A51
564,1/16/1900,1/2/1900,7/14/1905,Thursday,Xiaomi,1,12870.33,Pankaj Patel,23,Madurai,Credit Card,5,Mi 11
565,1/16/1900,1/2/1900,7/14/1905,Thursday,Samsung,4,61010.32,Shruti Dutta,51,Delhi,Cash,4,Galaxy Note 20
566,1/17/1900,1/2/1900,7/14/1905,Friday,Samsung,4,69854.96,Mala Siddiqui,59,Ranchi,Cash,5,Galaxy A51
567,1/17/1900,1/2/1900,7/14/1905,Friday,OnePlus,2,63216.53,Nikhil Reddy,19,Gorakhpur,Cash,3,OnePlus 9
568,1/17/1900,1/2/1900,7/14/1905,Friday,Vivo,6,58626.2,Mala Siddiqui,47,Indore,Cash,4,Vivo S1
569,1/18/1900,1/2/1900,7/14/1905,Saturday,Apple,3,32458.36,Kiran Malhotra,26,Delhi,Debit Card,2,iPhone SE
570,1/18/1900,1/2/1900,7/14/1905,Saturday,Samsung,7,23878.85,Pankaj Kapoor,44,Delhi,Debit Card,5,Galaxy S21
571,1/18/1900,1/2/1900,7/14/1905,Saturday,Apple,5,54091.03,Vivek Ghosh,59,Delhi,Credit Card,5,iPhone SE
572,1/19/1900,1/2/1900,7/14/1905,Sunday,Samsung,4,28274.52,Gita Teja,51,Mumbai,Credit Card,4,Galaxy S21
573,1/19/1900,1/2/1900,7/14/1905,Sunday,Xiaomi,5,20562.38,Mala Goyal,57,Ranchi,Debit Card,3,Redmi Note 10
574,1/19/1900,1/2/1900,7/14/1905,Sunday,Samsung,8,57191.55,Priya Mehta,41,Patna,Credit Card,5,Galaxy A51
575,1/19/1900,1/2/1900,7/14/1905,Sunday,OnePlus,3,28752.62,Kavita Dutta,34,Delhi,Credit Card,2,OnePlus Nord
576,1/20/1900,1/2/1900,7/14/1905,Monday,Vivo,7,64866.5,Rohan Singh,46,Jodhpur,Debit Card,5,Vivo V20
577,1/20/1900,1/2/1900,7/14/1905,Monday,Xiaomi,6,60437.96,Sneha Yadav,53,Mumbai,Debit Card,3,Redmi Note 10
578,1/20/1900,1/2/1900,7/14/1905,Monday,Samsung,1,60858.42,Yogesh Reddy,29,Ranchi,Credit Card,2,Galaxy S21
579,1/20/1900,1/2/1900,7/14/1905,Monday,Apple,7,56294.18,Sneha Mehta,48,Jodhpur,Debit Card,3,iPhone 12
580,1/21/1900,1/2/1900,7/14/1905,Tuesday,Xiaomi,7,62852.89,Kavita Siddiqui,26,Ranchi,UPI,5,Redmi Note 10
581,1/21/1900,1/2/1900,7/14/1905,Tuesday,Xiaomi,1,58344.81,Rajesh Siddiqui,36,Delhi,Cash,3,Redmi 9
582,1/21/1900,1/2/1900,7/14/1905,Tuesday,Samsung,9,46150.68,Nikhil Solanki,34,Ludhiana,Cash,5,Galaxy Note 20
583,1/21/1900,1/2/1900,7/14/1905,Tuesday,Xiaomi,6,27749.36,Jyoti Mehta,19,Chennai,UPI,5,Redmi 9
584,1/22/1900,1/2/1900,7/14/1905,Wednesday,Apple,2,63292.55,Bhavana Srivastava,57,Mumbai,UPI,5,iPhone 11
585,1/22/1900,1/2/1900,7/14/1905,Wednesday,Xiaomi,5,60436.22,Lata Kaur,22,Delhi,Credit Card,4,Redmi Note 10
586,1/22/1900,1/2/1900,7/14/1905,Wednesday,Apple,4,38372.76,Ramesh Dutta,56,Delhi,Credit Card,5,iPhone SE
587,1/23/1900,1/2/1900,7/14/1905,Thursday,Samsung,7,12344.72,Amit Sheth,33,Mumbai,Cash,5,Galaxy Note 20
588,1/23/1900,1/2/1900,7/14/1905,Thursday,Vivo,8,48312.62,Kavita Bhatnagar,34,Vadodara,Credit Card,5,Vivo V20
589,1/23/1900,1/2/1900,7/14/1905,Thursday,Xiaomi,1,13035.81,Bina Goyal,44,Gorakhpur,Cash,3,Redmi 9
590,1/23/1900,1/2/1900,7/14/1905,Thursday,Vivo,5,65576.8,Manoj Mehta,24,Jodhpur,Credit Card,3,Vivo Y51
591,1/24/1900,1/2/1900,7/14/1905,Friday,Apple,3,67697.88,Neeta Arora,25,Mumbai,Credit Card,5,iPhone SE
592,1/24/1900,1/2/1900,7/14/1905,Friday,Xiaomi,1,21369.41,Priya Varma,25,Mumbai,Cash,3,Mi 11
593,1/24/1900,1/2/1900,7/14/1905,Friday,OnePlus,3,50583.36,Jyoti Sheth,40,Mumbai,UPI,5,OnePlus Nord
594,1/25/1900,1/2/1900,7/14/1905,Saturday,Vivo,6,15536.14,Shruti Iyer,49,Jodhpur,UPI,5,Vivo S1
595,1/25/1900,1/2/1900,7/14/1905,Saturday,Xiaomi,7,53771.02,Amit Rathod,35,Bangalore,Credit Card,3,Mi 11
596,1/25/1900,1/2/1900,7/14/1905,Saturday,Vivo,8,30837.26,Vinod Joshi,55,Hyderabad,UPI,3,Vivo S1
597,1/26/1900,1/2/1900,7/14/1905,Sunday,Xiaomi,4,50863.01,Anjali Chatterjee,29,Mumbai,Credit Card,5,Redmi 9
598,1/26/1900,1/2/1900,7/14/1905,Sunday,Samsung,3,32372.59,Devendra Mathur,32,Bhopal,Debit Card,5,Galaxy S21
599,1/26/1900,1/2/1900,7/14/1905,Sunday,Vivo,5,18734.05,Deepika Sharma,45,Delhi,Debit Card,5,Vivo Y51
600,1/26/1900,1/2/1900,7/14/1905,Sunday,OnePlus,9,34366.6,Mala Roy,55,Delhi,Debit Card,3,OnePlus Nord
601,1/27/1900,1/2/1900,7/14/1905,Monday,OnePlus,6,16760.41,Harish Teja,48,Mumbai,UPI,4,OnePlus 8T
602,1/27/1900,1/2/1900,7/14/1905,Monday,Apple,9,44613,Lata Shah,26,Bangalore,UPI,5,iPhone SE
603,1/27/1900,1/2/1900,7/14/1905,Monday,Xiaomi,6,12457.09,Deepika Deshmukh,25,Bhopal,Cash,4,Mi 11
604,1/27/1900,1/2/1900,7/14/1905,Monday,Vivo,2,41639.18,Shruti Iyer,36,Indore,UPI,5,Vivo Y51
605,1/28/1900,1/2/1900,7/14/1905,Tuesday,Apple,5,63182.12,Harish Kapoor,25,Patna,Credit Card,5,iPhone 12
606,1/28/1900,1/2/1900,7/14/1905,Tuesday,Vivo,9,60272.4,Rajesh Roy,51,Mumbai,Cash,4,Vivo V20
607,1/28/1900,1/2/1900,7/14/1905,Tuesday,Xiaomi,8,62966.9,Sachin Iyer,21,Mumbai,UPI,5,Mi 11
608,1/29/1900,1/2/1900,7/14/1905,Wednesday,OnePlus,7,65322.93,Rajesh Arora,48,Chennai,Cash,4,OnePlus Nord
609,1/29/1900,1/2/1900,7/14/1905,Wednesday,Samsung,1,16271.67,Sneha Teja,55,Coimbatore,UPI,5,Galaxy Note 20
610,1/29/1900,1/2/1900,7/14/1905,Wednesday,OnePlus,4,17724.83,Sachin Rawat,20,Kolkata,Credit Card,5,OnePlus Nord
611,1/30/1900,1/2/1900,7/14/1905,Thursday,Apple,7,43420.41,Lata Nambiar,52,Bhopal,Debit Card,5,iPhone 11
612,1/30/1900,1/2/1900,7/14/1905,Thursday,Samsung,7,63638.36,Sachin Kaur,36,Delhi,Debit Card,4,Galaxy S21
613,1/30/1900,1/2/1900,7/14/1905,Thursday,Apple,6,68460.97,Rohan Prasad,46,Bangalore,Credit Card,4,iPhone 12
614,1/30/1900,1/2/1900,7/14/1905,Thursday,Xiaomi,8,12775.72,Vinod Nambiar,27,Kolkata,Cash,4,Redmi 9
615,12/31/1899,1/3/1900,7/14/1905,Friday,Samsung,6,31346.45,Meena Prasad,29,Bhopal,Debit Card,5,Galaxy Note 20
616,12/31/1899,1/3/1900,7/14/1905,Friday,Apple,3,22773.66,Vinod Arora,47,Mumbai,UPI,4,iPhone SE
617,12/31/1899,1/3/1900,7/14/1905,Friday,Xiaomi,4,55357.95,Navin Joshi,47,Ranchi,UPI,5,Redmi Note 10
618,12/31/1899,1/3/1900,7/14/1905,Friday,OnePlus,3,48411.63,Sneha Yadav,35,Indore,Cash,4,OnePlus 8T
619,1/1/1900,1/3/1900,7/14/1905,Saturday,Xiaomi,1,17193.28,Neeta Deshmukh,41,Hyderabad,Cash,5,Redmi Note 10
620,1/1/1900,1/3/1900,7/14/1905,Saturday,Vivo,5,39011.32,Mala Kulkarni,49,Ludhiana,Credit Card,5,Vivo V20
621,1/1/1900,1/3/1900,7/14/1905,Saturday,Xiaomi,1,51126.43,Sanjay Jain,26,Delhi,Debit Card,5,Mi 11
622,1/1/1900,1/3/1900,7/14/1905,Saturday,Xiaomi,1,56740.32,Rajesh Chatterjee,41,Delhi,Cash,5,Redmi 9
623,1/2/1900,1/3/1900,7/14/1905,Sunday,Vivo,2,11203.16,Namita Deshmukh,43,Delhi,Debit Card,5,Vivo Y51
624,1/2/1900,1/3/1900,7/14/1905,Sunday,Apple,4,63428.17,Ayesha Luthra,20,Indore,Debit Card,5,iPhone 12
625,1/2/1900,1/3/1900,7/14/1905,Sunday,Apple,6,44156.88,Krishna Rawat,40,Mumbai,UPI,5,iPhone 12
626,1/3/1900,1/3/1900,7/14/1905,Monday,Xiaomi,8,58714.55,Gita Dutta,28,Delhi,Cash,4,Redmi Note 10
627,1/3/1900,1/3/1900,7/14/1905,Monday,Vivo,3,58476.28,Devendra Singh,27,Rajkot,Credit Card,3,Vivo V20
628,1/3/1900,1/3/1900,7/14/1905,Monday,Vivo,1,21391.16,Rajesh Ghosh,53,Ranchi,Cash,5,Vivo S1
629,1/4/1900,1/3/1900,7/14/1905,Tuesday,OnePlus,3,16610.33,Vivek Bhatnagar,30,Mumbai,Debit Card,5,OnePlus 8T
630,1/4/1900,1/3/1900,7/14/1905,Tuesday,Apple,3,53277.24,Krishna Chatterjee,46,Coimbatore,UPI,5,iPhone 11
631,1/4/1900,1/3/1900,7/14/1905,Tuesday,Samsung,5,19385.62,Shruti Menon,55,Vadodara,Cash,5,Galaxy A51
632,1/5/1900,1/3/1900,7/14/1905,Wednesday,Apple,4,60996.25,Pooja Dutta,30,Delhi,Cash,5,iPhone SE
633,1/5/1900,1/3/1900,7/14/1905,Wednesday,Apple,4,53571.37,Isha Dutta,43,Hyderabad,Cash,5,iPhone 12
634,1/5/1900,1/3/1900,7/14/1905,Wednesday,OnePlus,9,60509.52,Rajesh Pathak,37,Delhi,Credit Card,5,OnePlus 8T
635,1/6/1900,1/3/1900,7/14/1905,Thursday,Samsung,7,27940.76,Kavita Jain,22,Patna,Credit Card,3,Galaxy Note 20
636,1/6/1900,1/3/1900,7/14/1905,Thursday,OnePlus,4,28995.88,Umesh Teja,37,Indore,Credit Card,5,OnePlus 8T
637,1/6/1900,1/3/1900,7/14/1905,Thursday,Samsung,3,50273.29,Anand Siddiqui,31,Delhi,Credit Card,4,Galaxy A51
638,1/7/1900,1/3/1900,7/14/1905,Friday,Xiaomi,6,11886.76,Kavita Goyal,31,Mumbai,UPI,5,Redmi Note 10
639,1/7/1900,1/3/1900,7/14/1905,Friday,Samsung,3,53589.8,Ramesh Mishra,25,Delhi,UPI,3,Galaxy S21
640,1/7/1900,1/3/1900,7/14/1905,Friday,OnePlus,6,60146.98,Kiran Ghosh,30,Jodhpur,Credit Card,5,OnePlus 8T
641,1/8/1900,1/3/1900,7/14/1905,Saturday,Apple,9,34909.82,Navin Malhotra,41,Delhi,Debit Card,4,iPhone 12
642,1/8/1900,1/3/1900,7/14/1905,Saturday,Samsung,6,55892.73,Lalita Thakur,32,Mumbai,Credit Card,4,Galaxy A51
643,1/8/1900,1/3/1900,7/14/1905,Saturday,Samsung,4,20476.66,Harish Kaur,18,Delhi,Credit Card,4,Galaxy A51
644,1/8/1900,1/3/1900,7/14/1905,Saturday,Vivo,5,29335.62,Anjali Patel,39,Mumbai,Debit Card,5,Vivo Y51
645,1/9/1900,1/3/1900,7/14/1905,Sunday,Apple,6,68458.3,Kavita Mehta,51,Rajkot,Cash,5,iPhone 12
646,1/9/1900,1/3/1900,7/14/1905,Sunday,Xiaomi,3,69179.69,Anjali Sharma,57,Delhi,Debit Card,3,Redmi 9
647,1/9/1900,1/3/1900,7/14/1905,Sunday,OnePlus,8,40756.3,Pooja Pillai,20,Kolkata,Debit Card,4,OnePlus Nord
648,1/10/1900,1/3/1900,7/14/1905,Monday,Xiaomi,4,66056.19,Priyanka Ghosh,43,Jodhpur,UPI,5,Redmi 9
649,1/10/1900,1/3/1900,7/14/1905,Monday,Apple,8,41363.84,Manoj Jain,31,Delhi,Cash,5,iPhone SE
650,1/10/1900,1/3/1900,7/14/1905,Monday,Samsung,3,27495.29,Harish Mehta,58,Madurai,Debit Card,5,Galaxy S21
651,1/11/1900,1/3/1900,7/14/1905,Tuesday,Samsung,7,26013.96,Priyanka Pathak,25,Madurai,Credit Card,5,Galaxy A51
652,1/11/1900,1/3/1900,7/14/1905,Tuesday,Apple,9,65770.34,Arun Dutta,33,Mumbai,Debit Card,3,iPhone SE
653,1/11/1900,1/3/1900,7/14/1905,Tuesday,Samsung,4,20346.78,Amit Ghosh,59,Hyderabad,UPI,5,Galaxy S21
654,1/12/1900,1/3/1900,7/14/1905,Wednesday,Samsung,8,44777.95,Anita Shah,38,Coimbatore,Debit Card,4,Galaxy Note 20
655,1/12/1900,1/3/1900,7/14/1905,Wednesday,Samsung,3,43331.5,Tanuja Mathur,27,Hyderabad,Credit Card,5,Galaxy Note 20
656,1/12/1900,1/3/1900,7/14/1905,Wednesday,OnePlus,7,54377.3,Bhavana Sheth,42,Bangalore,Cash,3,OnePlus Nord
657,1/12/1900,1/3/1900,7/14/1905,Wednesday,OnePlus,3,39954.57,Sachin Arora,55,Delhi,UPI,5,OnePlus 8T
658,1/13/1900,1/3/1900,7/14/1905,Thursday,Vivo,7,26337.14,Rajesh Chatterjee,39,Mumbai,Cash,3,Vivo V20
659,1/13/1900,1/3/1900,7/14/1905,Thursday,Xiaomi,6,20163.79,Rajesh Prasad,21,Mumbai,UPI,5,Redmi 9
660,1/13/1900,1/3/1900,7/14/1905,Thursday,Apple,2,47249.13,Vijay Das,21,Bangalore,Credit Card,5,iPhone 12
661,1/14/1900,1/3/1900,7/14/1905,Friday,Apple,3,53139.45,Sunita Verma,47,Vadodara,UPI,5,iPhone 11
662,1/14/1900,1/3/1900,7/14/1905,Friday,Apple,6,44171.28,Sunita Sharma,19,Rajkot,Cash,5,iPhone 11
663,1/14/1900,1/3/1900,7/14/1905,Friday,Vivo,4,54301.08,Radha Rao,46,Delhi,Cash,4,Vivo S1
664,1/15/1900,1/3/1900,7/14/1905,Saturday,OnePlus,6,18491.27,Amit Teja,53,Delhi,Debit Card,5,OnePlus 8T
665,1/15/1900,1/3/1900,7/14/1905,Saturday,Vivo,1,62948.21,Monika Dutta,38,Mumbai,Cash,5,Vivo S1
666,1/15/1900,1/3/1900,7/14/1905,Saturday,Apple,1,44943.73,Namita Kapoor,38,Hyderabad,Debit Card,3,iPhone SE
667,1/15/1900,1/3/1900,7/14/1905,Saturday,Xiaomi,3,17610.64,Sunita Ahuja,38,Hyderabad,Cash,5,Redmi Note 10
668,1/16/1900,1/3/1900,7/14/1905,Sunday,Samsung,8,37715.51,Reena Desai,21,Delhi,Debit Card,3,Galaxy Note 20
669,1/16/1900,1/3/1900,7/14/1905,Sunday,OnePlus,8,60687.5,Bhavana Mehta,18,Bhopal,Credit Card,5,OnePlus 8T
670,1/16/1900,1/3/1900,7/14/1905,Sunday,OnePlus,4,63853.73,Bina Teja,43,Mumbai,Debit Card,3,OnePlus Nord
671,1/17/1900,1/3/1900,7/14/1905,Monday,Vivo,6,25878.97,Ravi Kumar,19,Vadodara,Cash,5,Vivo S1
672,1/17/1900,1/3/1900,7/14/1905,Monday,OnePlus,8,52675.95,Sunil Singh,26,Delhi,Credit Card,5,OnePlus Nord
673,1/17/1900,1/3/1900,7/14/1905,Monday,Apple,7,15999.11,Meena Pillai,35,Gorakhpur,UPI,3,iPhone SE
674,1/18/1900,1/3/1900,7/14/1905,Tuesday,Apple,7,12012.75,Ayesha Siddiqui,59,Mumbai,Cash,4,iPhone 12
675,1/18/1900,1/3/1900,7/14/1905,Tuesday,Vivo,4,43623.94,Bina Singh,58,Delhi,Debit Card,5,Vivo Y51
676,1/18/1900,1/3/1900,7/14/1905,Tuesday,Apple,9,51689.65,Lata Patel,28,Delhi,UPI,5,iPhone 12
677,1/19/1900,1/3/1900,7/14/1905,Wednesday,Xiaomi,6,57747.2,Lalita Shah,42,Kolkata,Debit Card,4,Mi 11
678,1/19/1900,1/3/1900,7/14/1905,Wednesday,Vivo,3,30412.97,Pooja Dutta,43,Delhi,UPI,5,Vivo V20
679,1/19/1900,1/3/1900,7/14/1905,Wednesday,Xiaomi,5,10391.52,Priya Mehta,53,Gorakhpur,Credit Card,4,Redmi 9
680,1/20/1900,1/3/1900,7/14/1905,Thursday,Samsung,5,38771.15,Yogesh Mishra,59,Gorakhpur,Cash,5,Galaxy S21
681,1/20/1900,1/3/1900,7/14/1905,Thursday,Xiaomi,5,10951.21,Mala Goyal,52,Delhi,Credit Card,5,Redmi Note 10
682,1/20/1900,1/3/1900,7/14/1905,Thursday,Samsung,8,15519.07,Vinod Chatterjee,55,Delhi,Cash,5,Galaxy A51
683,1/21/1900,1/3/1900,7/14/1905,Friday,Samsung,9,29601.34,Sunita Luthra,20,Coimbatore,UPI,5,Galaxy A51
684,1/21/1900,1/3/1900,7/14/1905,Friday,Xiaomi,9,36230.32,Anand Joshi,58,Ranchi,Credit Card,5,Mi 11
685,1/21/1900,1/3/1900,7/14/1905,Friday,Vivo,6,26768.17,Lata Chaudhary,52,Coimbatore,Cash,4,Vivo Y51
686,1/21/1900,1/3/1900,7/14/1905,Friday,Apple,6,44911.92,Harish Mehta,57,Hyderabad,UPI,5,iPhone 12
687,1/22/1900,1/3/1900,7/14/1905,Saturday,Apple,9,13320.99,Neeta Menon,39,Mumbai,Credit Card,5,iPhone 12
688,1/22/1900,1/3/1900,7/14/1905,Saturday,Samsung,4,18674.78,Pankaj Shah,25,Bangalore,Credit Card,3,Galaxy S21
689,1/22/1900,1/3/1900,7/14/1905,Saturday,Samsung,6,51715.5,Prashant Deshmukh,32,Delhi,Credit Card,5,Galaxy A51
690,1/22/1900,1/3/1900,7/14/1905,Saturday,Vivo,4,18528.45,Sunita Verma,24,Delhi,Credit Card,5,Vivo Y51
691,1/23/1900,1/3/1900,7/14/1905,Sunday,OnePlus,1,48386.51,Gita Teja,36,Hyderabad,Debit Card,5,OnePlus 9
692,1/23/1900,1/3/1900,7/14/1905,Sunday,Xiaomi,7,13281.08,Sachin Goyal,57,Bhopal,UPI,3,Mi 11
693,1/23/1900,1/3/1900,7/14/1905,Sunday,Samsung,6,34442.94,Bina Goyal,59,Ludhiana,Debit Card,5,Galaxy Note 20
694,1/23/1900,1/3/1900,7/14/1905,Sunday,Apple,9,20644.57,Sneha Arora,34,Delhi,UPI,5,iPhone SE
695,1/24/1900,1/3/1900,7/14/1905,Monday,Vivo,7,16578.18,Ravi Reddy,18,Ranchi,UPI,5,Vivo S1
696,1/24/1900,1/3/1900,7/14/1905,Monday,Xiaomi,7,44021.97,Navin Pathak,46,Coimbatore,UPI,4,Redmi Note 10
697,1/24/1900,1/3/1900,7/14/1905,Monday,Vivo,2,65700.15,Nikhil Jain,30,Mumbai,Cash,3,Vivo V20
698,1/25/1900,1/3/1900,7/14/1905,Tuesday,Xiaomi,9,13287.22,Amit Ghosh,46,Rajkot,UPI,5,Redmi Note 10
699,1/25/1900,1/3/1900,7/14/1905,Tuesday,Xiaomi,9,35293.25,Lalita Rathod,58,Mumbai,Credit Card,5,Redmi Note 10
700,1/25/1900,1/3/1900,7/14/1905,Tuesday,Samsung,6,52452.13,Isha Kaur,59,Ranchi,Debit Card,5,Galaxy S21
701,1/26/1900,1/3/1900,7/14/1905,Wednesday,Vivo,3,37761.27,Vivek Mishra,23,Delhi,Credit Card,5,Vivo Y51
702,1/26/1900,1/3/1900,7/14/1905,Wednesday,Vivo,1,58389.76,Kavita Desai,22,Kanpur,Credit Card,5,Vivo Y51
703,1/26/1900,1/3/1900,7/14/1905,Wednesday,Apple,4,20778.72,Anjali Pathak,51,Hyderabad,Debit Card,4,iPhone SE
704,1/27/1900,1/3/1900,7/14/1905,Thursday,Apple,3,67575.65,Monika Rathod,28,Mumbai,Credit Card,5,iPhone SE
705,1/27/1900,1/3/1900,7/14/1905,Thursday,Samsung,1,33109.76,Anita Kulkarni,26,Delhi,Cash,5,Galaxy Note 20
706,1/27/1900,1/3/1900,7/14/1905,Thursday,Samsung,3,30494.18,Namita Patel,55,Mumbai,Credit Card,5,Galaxy A51
707,1/27/1900,1/3/1900,7/14/1905,Thursday,OnePlus,4,62476.35,Priyanka Goyal,57,Delhi,Credit Card,5,OnePlus Nord
708,1/28/1900,1/3/1900,7/14/1905,Friday,Apple,8,43832.02,Bina Siddiqui,58,Delhi,Debit Card,5,iPhone 12
709,1/28/1900,1/3/1900,7/14/1905,Friday,Xiaomi,9,40986.66,Meena Verma,26,Jodhpur,Credit Card,5,Redmi 9
710,1/28/1900,1/3/1900,7/14/1905,Friday,Vivo,3,53618.68,Aditya Rao,25,Indore,Debit Card,5,Vivo S1
711,1/29/1900,1/3/1900,7/14/1905,Saturday,Samsung,6,44790.05,Rohan Goyal,57,Mumbai,UPI,3,Galaxy A51
712,1/29/1900,1/3/1900,7/14/1905,Saturday,Vivo,5,19750.94,Amit Chatterjee,20,Kolkata,UPI,5,Vivo Y51
713,1/29/1900,1/3/1900,7/14/1905,Saturday,Vivo,6,50451.86,Devendra Singh,30,Chennai,Cash,5,Vivo Y51
714,12/31/1899,1/4/1900,7/14/1905,Sunday,OnePlus,4,18008.13,Bhavana Malhotra,36,Jodhpur,Debit Card,5,OnePlus 9
715,12/31/1899,1/4/1900,7/14/1905,Sunday,Apple,6,58351.46,Lata Shah,51,Bhopal,Debit Card,4,iPhone SE
716,12/31/1899,1/4/1900,7/14/1905,Sunday,Samsung,7,69384.2,Vijay Malhotra,49,Mumbai,Debit Card,5,Galaxy Note 20
717,12/31/1899,1/4/1900,7/14/1905,Sunday,Vivo,9,32643.26,Tapan Luthra,33,Delhi,Cash,5,Vivo V20
718,1/1/1900,1/4/1900,7/14/1905,Monday,Samsung,7,36685.35,Vivek Alva,53,Delhi,Cash,4,Galaxy A51
719,1/1/1900,1/4/1900,7/14/1905,Monday,Xiaomi,6,12786.02,Manoj Luthra,35,Kolkata,Credit Card,5,Redmi Note 10
720,1/1/1900,1/4/1900,7/14/1905,Monday,OnePlus,1,10823.99,Sachin Jain,31,Bhopal,Debit Card,5,OnePlus 9
721,1/2/1900,1/4/1900,7/14/1905,Tuesday,Xiaomi,2,65285.16,Sumit Joshi,47,Kolkata,Cash,5,Redmi 9
722,1/2/1900,1/4/1900,7/14/1905,Tuesday,Samsung,1,17717.44,Bhavana Varma,19,Delhi,UPI,4,Galaxy Note 20
723,1/2/1900,1/4/1900,7/14/1905,Tuesday,Samsung,9,36746.72,Jyoti Alva,30,Indore,UPI,5,Galaxy A51
724,1/2/1900,1/4/1900,7/14/1905,Tuesday,Apple,9,58921.28,Amit Ghosh,44,Madurai,Debit Card,5,iPhone SE
725,1/3/1900,1/4/1900,7/14/1905,Wednesday,Vivo,7,63359.13,Arun Sheth,34,Gorakhpur,UPI,5,Vivo S1
726,1/3/1900,1/4/1900,7/14/1905,Wednesday,Vivo,2,41163.86,Meena Malhotra,48,Delhi,Credit Card,4,Vivo Y51
727,1/3/1900,1/4/1900,7/14/1905,Wednesday,Xiaomi,6,43901.95,Pankaj Shah,32,Chennai,Credit Card,4,Redmi 9
728,1/3/1900,1/4/1900,7/14/1905,Wednesday,OnePlus,4,50181.04,Ravi Varma,37,Hyderabad,Debit Card,5,OnePlus 8T
729,1/4/1900,1/4/1900,7/14/1905,Thursday,Vivo,1,67682.95,Tanuja Reddy,22,Delhi,Cash,4,Vivo V20
730,1/4/1900,1/4/1900,7/14/1905,Thursday,Apple,1,46160.2,Sunita Mehta,24,Delhi,Cash,5,iPhone 11
731,1/4/1900,1/4/1900,7/14/1905,Thursday,Xiaomi,5,43568.52,Lalita Patel,35,Hyderabad,Cash,4,Redmi Note 10
732,1/4/1900,1/4/1900,7/14/1905,Thursday,Xiaomi,2,10872.05,Anjali Thakur,28,Delhi,Cash,3,Redmi Note 10
733,1/5/1900,1/4/1900,7/14/1905,Friday,Apple,4,14856.98,Yogesh Malhotra,49,Delhi,Debit Card,5,iPhone SE
734,1/5/1900,1/4/1900,7/14/1905,Friday,OnePlus,1,44630.3,Deepika Malhotra,44,Bhopal,Credit Card,5,OnePlus 8T
735,1/5/1900,1/4/1900,7/14/1905,Friday,Apple,4,66174.42,Sunil Varma,43,Delhi,Debit Card,5,iPhone 12
736,1/6/1900,1/4/1900,7/14/1905,Saturday,OnePlus,6,62001.48,Jyoti Iyer,54,Mumbai,Debit Card,5,OnePlus 9
737,1/6/1900,1/4/1900,7/14/1905,Saturday,Apple,4,68954.74,Sneha Patel,45,Delhi,UPI,3,iPhone 11
738,1/6/1900,1/4/1900,7/14/1905,Saturday,Apple,1,41670.04,Yogesh Roy,19,Gorakhpur,Credit Card,5,iPhone 11
739,1/7/1900,1/4/1900,7/14/1905,Sunday,Samsung,7,57275.86,Kavita Siddiqui,37,Delhi,Cash,5,Galaxy S21
740,1/7/1900,1/4/1900,7/14/1905,Sunday,Xiaomi,2,60424.02,Pooja Arora,21,Delhi,Credit Card,5,Redmi Note 10
741,1/7/1900,1/4/1900,7/14/1905,Sunday,Apple,9,48881.9,Arun Ghosh,30,Ranchi,UPI,5,iPhone 11
742,1/8/1900,1/4/1900,7/14/1905,Monday,Apple,3,30324.99,Aditya Luthra,41,Bangalore,Debit Card,5,iPhone 11
743,1/8/1900,1/4/1900,7/14/1905,Monday,Vivo,8,38198.71,Navin Chaudhary,55,Bangalore,Credit Card,4,Vivo V20
744,1/8/1900,1/4/1900,7/14/1905,Monday,Xiaomi,8,61475.02,Kunal Deshmukh,57,Delhi,UPI,5,Redmi 9
745,1/9/1900,1/4/1900,7/14/1905,Tuesday,Vivo,3,27912.88,Pankaj Srivastava,46,Mumbai,Debit Card,5,Vivo Y51
746,1/9/1900,1/4/1900,7/14/1905,Tuesday,Xiaomi,4,65424.59,Krishna Pillai,53,Delhi,Cash,3,Redmi Note 10
747,1/9/1900,1/4/1900,7/14/1905,Tuesday,Vivo,2,23788.38,Mala Mathur,19,Delhi,Credit Card,5,Vivo V20
748,1/10/1900,1/4/1900,7/14/1905,Wednesday,Apple,4,54970.98,Navin Kapoor,58,Delhi,Cash,4,iPhone SE
749,1/10/1900,1/4/1900,7/14/1905,Wednesday,Apple,9,47833.55,Neeta Ghosh,35,Mumbai,Cash,4,iPhone 11
750,1/10/1900,1/4/1900,7/14/1905,Wednesday,Samsung,2,54975.97,Manoj Kulkarni,25,Delhi,UPI,5,Galaxy S21
751,1/11/1900,1/4/1900,7/14/1905,Thursday,Vivo,3,36240.85,Ravi Ghosh,32,Mumbai,UPI,5,Vivo S1
752,1/11/1900,1/4/1900,7/14/1905,Thursday,OnePlus,4,65958.46,Kiran Siddiqui,58,Kanpur,Debit Card,5,OnePlus 8T
753,1/11/1900,1/4/1900,7/14/1905,Thursday,Samsung,5,47948.33,Mala Verma,34,Vadodara,Cash,4,Galaxy A51
754,1/12/1900,1/4/1900,7/14/1905,Friday,Vivo,1,27297.75,Jyoti Ahuja,40,Delhi,UPI,4,Vivo V20
755,1/12/1900,1/4/1900,7/14/1905,Friday,Vivo,7,48307.3,Umesh Kaur,19,Mumbai,UPI,3,Vivo S1
756,1/12/1900,1/4/1900,7/14/1905,Friday,Samsung,7,27208.94,Nikhil Varma,23,Bhopal,Cash,3,Galaxy S21
757,1/12/1900,1/4/1900,7/14/1905,Friday,Apple,9,27617.94,Namita Mehta,46,Rajkot,Debit Card,4,iPhone 12
758,1/13/1900,1/4/1900,7/14/1905,Saturday,Vivo,4,33975.91,Isha Dutta,44,Madurai,Cash,3,Vivo S1
759,1/13/1900,1/4/1900,7/14/1905,Saturday,Apple,6,61145.83,Vinod Arora,54,Vadodara,Debit Card,3,iPhone SE
760,1/13/1900,1/4/1900,7/14/1905,Saturday,Samsung,2,40017.87,Meena Mathur,51,Mumbai,Debit Card,3,Galaxy S21
761,1/14/1900,1/4/1900,7/14/1905,Sunday,Apple,4,50734.05,Sunil Kumar,35,Madurai,UPI,4,iPhone SE
762,1/14/1900,1/4/1900,7/14/1905,Sunday,Xiaomi,2,33518.06,Rohan Singh,59,Delhi,Cash,5,Mi 11
763,1/14/1900,1/4/1900,7/14/1905,Sunday,OnePlus,5,25816.33,Anand Kapoor,27,Vadodara,Cash,5,OnePlus 8T
764,1/14/1900,1/4/1900,7/14/1905,Sunday,Vivo,7,67278.41,Mala Ghosh,55,Rajkot,UPI,5,Vivo S1
765,1/15/1900,1/4/1900,7/14/1905,Monday,OnePlus,1,46214.87,Priya Kaur,34,Mumbai,Credit Card,3,OnePlus Nord
766,1/15/1900,1/4/1900,7/14/1905,Monday,Apple,7,66037.08,Meena Joshi,30,Mumbai,Credit Card,5,iPhone 11
767,1/15/1900,1/4/1900,7/14/1905,Monday,Vivo,6,22204.78,Sachin Joshi,59,Madurai,Cash,5,Vivo V20
768,1/16/1900,1/4/1900,7/14/1905,Tuesday,Apple,6,18813.65,Arun Dutta,44,Bangalore,UPI,5,iPhone 12
769,1/16/1900,1/4/1900,7/14/1905,Tuesday,Xiaomi,8,61349.37,Sunita Nair,19,Madurai,Debit Card,3,Mi 11
770,1/16/1900,1/4/1900,7/14/1905,Tuesday,Samsung,8,50855.03,Rajesh Kaur,51,Patna,Debit Card,5,Galaxy S21
771,1/17/1900,1/4/1900,7/14/1905,Wednesday,Vivo,6,21194.71,Anand Kaur,48,Coimbatore,Cash,5,Vivo S1
772,1/17/1900,1/4/1900,7/14/1905,Wednesday,Xiaomi,3,26161.58,Kunal Yadav,40,Mumbai,UPI,5,Redmi 9
773,1/17/1900,1/4/1900,7/14/1905,Wednesday,Xiaomi,5,58039.84,Rohan Sheth,24,Delhi,Cash,5,Mi 11
774,1/18/1900,1/4/1900,7/14/1905,Thursday,Vivo,2,37232.12,Vivek Bhattacharya,55,Kanpur,Cash,5,Vivo Y51
775,1/18/1900,1/4/1900,7/14/1905,Thursday,Apple,5,50232.43,Ravi Gupta,50,Delhi,UPI,3,iPhone 11
776,1/18/1900,1/4/1900,7/14/1905,Thursday,Xiaomi,9,29101.12,Ravi Bhattacharya,29,Delhi,Cash,5,Mi 11
777,1/18/1900,1/4/1900,7/14/1905,Thursday,OnePlus,1,32873.8,Deepika Shah,29,Kolkata,Debit Card,4,OnePlus 9
778,1/19/1900,1/4/1900,7/14/1905,Friday,Xiaomi,5,69442.75,Shruti Shah,36,Mumbai,Credit Card,3,Redmi Note 10
779,1/19/1900,1/4/1900,7/14/1905,Friday,Apple,6,24857.03,Namita Mehta,26,Delhi,Debit Card,4,iPhone 12
780,1/19/1900,1/4/1900,7/14/1905,Friday,Apple,7,40387.38,Radha Pathak,27,Rajkot,Credit Card,5,iPhone SE
781,1/19/1900,1/4/1900,7/14/1905,Friday,OnePlus,9,60664.14,Arun Chaudhary,34,Delhi,UPI,5,OnePlus Nord
782,1/20/1900,1/4/1900,7/14/1905,Saturday,Xiaomi,6,24353.39,Arun Goyal,57,Delhi,Cash,3,Mi 11
783,1/20/1900,1/4/1900,7/14/1905,Saturday,Apple,5,34912.83,Umesh Srivastava,56,Indore,Credit Card,3,iPhone 11
784,1/20/1900,1/4/1900,7/14/1905,Saturday,Vivo,7,46905.48,Deepika Patel,58,Chennai,UPI,5,Vivo V20
785,1/20/1900,1/4/1900,7/14/1905,Saturday,Samsung,1,38871.29,Amit Prasad,27,Mumbai,UPI,2,Galaxy S21
786,1/21/1900,1/4/1900,7/14/1905,Sunday,Samsung,5,37570.14,Yogesh Sharma,29,Delhi,UPI,5,Galaxy S21
787,1/21/1900,1/4/1900,7/14/1905,Sunday,Samsung,2,31750.58,Monika Deshmukh,32,Delhi,Debit Card,5,Galaxy Note 20
788,1/21/1900,1/4/1900,7/14/1905,Sunday,Xiaomi,4,45198.78,Tanuja Dutta,48,Rajkot,Debit Card,3,Redmi Note 10
789,1/21/1900,1/4/1900,7/14/1905,Sunday,OnePlus,7,47462.36,Sunil Patel,32,Indore,Credit Card,2,OnePlus 8T
790,1/22/1900,1/4/1900,7/14/1905,Monday,Apple,5,49197.37,Amit Sheth,45,Mumbai,Credit Card,3,iPhone 11
791,1/22/1900,1/4/1900,7/14/1905,Monday,Vivo,6,14222.09,Vivek Luthra,21,Mumbai,Debit Card,4,Vivo S1
792,1/22/1900,1/4/1900,7/14/1905,Monday,Vivo,2,47862.05,Radha Alva,53,Gorakhpur,Credit Card,3,Vivo S1
793,1/23/1900,1/4/1900,7/14/1905,Tuesday,Xiaomi,3,67194.23,Radha Alva,18,Coimbatore,Credit Card,5,Mi 11
794,1/23/1900,1/4/1900,7/14/1905,Tuesday,Samsung,7,42459.17,Tapan Rawat,51,Mumbai,Cash,5,Galaxy S21
795,1/23/1900,1/4/1900,7/14/1905,Tuesday,Xiaomi,2,52916.02,Sumit Roy,34,Ludhiana,Credit Card,3,Mi 11
796,1/23/1900,1/4/1900,7/14/1905,Tuesday,OnePlus,6,43403.94,Sachin Shah,56,Delhi,UPI,4,OnePlus 8T
797,1/24/1900,1/4/1900,7/14/1905,Wednesday,OnePlus,5,61284.44,Sunil Jain,55,Mumbai,Cash,4,OnePlus 8T
798,1/24/1900,1/4/1900,7/14/1905,Wednesday,Apple,1,65774.99,Bina Mishra,50,Ludhiana,Credit Card,5,iPhone 11
799,1/24/1900,1/4/1900,7/14/1905,Wednesday,Apple,4,21053.19,Arun Yadav,38,Indore,Cash,4,iPhone SE
800,1/25/1900,1/4/1900,7/14/1905,Thursday,OnePlus,2,36211.6,Jyoti Bhattacharya,43,Delhi,UPI,5,OnePlus Nord
801,1/25/1900,1/4/1900,7/14/1905,Thursday,OnePlus,4,33542.93,Sunita Teja,53,Hyderabad,Credit Card,5,OnePlus 8T
802,1/25/1900,1/4/1900,7/14/1905,Thursday,OnePlus,1,34312.91,Kiran Siddiqui,22,Kanpur,Cash,5,OnePlus Nord
803,1/26/1900,1/4/1900,7/14/1905,Friday,Xiaomi,2,17531.45,Meena Yadav,50,Bangalore,Credit Card,2,Redmi 9
804,1/26/1900,1/4/1900,7/14/1905,Friday,OnePlus,8,58816.94,Mala Malhotra,18,Delhi,Cash,4,OnePlus 9
805,1/26/1900,1/4/1900,7/14/1905,Friday,Vivo,6,12145.97,Anita Srivastava,23,Delhi,Cash,4,Vivo S1
806,1/26/1900,1/4/1900,7/14/1905,Friday,Samsung,2,41693.6,Sachin Varma,54,Bhopal,UPI,3,Galaxy A51
807,1/27/1900,1/4/1900,7/14/1905,Saturday,OnePlus,6,49712.7,Pankaj Shah,19,Coimbatore,UPI,2,OnePlus 8T
808,1/27/1900,1/4/1900,7/14/1905,Saturday,Samsung,9,22448.17,Prashant Shah,22,Kolkata,Credit Card,3,Galaxy A51
809,1/27/1900,1/4/1900,7/14/1905,Saturday,Xiaomi,7,64351.01,Navin Gupta,43,Mumbai,Debit Card,5,Redmi 9
810,1/27/1900,1/4/1900,7/14/1905,Saturday,Samsung,9,60312.95,Pankaj Alva,58,Indore,Credit Card,5,Galaxy A51
811,1/28/1900,1/4/1900,7/14/1905,Sunday,Xiaomi,5,38265.02,Amit Joshi,30,Delhi,Cash,4,Mi 11
812,1/28/1900,1/4/1900,7/14/1905,Sunday,Vivo,7,34668.94,Prashant Chatterjee,29,Mumbai,UPI,5,Vivo Y51
813,1/28/1900,1/4/1900,7/14/1905,Sunday,Xiaomi,7,24194.08,Jyoti Gupta,22,Lucknow,UPI,5,Redmi 9
814,1/28/1900,1/4/1900,7/14/1905,Sunday,Xiaomi,3,53799.59,Meena Malhotra,19,Coimbatore,Cash,5,Mi 11
815,1/29/1900,1/4/1900,7/14/1905,Monday,Apple,7,17904.63,Priya Roy,21,Delhi,Debit Card,2,iPhone 11
816,1/29/1900,1/4/1900,7/14/1905,Monday,OnePlus,1,50814.27,Shruti Verma,44,Hyderabad,UPI,3,OnePlus 9
817,1/29/1900,1/4/1900,7/14/1905,Monday,OnePlus,9,60547.42,Priya Singh,27,Jodhpur,Debit Card,4,OnePlus Nord
818,1/29/1900,1/4/1900,7/14/1905,Monday,Vivo,6,23708.29,Amit Goyal,30,Delhi,UPI,4,Vivo V20
819,1/30/1900,1/4/1900,7/14/1905,Tuesday,Vivo,5,61985.64,Aditya Nair,19,Indore,Cash,5,Vivo S1
820,1/30/1900,1/4/1900,7/14/1905,Tuesday,OnePlus,7,11999.39,Aditya Jain,43,Mumbai,Credit Card,2,OnePlus Nord
821,1/30/1900,1/4/1900,7/14/1905,Tuesday,Apple,5,64767.24,Aditya Rao,32,Mumbai,Credit Card,5,iPhone 12
822,1/30/1900,1/4/1900,7/14/1905,Tuesday,OnePlus,5,17101.73,Anita Menon,27,Kolkata,Debit Card,2,OnePlus 9
823,12/31/1899,1/5/1900,7/14/1905,Wednesday,Apple,7,48745.55,Pooja Joshi,39,Rajkot,Credit Card,4,iPhone SE
824,12/31/1899,1/5/1900,7/14/1905,Wednesday,Vivo,7,25004.95,Krishna Goyal,57,Delhi,Cash,3,Vivo V20
825,12/31/1899,1/5/1900,7/14/1905,Wednesday,Samsung,3,60193.14,Sumit Teja,42,Delhi,Credit Card,5,Galaxy S21
826,12/31/1899,1/5/1900,7/14/1905,Wednesday,Vivo,3,40738.02,Kiran Mathur,32,Delhi,Debit Card,5,Vivo Y51
827,1/1/1900,1/5/1900,7/14/1905,Thursday,Vivo,3,18114.47,Bina Solanki,30,Kanpur,Cash,5,Vivo S1
828,1/1/1900,1/5/1900,7/14/1905,Thursday,Xiaomi,6,44259.49,Sneha Yadav,25,Lucknow,Cash,5,Mi 11
829,1/1/1900,1/5/1900,7/14/1905,Thursday,Xiaomi,6,34472.96,Pooja Kaur,38,Delhi,UPI,3,Redmi 9
830,1/1/1900,1/5/1900,7/14/1905,Thursday,Xiaomi,3,49686.87,Namita Ghosh,38,Mumbai,UPI,4,Mi 11
831,1/2/1900,1/5/1900,7/14/1905,Friday,Xiaomi,3,62914.2,Sunita Mathur,39,Rajkot,Credit Card,4,Redmi 9
832,1/2/1900,1/5/1900,7/14/1905,Friday,Apple,8,34563.35,Vivek Srivastava,50,Delhi,Debit Card,2,iPhone 11
833,1/2/1900,1/5/1900,7/14/1905,Friday,OnePlus,8,27392.84,Radha Sheth,44,Delhi,Cash,2,OnePlus Nord
834,1/2/1900,1/5/1900,7/14/1905,Friday,Samsung,7,10870.91,Nikhil Menon,57,Ludhiana,Credit Card,4,Galaxy Note 20
835,1/3/1900,1/5/1900,7/14/1905,Saturday,Vivo,4,44490.34,Aditya Kulkarni,39,Kolkata,Credit Card,5,Vivo V20
836,1/3/1900,1/5/1900,7/14/1905,Saturday,Apple,4,34136.49,Krishna Rathod,47,Delhi,UPI,3,iPhone SE
837,1/3/1900,1/5/1900,7/14/1905,Saturday,Samsung,3,32478.95,Reena Arora,26,Patna,Credit Card,4,Galaxy S21
838,1/4/1900,1/5/1900,7/14/1905,Sunday,Apple,5,20976.12,Anita Pathak,52,Mumbai,Credit Card,3,iPhone 11
839,1/4/1900,1/5/1900,7/14/1905,Sunday,Apple,3,35803.32,Yogesh Rao,35,Coimbatore,UPI,5,iPhone SE
840,1/4/1900,1/5/1900,7/14/1905,Sunday,Vivo,8,69066.52,Umesh Teja,59,Indore,Credit Card,5,Vivo Y51
841,1/4/1900,1/5/1900,7/14/1905,Sunday,OnePlus,7,27865.25,Vivek Yadav,22,Hyderabad,Credit Card,5,OnePlus 8T
842,1/5/1900,1/5/1900,7/14/1905,Monday,Xiaomi,3,45982.26,Sunil Siddiqui,44,Delhi,Cash,4,Redmi Note 10
843,1/5/1900,1/5/1900,7/14/1905,Monday,OnePlus,9,56589.21,Vivek Srivastava,23,Patna,Credit Card,2,OnePlus Nord
844,1/5/1900,1/5/1900,7/14/1905,Monday,Vivo,5,54949.47,Navin Pathak,49,Ranchi,UPI,4,Vivo Y51
845,1/5/1900,1/5/1900,7/14/1905,Monday,Vivo,9,29726.46,Tanuja Goyal,25,Delhi,UPI,5,Vivo V20
846,1/6/1900,1/5/1900,7/14/1905,Tuesday,Vivo,7,46651.61,Tanuja Bhatnagar,56,Delhi,Cash,3,Vivo V20
847,1/6/1900,1/5/1900,7/14/1905,Tuesday,Samsung,7,62275.88,Monika Srivastava,38,Rajkot,UPI,4,Galaxy S21
848,1/6/1900,1/5/1900,7/14/1905,Tuesday,OnePlus,6,10926.85,Priyanka Goyal,35,Kanpur,UPI,2,OnePlus 9
849,1/7/1900,1/5/1900,7/14/1905,Wednesday,OnePlus,2,36144.06,Harish Prasad,31,Mumbai,UPI,5,OnePlus 8T
850,1/7/1900,1/5/1900,7/14/1905,Wednesday,Apple,9,23456.41,Vinod Ahuja,32,Patna,Credit Card,4,iPhone 11
851,1/7/1900,1/5/1900,7/14/1905,Wednesday,Apple,6,33317.94,Tapan Gupta,59,Ludhiana,Cash,5,iPhone 11
852,1/7/1900,1/5/1900,7/14/1905,Wednesday,Apple,8,34959.38,Tapan Joshi,43,Lucknow,Debit Card,5,iPhone SE
853,1/8/1900,1/5/1900,7/14/1905,Thursday,Vivo,1,54800.26,Krishna Menon,49,Delhi,Cash,5,Vivo S1
854,1/8/1900,1/5/1900,7/14/1905,Thursday,OnePlus,5,15629.31,Pankaj Sheth,56,Mumbai,Cash,3,OnePlus 9
855,1/8/1900,1/5/1900,7/14/1905,Thursday,Vivo,1,40755.03,Anand Srivastava,45,Mumbai,Cash,5,Vivo Y51
856,1/9/1900,1/5/1900,7/14/1905,Friday,Samsung,8,43851.69,Rohan Dutta,56,Delhi,Debit Card,5,Galaxy S21
857,1/9/1900,1/5/1900,7/14/1905,Friday,Apple,8,39649.46,Pooja Kaur,49,Delhi,Debit Card,2,iPhone 11
858,1/9/1900,1/5/1900,7/14/1905,Friday,Vivo,1,53912.4,Yogesh Kulkarni,30,Kanpur,UPI,2,Vivo S1
859,1/10/1900,1/5/1900,7/14/1905,Saturday,Vivo,9,33027.48,Sachin Joshi,32,Ranchi,Credit Card,5,Vivo V20
860,1/10/1900,1/5/1900,7/14/1905,Saturday,Samsung,2,66698.02,Devendra Rao,35,Indore,UPI,2,Galaxy Note 20
861,1/10/1900,1/5/1900,7/14/1905,Saturday,Xiaomi,9,38908.21,Manoj Pathak,56,Ranchi,UPI,5,Mi 11
862,1/10/1900,1/5/1900,7/14/1905,Saturday,OnePlus,1,44272.83,Kunal Deshmukh,23,Gorakhpur,Debit Card,4,OnePlus 8T
863,1/11/1900,1/5/1900,7/14/1905,Sunday,Xiaomi,9,59531.85,Ayesha Ghosh,28,Ranchi,UPI,5,Redmi Note 10
864,1/11/1900,1/5/1900,7/14/1905,Sunday,Apple,4,26514.17,Rohan Mishra,49,Mumbai,UPI,4,iPhone SE
865,1/11/1900,1/5/1900,7/14/1905,Sunday,Vivo,9,14512.12,Sumit Alva,57,Ludhiana,Debit Card,2,Vivo Y51
866,1/12/1900,1/5/1900,7/14/1905,Monday,Samsung,7,52467.04,Anita Mehta,37,Mumbai,Cash,3,Galaxy S21
867,1/12/1900,1/5/1900,7/14/1905,Monday,Samsung,6,38980.71,Umesh Menon,50,Kolkata,Cash,3,Galaxy Note 20
868,1/12/1900,1/5/1900,7/14/1905,Monday,OnePlus,5,63790.26,Deepika Gupta,57,Indore,Debit Card,5,OnePlus 9
869,1/13/1900,1/5/1900,7/14/1905,Tuesday,Xiaomi,9,68960.8,Tanuja Dutta,25,Kolkata,Credit Card,5,Redmi 9
870,1/13/1900,1/5/1900,7/14/1905,Tuesday,OnePlus,2,33946.56,Sachin Rawat,52,Vadodara,UPI,2,OnePlus 8T
871,1/13/1900,1/5/1900,7/14/1905,Tuesday,Vivo,2,34926.34,Ayesha Kaur,22,Jodhpur,Cash,3,Vivo V20
872,1/14/1900,1/5/1900,7/14/1905,Wednesday,OnePlus,9,34477.76,Anjali Ahuja,52,Coimbatore,Debit Card,3,OnePlus 8T
873,1/14/1900,1/5/1900,7/14/1905,Wednesday,Samsung,3,29473.25,Isha Nair,31,Jodhpur,Credit Card,5,Galaxy S21
874,1/14/1900,1/5/1900,7/14/1905,Wednesday,Samsung,8,56901.23,Bhavana Kapoor,38,Lucknow,UPI,3,Galaxy A51
875,1/15/1900,1/5/1900,7/14/1905,Thursday,Apple,9,55539.75,Prashant Dutta,41,Bhopal,Debit Card,5,iPhone SE
876,1/15/1900,1/5/1900,7/14/1905,Thursday,Apple,8,38718.69,Anand Kaur,34,Rajkot,Debit Card,5,iPhone 12
877,1/15/1900,1/5/1900,7/14/1905,Thursday,Vivo,4,12679.67,Deepika Verma,35,Kanpur,Debit Card,3,Vivo S1
878,1/15/1900,1/5/1900,7/14/1905,Thursday,Xiaomi,1,28573.56,Kiran Rathod,51,Madurai,UPI,4,Mi 11
879,1/16/1900,1/5/1900,7/14/1905,Friday,OnePlus,4,27538.18,Meena Das,29,Mumbai,Cash,2,OnePlus Nord
880,1/16/1900,1/5/1900,7/14/1905,Friday,Vivo,9,58665.23,Pankaj Srivastava,33,Delhi,UPI,5,Vivo Y51
881,1/16/1900,1/5/1900,7/14/1905,Friday,Apple,2,15254.53,Sneha Rao,21,Ranchi,UPI,3,iPhone SE
882,1/17/1900,1/5/1900,7/14/1905,Saturday,OnePlus,3,58340.52,Nikhil Patel,42,Jodhpur,Cash,3,OnePlus Nord
883,1/17/1900,1/5/1900,7/14/1905,Saturday,Apple,8,50151.02,Lalita Siddiqui,51,Delhi,Debit Card,5,iPhone 11
884,1/17/1900,1/5/1900,7/14/1905,Saturday,OnePlus,6,53946.49,Radha Kulkarni,45,Delhi,Credit Card,4,OnePlus Nord
885,1/17/1900,1/5/1900,7/14/1905,Saturday,Xiaomi,8,35932.79,Meena Kumar,28,Vadodara,Credit Card,3,Mi 11
886,1/18/1900,1/5/1900,7/14/1905,Sunday,Vivo,7,50783.55,Vinod Chatterjee,30,Kolkata,Cash,5,Vivo Y51
887,1/18/1900,1/5/1900,7/14/1905,Sunday,OnePlus,5,46541.74,Priyanka Nambiar,48,Rajkot,Cash,2,OnePlus Nord
888,1/18/1900,1/5/1900,7/14/1905,Sunday,Samsung,9,56138.81,Reena Teja,42,Delhi,Debit Card,5,Galaxy A51
889,1/19/1900,1/5/1900,7/14/1905,Monday,Samsung,4,36806.19,Manoj Jain,56,Coimbatore,Credit Card,3,Galaxy Note 20
890,1/19/1900,1/5/1900,7/14/1905,Monday,OnePlus,6,38369.54,Ramesh Mishra,27,Delhi,Credit Card,2,OnePlus 9
891,1/19/1900,1/5/1900,7/14/1905,Monday,OnePlus,2,48614.57,Anita Srivastava,41,Kolkata,Debit Card,5,OnePlus Nord
892,1/20/1900,1/5/1900,7/14/1905,Tuesday,OnePlus,2,16484.65,Namita Sheth,18,Kolkata,Cash,5,OnePlus Nord
893,1/20/1900,1/5/1900,7/14/1905,Tuesday,Samsung,2,36174.67,Mala Chatterjee,42,Gorakhpur,Cash,5,Galaxy S21
894,1/20/1900,1/5/1900,7/14/1905,Tuesday,Samsung,7,68317.05,Sumit Joshi,45,Gorakhpur,Debit Card,4,Galaxy S21
895,1/21/1900,1/5/1900,7/14/1905,Wednesday,OnePlus,2,12253.14,Vivek Bhatnagar,53,Delhi,Cash,5,OnePlus Nord
896,1/21/1900,1/5/1900,7/14/1905,Wednesday,Apple,2,28960.28,Radha Kulkarni,35,Ranchi,UPI,5,iPhone SE
897,1/21/1900,1/5/1900,7/14/1905,Wednesday,Apple,9,28846.59,Tapan Deshmukh,23,Delhi,Cash,4,iPhone SE
898,1/22/1900,1/5/1900,7/14/1905,Thursday,Xiaomi,7,48007.85,Sachin Rao,19,Delhi,UPI,5,Redmi Note 10
899,1/22/1900,1/5/1900,7/14/1905,Thursday,Vivo,3,16348.02,Gita Teja,20,Delhi,Credit Card,5,Vivo S1
900,1/22/1900,1/5/1900,7/14/1905,Thursday,Apple,3,47712.64,Priya Patel,25,Delhi,Credit Card,4,iPhone 12
901,1/22/1900,1/5/1900,7/14/1905,Thursday,Samsung,7,15702.41,Anand Thakur,48,Lucknow,Cash,5,Galaxy S21
902,1/23/1900,1/5/1900,7/14/1905,Friday,Apple,5,15697.22,Sneha Thakur,36,Patna,Debit Card,2,iPhone 11
903,1/23/1900,1/5/1900,7/14/1905,Friday,Xiaomi,6,53691,Arun Deshmukh,23,Mumbai,Cash,3,Redmi Note 10
904,1/23/1900,1/5/1900,7/14/1905,Friday,Xiaomi,8,29448.11,Isha Nair,31,Rajkot,Debit Card,5,Mi 11
905,1/23/1900,1/5/1900,7/14/1905,Friday,Vivo,9,68645.38,Bina Joshi,20,Gorakhpur,Credit Card,5,Vivo V20
906,1/24/1900,1/5/1900,7/14/1905,Saturday,Apple,1,12241.18,Arun Dutta,18,Lucknow,Credit Card,3,iPhone 12
907,1/24/1900,1/5/1900,7/14/1905,Saturday,Samsung,3,36706.4,Aditya Luthra,47,Indore,Credit Card,5,Galaxy Note 20
908,1/24/1900,1/5/1900,7/14/1905,Saturday,Samsung,7,16788.16,Kiran Rawat,36,Mumbai,Debit Card,3,Galaxy Note 20
909,1/25/1900,1/5/1900,7/14/1905,Sunday,OnePlus,6,31082.74,Ramesh Chatterjee,36,Delhi,Debit Card,4,OnePlus 8T
910,1/25/1900,1/5/1900,7/14/1905,Sunday,Samsung,7,69893.35,Meena Mathur,26,Bhopal,Credit Card,5,Galaxy Note 20
911,1/25/1900,1/5/1900,7/14/1905,Sunday,Vivo,8,63330.55,Krishna Mehta,24,Delhi,Cash,5,Vivo Y51
912,1/26/1900,1/5/1900,7/14/1905,Monday,Vivo,6,12899.46,Pankaj Desai,54,Coimbatore,Debit Card,2,Vivo Y51
913,1/26/1900,1/5/1900,7/14/1905,Monday,Samsung,3,43795.35,Navin Joshi,58,Hyderabad,UPI,2,Galaxy Note 20
914,1/26/1900,1/5/1900,7/14/1905,Monday,Samsung,2,48869.34,Ravi Teja,24,Lucknow,Credit Card,3,Galaxy S21
915,1/26/1900,1/5/1900,7/14/1905,Monday,OnePlus,7,22572.08,Neeta Mishra,26,Hyderabad,Debit Card,4,OnePlus 9
916,1/27/1900,1/5/1900,7/14/1905,Tuesday,Samsung,1,18706.33,Vijay Siddiqui,21,Jodhpur,Credit Card,3,Galaxy Note 20
917,1/27/1900,1/5/1900,7/14/1905,Tuesday,OnePlus,3,64262.87,Sumit Malhotra,42,Mumbai,UPI,5,OnePlus Nord
918,1/27/1900,1/5/1900,7/14/1905,Tuesday,OnePlus,4,68128.99,Vivek Alva,29,Bangalore,Cash,5,OnePlus 8T
919,1/28/1900,1/5/1900,7/14/1905,Wednesday,Samsung,1,69513.57,Pooja Deshmukh,23,Delhi,UPI,3,Galaxy A51
920,1/28/1900,1/5/1900,7/14/1905,Wednesday,Xiaomi,5,57385.71,Arun Gupta,35,Madurai,Cash,3,Redmi Note 10
921,1/28/1900,1/5/1900,7/14/1905,Wednesday,Xiaomi,3,49810.12,Sachin Sheth,57,Indore,Cash,5,Redmi Note 10
922,1/29/1900,1/5/1900,7/14/1905,Thursday,OnePlus,2,30743.82,Manoj Jain,38,Delhi,Debit Card,5,OnePlus Nord
923,1/29/1900,1/5/1900,7/14/1905,Thursday,Samsung,3,20283.9,Meena Roy,32,Lucknow,Cash,2,Galaxy S21
924,1/29/1900,1/5/1900,7/14/1905,Thursday,Xiaomi,8,14738.84,Vinod Arora,20,Delhi,Cash,2,Mi 11
925,12/31/1899,1/6/1900,7/14/1905,Friday,Samsung,6,51597.85,Vinod Verma,19,Kolkata,Cash,5,Galaxy A51
926,12/31/1899,1/6/1900,7/14/1905,Friday,Samsung,7,57083.4,Sunita Nair,58,Mumbai,Credit Card,3,Galaxy A51
927,12/31/1899,1/6/1900,7/14/1905,Friday,Samsung,6,59587.22,Bina Nair,57,Bangalore,Debit Card,5,Galaxy S21
928,12/31/1899,1/6/1900,7/14/1905,Friday,Apple,6,64825.9,Pankaj Prasad,21,Chennai,Debit Card,3,iPhone SE
929,1/1/1900,1/6/1900,7/14/1905,Saturday,Samsung,3,62795.77,Jyoti Varma,49,Delhi,Cash,5,Galaxy A51
930,1/1/1900,1/6/1900,7/14/1905,Saturday,Apple,8,69984.48,Kunal Yadav,19,Mumbai,Credit Card,5,iPhone SE
931,1/1/1900,1/6/1900,7/14/1905,Saturday,OnePlus,7,24643.84,Pankaj Prasad,46,Ranchi,Cash,5,OnePlus 9
932,1/1/1900,1/6/1900,7/14/1905,Saturday,Xiaomi,7,55798.46,Neeta Nair,19,Ranchi,Debit Card,2,Redmi 9
933,1/2/1900,1/6/1900,7/14/1905,Sunday,Xiaomi,6,45187.57,Navin Patel,51,Mumbai,Debit Card,5,Redmi 9
934,1/2/1900,1/6/1900,7/14/1905,Sunday,Xiaomi,5,25674.71,Sumit Malhotra,44,Mumbai,Debit Card,4,Mi 11
935,1/2/1900,1/6/1900,7/14/1905,Sunday,Xiaomi,8,68914.32,Navin Kapoor,56,Delhi,Debit Card,5,Mi 11
936,1/2/1900,1/6/1900,7/14/1905,Sunday,Xiaomi,5,63873.89,Namita Teja,55,Chennai,Credit Card,5,Redmi 9
937,1/3/1900,1/6/1900,7/14/1905,Monday,Xiaomi,9,17710.94,Monika Chatterjee,35,Ludhiana,UPI,4,Redmi Note 10
938,1/3/1900,1/6/1900,7/14/1905,Monday,Xiaomi,9,11569.5,Monika Mehta,53,Gorakhpur,UPI,4,Redmi 9
939,1/3/1900,1/6/1900,7/14/1905,Monday,OnePlus,1,51299.85,Ayesha Kaur,36,Ranchi,Credit Card,5,OnePlus 9
940,1/4/1900,1/6/1900,7/14/1905,Tuesday,Samsung,6,46247.84,Vijay Malhotra,44,Delhi,Cash,3,Galaxy Note 20
941,1/4/1900,1/6/1900,7/14/1905,Tuesday,Vivo,7,66148.94,Sachin Shah,37,Lucknow,Debit Card,4,Vivo Y51
942,1/4/1900,1/6/1900,7/14/1905,Tuesday,Apple,3,24040.32,Ayesha Ahuja,38,Delhi,Debit Card,5,iPhone SE
943,1/5/1900,1/6/1900,7/14/1905,Wednesday,Vivo,7,15063.28,Ravi Reddy,40,Delhi,Debit Card,4,Vivo V20
944,1/5/1900,1/6/1900,7/14/1905,Wednesday,Vivo,7,25552.92,Pankaj Kapoor,47,Delhi,Credit Card,5,Vivo V20
945,1/5/1900,1/6/1900,7/14/1905,Wednesday,Samsung,2,11135.66,Lalita Kaur,42,Rajkot,Credit Card,5,Galaxy S21
946,1/5/1900,1/6/1900,7/14/1905,Wednesday,Samsung,7,12153.57,Pankaj Alva,48,Bangalore,Debit Card,5,Galaxy A51
947,1/6/1900,1/6/1900,7/14/1905,Thursday,Samsung,1,64891.47,Ayesha Bhattacharya,44,Rajkot,Debit Card,5,Galaxy S21
948,1/6/1900,1/6/1900,7/14/1905,Thursday,Xiaomi,5,31120.99,Harish Kumar,51,Lucknow,Cash,5,Mi 11
949,1/6/1900,1/6/1900,7/14/1905,Thursday,OnePlus,9,34648.54,Yogesh Desai,25,Delhi,UPI,3,OnePlus 9
950,1/6/1900,1/6/1900,7/14/1905,Thursday,Xiaomi,7,11102.3,Shruti Dutta,36,Mumbai,Credit Card,5,Redmi Note 10
951,1/7/1900,1/6/1900,7/14/1905,Friday,OnePlus,7,26231.31,Neeta Malhotra,58,Delhi,UPI,5,OnePlus Nord
952,1/7/1900,1/6/1900,7/14/1905,Friday,OnePlus,2,58283.56,Tanuja Solanki,43,Ranchi,Debit Card,5,OnePlus Nord
953,1/7/1900,1/6/1900,7/14/1905,Friday,Vivo,8,46929.46,Namita Kumar,45,Delhi,UPI,4,Vivo S1
954,1/7/1900,1/6/1900,7/14/1905,Friday,Vivo,3,55226.84,Sumit Chatterjee,21,Vadodara,UPI,5,Vivo S1
955,1/8/1900,1/6/1900,7/14/1905,Saturday,OnePlus,8,36832.82,Ravi Jain,48,Mumbai,Credit Card,3,OnePlus Nord
956,1/8/1900,1/6/1900,7/14/1905,Saturday,OnePlus,3,28583.75,Rohan Pathak,33,Madurai,Credit Card,2,OnePlus 9
957,1/8/1900,1/6/1900,7/14/1905,Saturday,Xiaomi,7,38968.61,Rohan Rathod,27,Patna,Cash,4,Redmi Note 10
958,1/8/1900,1/6/1900,7/14/1905,Saturday,Xiaomi,2,29384.26,Namita Goyal,55,Vadodara,Debit Card,3,Redmi 9
959,1/9/1900,1/6/1900,7/14/1905,Sunday,Vivo,4,60338.27,Tanuja Bhatnagar,27,Lucknow,Cash,5,Vivo S1
960,1/9/1900,1/6/1900,7/14/1905,Sunday,Samsung,6,27860.42,Rajesh Kapoor,26,Mumbai,Credit Card,3,Galaxy S21
961,1/9/1900,1/6/1900,7/14/1905,Sunday,OnePlus,9,49585.82,Lalita Desai,56,Chennai,Cash,2,OnePlus Nord
962,1/10/1900,1/6/1900,7/14/1905,Monday,Xiaomi,5,18218.93,Ramesh Verma,53,Patna,UPI,3,Mi 11
963,1/10/1900,1/6/1900,7/14/1905,Monday,Vivo,9,51211.99,Sanjay Roy,53,Gorakhpur,UPI,2,Vivo V20
964,1/10/1900,1/6/1900,7/14/1905,Monday,Xiaomi,5,64797.98,Krishna Mehta,36,Ranchi,Credit Card,2,Mi 11
965,1/10/1900,1/6/1900,7/14/1905,Monday,OnePlus,8,46514.99,Vinod Chatterjee,36,Madurai,UPI,2,OnePlus 9
966,1/11/1900,1/6/1900,7/14/1905,Tuesday,OnePlus,1,43591.32,Kiran Jain,29,Rajkot,Debit Card,3,OnePlus 9
967,1/11/1900,1/6/1900,7/14/1905,Tuesday,Apple,7,67667.1,Anita Sharma,30,Madurai,Credit Card,5,iPhone 12
968,1/11/1900,1/6/1900,7/14/1905,Tuesday,Samsung,4,47643.79,Radha Ghosh,42,Mumbai,Debit Card,5,Galaxy S21
969,1/12/1900,1/6/1900,7/14/1905,Wednesday,Apple,5,25573.03,Namita Kumar,53,Ranchi,Credit Card,5,iPhone 12
970,1/12/1900,1/6/1900,7/14/1905,Wednesday,Vivo,6,27543.46,Navin Pathak,42,Delhi,Credit Card,3,Vivo V20
971,1/12/1900,1/6/1900,7/14/1905,Wednesday,Xiaomi,5,52318.4,Ramesh Yadav,45,Mumbai,UPI,5,Redmi Note 10
972,1/12/1900,1/6/1900,7/14/1905,Wednesday,Vivo,1,54126.2,Devendra Thakur,59,Ludhiana,Credit Card,5,Vivo S1
973,1/13/1900,1/6/1900,7/14/1905,Thursday,OnePlus,9,28209.77,Bhavana Sheth,56,Delhi,Credit Card,2,OnePlus Nord
974,1/13/1900,1/6/1900,7/14/1905,Thursday,Apple,2,30720.64,Yogesh Reddy,47,Hyderabad,Cash,3,iPhone SE
975,1/13/1900,1/6/1900,7/14/1905,Thursday,Apple,9,69463.39,Kavita Iyer,22,Delhi,UPI,3,iPhone 11
976,1/14/1900,1/6/1900,7/14/1905,Friday,Apple,2,16117.15,Sunil Rawat,34,Patna,Debit Card,4,iPhone 12
977,1/14/1900,1/6/1900,7/14/1905,Friday,Vivo,9,34278.7,Arun Rawat,35,Patna,Credit Card,4,Vivo S1
978,1/14/1900,1/6/1900,7/14/1905,Friday,OnePlus,6,13746.85,Tanuja Ahuja,38,Gorakhpur,Debit Card,4,OnePlus Nord
979,1/14/1900,1/6/1900,7/14/1905,Friday,Xiaomi,9,59264.7,Anand Mehta,39,Kanpur,Cash,5,Redmi 9
980,1/15/1900,1/6/1900,7/14/1905,Saturday,Xiaomi,6,15540.75,Bhavana Mishra,56,Vadodara,Credit Card,3,Redmi Note 10
981,1/15/1900,1/6/1900,7/14/1905,Saturday,Vivo,6,50440.44,Harish Pillai,23,Delhi,Debit Card,4,Vivo V20
982,1/15/1900,1/6/1900,7/14/1905,Saturday,Apple,2,13389.01,Radha Sheth,33,Vadodara,UPI,3,iPhone 11
983,1/15/1900,1/6/1900,7/14/1905,Saturday,Samsung,8,50371.3,Rajesh Arora,19,Mumbai,Cash,5,Galaxy Note 20
984,1/16/1900,1/6/1900,7/14/1905,Sunday,Vivo,3,60582.22,Meena Kumar,18,Mumbai,Cash,4,Vivo V20
985,1/16/1900,1/6/1900,7/14/1905,Sunday,Vivo,7,33929.29,Vivek Teja,47,Delhi,Debit Card,3,Vivo Y51
986,1/16/1900,1/6/1900,7/14/1905,Sunday,OnePlus,5,41327.59,Devendra Yadav,54,Lucknow,Credit Card,5,OnePlus Nord
987,1/16/1900,1/6/1900,7/14/1905,Sunday,Xiaomi,3,34092.5,Bhavana Rathod,40,Delhi,Credit Card,5,Mi 11
988,1/17/1900,1/6/1900,7/14/1905,Monday,Vivo,1,28029.33,Lata Goyal,18,Rajkot,UPI,5,Vivo S1
989,1/17/1900,1/6/1900,7/14/1905,Monday,Vivo,8,58195.8,Isha Luthra,36,Indore,UPI,4,Vivo Y51
990,1/17/1900,1/6/1900,7/14/1905,Monday,Apple,3,26320.15,Neeta Pillai,20,Jodhpur,Credit Card,5,iPhone SE
991,1/17/1900,1/6/1900,7/14/1905,Monday,Apple,2,53376.61,Lalita Sheth,19,Chennai,Cash,5,iPhone 11
992,1/18/1900,1/6/1900,7/14/1905,Tuesday,Samsung,1,22371.82,Prashant Verma,54,Delhi,UPI,5,Galaxy Note 20
993,1/18/1900,1/6/1900,7/14/1905,Tuesday,OnePlus,4,24991.23,Prashant Sharma,34,Mumbai,UPI,3,OnePlus 9
994,1/18/1900,1/6/1900,7/14/1905,Tuesday,Samsung,8,30187.67,Nikhil Arora,45,Mumbai,Cash,5,Galaxy S21
995,1/19/1900,1/6/1900,7/14/1905,Wednesday,Apple,3,45349.38,Prashant Arora,35,Jodhpur,Credit Card,4,iPhone SE
996,1/19/1900,1/6/1900,7/14/1905,Wednesday,Xiaomi,1,37265.34,Kiran Pathak,50,Mumbai,Debit Card,3,Redmi Note 10
997,1/19/1900,1/6/1900,7/14/1905,Wednesday,Apple,4,54708.69,Ravi Jain,32,Rajkot,UPI,3,iPhone SE
998,1/19/1900,1/6/1900,7/14/1905,Wednesday,OnePlus,9,22814.04,Yogesh Luthra,39,Mumbai,Cash,5,OnePlus 9
999,1/20/1900,1/6/1900,7/14/1905,Thursday,Apple,1,10640.34,Arun Iyer,58,Patna,UPI,3,iPhone 12
1000,1/20/1900,1/6/1900,7/14/1905,Thursday,OnePlus,2,56593.45,Anand Kapoor,44,Mumbai,Cash,3,OnePlus Nord
1001,1/20/1900,1/6/1900,7/14/1905,Thursday,OnePlus,9,59298.96,Lata Alva,54,Indore,UPI,5,OnePlus 8T
1002,1/21/1900,1/6/1900,7/14/1905,Friday,OnePlus,2,13568.81,Arun Siddiqui,49,Mumbai,Credit Card,4,OnePlus Nord
1003,1/21/1900,1/6/1900,7/14/1905,Friday,OnePlus,3,46654.45,Bhavana Mehta,36,Bangalore,Cash,5,OnePlus Nord
1004,1/21/1900,1/6/1900,7/14/1905,Friday,OnePlus,7,32692.41,Krishna Patel,45,Delhi,Debit Card,5,OnePlus Nord
1005,1/22/1900,1/6/1900,7/14/1905,Saturday,Xiaomi,3,57633.74,Ramesh Shah,45,Vadodara,Debit Card,5,Redmi Note 10
1006,1/22/1900,1/6/1900,7/14/1905,Saturday,Samsung,9,62464.87,Yogesh Malhotra,27,Hyderabad,UPI,5,Galaxy S21
1007,1/22/1900,1/6/1900,7/14/1905,Saturday,Vivo,6,61060.23,Priyanka Dutta,37,Jodhpur,Debit Card,5,Vivo V20
1008,1/23/1900,1/6/1900,7/14/1905,Sunday,Samsung,3,56632.25,Manoj Dutta,42,Ranchi,UPI,5,Galaxy A51
1009,1/23/1900,1/6/1900,7/14/1905,Sunday,OnePlus,9,26143.13,Vijay Rawat,38,Bhopal,Cash,5,OnePlus 8T
1010,1/23/1900,1/6/1900,7/14/1905,Sunday,Xiaomi,1,58713.38,Umesh Menon,31,Delhi,Cash,4,Mi 11
1011,1/24/1900,1/6/1900,7/14/1905,Monday,Apple,3,42008.71,Vinod Prasad,39,Bhopal,Debit Card,5,iPhone SE
1012,1/24/1900,1/6/1900,7/14/1905,Monday,Xiaomi,1,13165.4,Harish Prasad,43,Kanpur,Debit Card,5,Redmi 9
1013,1/24/1900,1/6/1900,7/14/1905,Monday,OnePlus,2,37416.33,Bina Siddiqui,28,Delhi,Credit Card,5,OnePlus 8T
1014,1/24/1900,1/6/1900,7/14/1905,Monday,Xiaomi,8,66529.48,Prashant Chatterjee,24,Ranchi,Cash,5,Redmi Note 10
1015,1/25/1900,1/6/1900,7/14/1905,Tuesday,Xiaomi,7,63271.56,Amit Rathod,34,Bangalore,Debit Card,5,Redmi 9
1016,1/25/1900,1/6/1900,7/14/1905,Tuesday,OnePlus,2,16135.86,Arun Shah,35,Mumbai,Debit Card,5,OnePlus 8T
1017,1/25/1900,1/6/1900,7/14/1905,Tuesday,Xiaomi,2,54647.6,Umesh Kulkarni,24,Rajkot,Debit Card,3,Mi 11
1018,1/26/1900,1/6/1900,7/14/1905,Wednesday,Vivo,9,58347.57,Bhavana Prasad,37,Lucknow,UPI,3,Vivo Y51
1019,1/26/1900,1/6/1900,7/14/1905,Wednesday,Vivo,6,26283.29,Nikhil Rathod,55,Ludhiana,Credit Card,3,Vivo V20
1020,1/26/1900,1/6/1900,7/14/1905,Wednesday,Xiaomi,5,38296.51,Anjali Srivastava,28,Mumbai,Cash,3,Mi 11
1021,1/27/1900,1/6/1900,7/14/1905,Thursday,Apple,6,52659.28,Anita Kulkarni,33,Ranchi,Debit Card,5,iPhone 11
1022,1/27/1900,1/6/1900,7/14/1905,Thursday,OnePlus,9,36342.49,Sumit Rathod,44,Gorakhpur,Debit Card,3,OnePlus 8T
1023,1/27/1900,1/6/1900,7/14/1905,Thursday,Vivo,7,16767.82,Monika Rawat,28,Delhi,Debit Card,5,Vivo S1
1024,1/28/1900,1/6/1900,7/14/1905,Friday,Apple,9,52352.95,Sumit Ghosh,33,Lucknow,UPI,4,iPhone SE
1025,1/28/1900,1/6/1900,7/14/1905,Friday,Xiaomi,4,64698.32,Anita Menon,40,Lucknow,Cash,3,Redmi 9
1026,1/28/1900,1/6/1900,7/14/1905,Friday,Apple,2,49149.08,Bhavana Yadav,29,Mumbai,Debit Card,5,iPhone 11
1027,1/28/1900,1/6/1900,7/14/1905,Friday,Samsung,8,56428.04,Umesh Kaur,57,Delhi,Debit Card,4,Galaxy Note 20
1028,1/29/1900,1/6/1900,7/14/1905,Saturday,Vivo,4,31501.75,Krishna Iyer,20,Patna,UPI,5,Vivo V20
1029,1/29/1900,1/6/1900,7/14/1905,Saturday,Xiaomi,9,20991.89,Lalita Rao,19,Kanpur,UPI,4,Mi 11
1030,1/29/1900,1/6/1900,7/14/1905,Saturday,OnePlus,4,48566.42,Kavita Kumar,55,Delhi,Credit Card,4,OnePlus 9
1031,1/29/1900,1/6/1900,7/14/1905,Saturday,Xiaomi,8,29666.27,Neeta Singh,41,Rajkot,Credit Card,5,Mi 11
1032,1/30/1900,1/6/1900,7/14/1905,Sunday,OnePlus,9,61604.41,Namita Siddiqui,46,Lucknow,Cash,3,OnePlus 9
1033,1/30/1900,1/6/1900,7/14/1905,Sunday,Xiaomi,9,17357.68,Anand Bhattacharya,51,Kanpur,Credit Card,5,Redmi 9
1034,1/30/1900,1/6/1900,7/14/1905,Sunday,Apple,4,36007.82,Kavita Bhatnagar,37,Delhi,Cash,5,iPhone 11
1035,1/30/1900,1/6/1900,7/14/1905,Sunday,Apple,1,33803.66,Arun Prasad,35,Patna,Credit Card,5,iPhone 12
1036,12/31/1899,1/7/1900,7/14/1905,Monday,Apple,3,66283.23,Kiran Rathod,31,Delhi,Debit Card,5,iPhone SE
1037,12/31/1899,1/7/1900,7/14/1905,Monday,Samsung,9,19188.09,Bina Teja,35,Jodhpur,Credit Card,5,Galaxy A51
1038,12/31/1899,1/7/1900,7/14/1905,Monday,OnePlus,4,10590.81,Devendra Mathur,19,Kolkata,Debit Card,4,OnePlus 8T
1039,12/31/1899,1/7/1900,7/14/1905,Monday,Apple,5,24285.11,Lalita Alva,18,Ranchi,Cash,3,iPhone 12
1040,1/1/1900,1/7/1900,7/14/1905,Tuesday,Samsung,7,59216.61,Tanuja Reddy,37,Delhi,Credit Card,3,Galaxy S21
1041,1/1/1900,1/7/1900,7/14/1905,Tuesday,OnePlus,5,22559.31,Prashant Sharma,51,Delhi,Credit Card,5,OnePlus 9
1042,1/1/1900,1/7/1900,7/14/1905,Tuesday,Xiaomi,4,24452.68,Rajesh Prasad,58,Mumbai,Credit Card,5,Redmi 9
1043,1/2/1900,1/7/1900,7/14/1905,Wednesday,Samsung,2,17793.93,Jyoti Rawat,58,Delhi,Debit Card,5,Galaxy S21
1044,1/2/1900,1/7/1900,7/14/1905,Wednesday,Vivo,2,52926.17,Sachin Varma,28,Bangalore,Debit Card,5,Vivo S1
1045,1/2/1900,1/7/1900,7/14/1905,Wednesday,Samsung,4,14150.45,Pankaj Mehta,44,Delhi,Credit Card,5,Galaxy S21
1046,1/3/1900,1/7/1900,7/14/1905,Thursday,Samsung,9,29872.5,Meena Dutta,40,Indore,Cash,5,Galaxy A51
1047,1/3/1900,1/7/1900,7/14/1905,Thursday,OnePlus,8,26949.92,Monika Nambiar,55,Madurai,Debit Card,5,OnePlus 8T
1048,1/3/1900,1/7/1900,7/14/1905,Thursday,Xiaomi,3,43309.58,Tapan Rathod,20,Mumbai,UPI,5,Redmi 9
1049,1/3/1900,1/7/1900,7/14/1905,Thursday,Vivo,9,53824.98,Sunil Kumar,29,Mumbai,Cash,5,Vivo V20
1050,1/4/1900,1/7/1900,7/14/1905,Friday,Apple,5,41972.59,Namita Siddiqui,47,Chennai,Cash,5,iPhone SE
1051,1/4/1900,1/7/1900,7/14/1905,Friday,Apple,3,65861.56,Prashant Jain,48,Jodhpur,Cash,5,iPhone 12
1052,1/4/1900,1/7/1900,7/14/1905,Friday,Samsung,5,67086.56,Kunal Yadav,40,Mumbai,Debit Card,5,Galaxy Note 20
1053,1/5/1900,1/7/1900,7/14/1905,Saturday,OnePlus,4,31687.92,Umesh Ghosh,18,Rajkot,Credit Card,4,OnePlus Nord
1054,1/5/1900,1/7/1900,7/14/1905,Saturday,OnePlus,8,56660.82,Lata Mehta,58,Ranchi,Credit Card,5,OnePlus 8T
1055,1/5/1900,1/7/1900,7/14/1905,Saturday,Apple,5,54328.08,Ravi Arora,37,Mumbai,UPI,5,iPhone SE
1056,1/6/1900,1/7/1900,7/14/1905,Sunday,Vivo,8,63577.88,Kavita Nair,23,Indore,Credit Card,5,Vivo S1
1057,1/6/1900,1/7/1900,7/14/1905,Sunday,Xiaomi,9,36876.62,Kavita Teja,28,Chennai,UPI,5,Mi 11
1058,1/6/1900,1/7/1900,7/14/1905,Sunday,Vivo,4,41828.39,Sunita Sheth,52,Kolkata,UPI,5,Vivo Y51
1059,1/7/1900,1/7/1900,7/14/1905,Monday,Xiaomi,7,34946.46,Isha Ahuja,21,Patna,Credit Card,3,Redmi 9
1060,1/7/1900,1/7/1900,7/14/1905,Monday,Apple,2,61022.62,Ravi Teja,46,Delhi,UPI,5,iPhone SE
1061,1/7/1900,1/7/1900,7/14/1905,Monday,Xiaomi,6,23782.14,Ramesh Srivastava,27,Hyderabad,Cash,5,Redmi 9
1062,1/7/1900,1/7/1900,7/14/1905,Monday,OnePlus,8,24382.54,Sneha Rao,46,Ludhiana,Cash,3,OnePlus 8T
1063,1/8/1900,1/7/1900,7/14/1905,Tuesday,Samsung,7,32356.31,Vivek Bhatnagar,55,Patna,Cash,5,Galaxy S21
1064,1/8/1900,1/7/1900,7/14/1905,Tuesday,Samsung,7,23820.57,Navin Sharma,18,Mumbai,Debit Card,5,Galaxy Note 20
1065,1/8/1900,1/7/1900,7/14/1905,Tuesday,Apple,8,43660.41,Priya Siddiqui,57,Bangalore,UPI,4,iPhone SE
1066,1/8/1900,1/7/1900,7/14/1905,Tuesday,OnePlus,7,18069.41,Shruti Kulkarni,25,Madurai,UPI,4,OnePlus Nord
1067,1/9/1900,1/7/1900,7/14/1905,Wednesday,Vivo,5,29211.17,Nikhil Bhattacharya,55,Patna,Cash,4,Vivo Y51
1068,1/9/1900,1/7/1900,7/14/1905,Wednesday,OnePlus,7,64806.68,Navin Solanki,34,Mumbai,Debit Card,5,OnePlus Nord
1069,1/9/1900,1/7/1900,7/14/1905,Wednesday,Samsung,3,34553.53,Reena Bhattacharya,36,Delhi,Credit Card,5,Galaxy A51
1070,1/10/1900,1/7/1900,7/14/1905,Thursday,Samsung,5,54894.02,Radha Gupta,50,Coimbatore,Cash,3,Galaxy A51
1071,1/10/1900,1/7/1900,7/14/1905,Thursday,OnePlus,7,16807.73,Monika Bhatnagar,32,Ranchi,Debit Card,5,OnePlus Nord
1072,1/10/1900,1/7/1900,7/14/1905,Thursday,OnePlus,9,24853.87,Tapan Varma,48,Delhi,Credit Card,5,OnePlus Nord
1073,1/10/1900,1/7/1900,7/14/1905,Thursday,Samsung,2,58440.74,Ayesha Solanki,38,Mumbai,Debit Card,3,Galaxy S21
1074,1/11/1900,1/7/1900,7/14/1905,Friday,Vivo,4,55779.58,Lalita Alva,20,Vadodara,Credit Card,3,Vivo Y51
1075,1/11/1900,1/7/1900,7/14/1905,Friday,Apple,7,33169.36,Vivek Menon,19,Delhi,UPI,5,iPhone 11
1076,1/11/1900,1/7/1900,7/14/1905,Friday,Apple,1,67263.81,Priyanka Jain,52,Delhi,UPI,5,iPhone 11
1077,1/11/1900,1/7/1900,7/14/1905,Friday,OnePlus,2,64638.58,Sneha Sharma,58,Ranchi,Debit Card,5,OnePlus 9
1078,1/12/1900,1/7/1900,7/14/1905,Saturday,Apple,9,67738.04,Mala Pathak,33,Vadodara,Debit Card,5,iPhone 12
1079,1/12/1900,1/7/1900,7/14/1905,Saturday,Samsung,7,35674.88,Navin Kapoor,38,Delhi,Credit Card,4,Galaxy Note 20
1080,1/12/1900,1/7/1900,7/14/1905,Saturday,Samsung,7,21848.42,Tapan Ahuja,29,Delhi,Debit Card,5,Galaxy Note 20
1081,1/12/1900,1/7/1900,7/14/1905,Saturday,OnePlus,6,47599.52,Ramesh Solanki,45,Delhi,Debit Card,3,OnePlus 8T
1082,1/13/1900,1/7/1900,7/14/1905,Sunday,OnePlus,3,51086.39,Yogesh Patel,29,Hyderabad,Credit Card,3,OnePlus Nord
1083,1/13/1900,1/7/1900,7/14/1905,Sunday,OnePlus,3,17526.51,Nikhil Ahuja,50,Delhi,Credit Card,4,OnePlus 9
1084,1/13/1900,1/7/1900,7/14/1905,Sunday,Vivo,2,57188.98,Vivek Prasad,37,Patna,UPI,3,Vivo V20
1085,1/13/1900,1/7/1900,7/14/1905,Sunday,Apple,6,11083.61,Navin Mathur,57,Bangalore,Cash,4,iPhone SE
1086,1/14/1900,1/7/1900,7/14/1905,Monday,OnePlus,4,38963.7,Sunita Teja,38,Delhi,Debit Card,5,OnePlus 9
1087,1/14/1900,1/7/1900,7/14/1905,Monday,Xiaomi,5,29860.98,Bhavana Mishra,56,Delhi,Credit Card,4,Mi 11
1088,1/14/1900,1/7/1900,7/14/1905,Monday,Xiaomi,3,54418.18,Aditya Menon,58,Rajkot,UPI,5,Redmi Note 10
1089,1/14/1900,1/7/1900,7/14/1905,Monday,Samsung,6,28765.64,Anita Sharma,59,Vadodara,Cash,4,Galaxy A51
1090,1/15/1900,1/7/1900,7/14/1905,Tuesday,Apple,3,59608.43,Manoj Mehta,53,Rajkot,Debit Card,5,iPhone 11
1091,1/15/1900,1/7/1900,7/14/1905,Tuesday,OnePlus,8,45697.21,Deepika Shah,39,Bangalore,UPI,4,OnePlus 9
1092,1/15/1900,1/7/1900,7/14/1905,Tuesday,Xiaomi,9,57633.6,Amit Das,43,Delhi,Cash,5,Mi 11
1093,1/16/1900,1/7/1900,7/14/1905,Wednesday,Apple,4,69360.44,Pooja Menon,24,Delhi,Debit Card,5,iPhone 12
1094,1/16/1900,1/7/1900,7/14/1905,Wednesday,Samsung,9,50749.5,Yogesh Kaur,24,Lucknow,UPI,5,Galaxy Note 20
1095,1/16/1900,1/7/1900,7/14/1905,Wednesday,Vivo,7,69097.02,Anjali Varma,25,Delhi,Debit Card,5,Vivo S1
1096,1/16/1900,1/7/1900,7/14/1905,Wednesday,Apple,3,11730.18,Sanjay Patel,43,Delhi,Cash,5,iPhone SE
1097,1/17/1900,1/7/1900,7/14/1905,Thursday,Apple,7,30288.4,Anjali Varma,41,Delhi,Credit Card,5,iPhone 12
1098,1/17/1900,1/7/1900,7/14/1905,Thursday,Vivo,1,16471.2,Vinod Dutta,41,Mumbai,UPI,4,Vivo V20
1099,1/17/1900,1/7/1900,7/14/1905,Thursday,Apple,3,25738.3,Meena Desai,57,Delhi,Cash,5,iPhone 11
1100,1/18/1900,1/7/1900,7/14/1905,Friday,Samsung,6,60333.27,Umesh Rawat,29,Delhi,Debit Card,5,Galaxy A51
1101,1/18/1900,1/7/1900,7/14/1905,Friday,Samsung,4,11939.4,Pankaj Arora,25,Gorakhpur,Cash,5,Galaxy Note 20
1102,1/18/1900,1/7/1900,7/14/1905,Friday,Vivo,7,41210.98,Sumit Reddy,26,Mumbai,Cash,5,Vivo S1
1103,1/19/1900,1/7/1900,7/14/1905,Saturday,OnePlus,3,44027.72,Nikhil Kapoor,20,Patna,Credit Card,5,OnePlus 8T
1104,1/19/1900,1/7/1900,7/14/1905,Saturday,Xiaomi,1,43669.07,Amit Prasad,38,Delhi,UPI,5,Mi 11
1105,1/19/1900,1/7/1900,7/14/1905,Saturday,OnePlus,9,38517.82,Ayesha Patel,48,Chennai,Cash,5,OnePlus 8T
1106,1/19/1900,1/7/1900,7/14/1905,Saturday,Apple,6,57436.18,Rajesh Ghosh,41,Kanpur,Credit Card,3,iPhone 12
1107,1/20/1900,1/7/1900,7/14/1905,Sunday,Xiaomi,8,18012.59,Gita Bhattacharya,21,Delhi,Credit Card,5,Redmi 9
1108,1/20/1900,1/7/1900,7/14/1905,Sunday,Vivo,3,28634.62,Sanjay Das,37,Delhi,Credit Card,1,Vivo V20
1109,1/20/1900,1/7/1900,7/14/1905,Sunday,Vivo,8,46943.56,Deepika Reddy,33,Gorakhpur,Debit Card,4,Vivo V20
1110,1/21/1900,1/7/1900,7/14/1905,Monday,Xiaomi,2,51457.08,Krishna Nambiar,27,Ludhiana,Credit Card,4,Mi 11
1111,1/21/1900,1/7/1900,7/14/1905,Monday,Samsung,4,34248.91,Mala Mathur,43,Delhi,Credit Card,3,Galaxy A51
1112,1/21/1900,1/7/1900,7/14/1905,Monday,Xiaomi,3,62522.28,Krishna Menon,46,Delhi,Credit Card,1,Redmi Note 10
1113,1/22/1900,1/7/1900,7/14/1905,Tuesday,Apple,1,34929.6,Rajesh Menon,22,Jodhpur,Credit Card,5,iPhone 11
1114,1/22/1900,1/7/1900,7/14/1905,Tuesday,Samsung,7,34166.57,Devendra Srivastava,28,Bhopal,UPI,5,Galaxy A51
1115,1/22/1900,1/7/1900,7/14/1905,Tuesday,Vivo,2,12172.44,Sanjay Pathak,46,Delhi,UPI,5,Vivo S1
1116,1/23/1900,1/7/1900,7/14/1905,Wednesday,Xiaomi,4,43068.48,Sunita Verma,32,Patna,Credit Card,3,Redmi Note 10
1117,1/23/1900,1/7/1900,7/14/1905,Wednesday,OnePlus,9,52520.85,Sachin Joshi,23,Mumbai,Cash,3,OnePlus 8T
1118,1/23/1900,1/7/1900,7/14/1905,Wednesday,OnePlus,6,16866.29,Krishna Alva,32,Jodhpur,Debit Card,3,OnePlus 9
1119,1/23/1900,1/7/1900,7/14/1905,Wednesday,Apple,8,28325.97,Amit Rao,37,Kolkata,Cash,3,iPhone SE
1120,1/24/1900,1/7/1900,7/14/1905,Thursday,OnePlus,2,56875.42,Lalita Sheth,51,Delhi,Cash,3,OnePlus 9
1121,1/24/1900,1/7/1900,7/14/1905,Thursday,Xiaomi,7,31955.17,Anita Prasad,19,Delhi,Credit Card,3,Mi 11
1122,1/24/1900,1/7/1900,7/14/1905,Thursday,Xiaomi,6,24496.15,Vivek Alva,33,Madurai,Cash,5,Redmi 9
1123,1/24/1900,1/7/1900,7/14/1905,Thursday,OnePlus,9,50332.04,Kiran Bhattacharya,36,Indore,UPI,5,OnePlus 8T
1124,1/25/1900,1/7/1900,7/14/1905,Friday,Xiaomi,7,21805.53,Vinod Pathak,51,Kolkata,UPI,5,Mi 11
1125,1/25/1900,1/7/1900,7/14/1905,Friday,Apple,1,63739.18,Nikhil Rathod,31,Delhi,Debit Card,5,iPhone SE
1126,1/25/1900,1/7/1900,7/14/1905,Friday,Samsung,8,16335.9,Lata Dutta,41,Mumbai,UPI,3,Galaxy Note 20
1127,1/26/1900,1/7/1900,7/14/1905,Saturday,Apple,3,52392.99,Kunal Patel,45,Delhi,UPI,5,iPhone 11
1128,1/26/1900,1/7/1900,7/14/1905,Saturday,Apple,2,39972.92,Deepika Alva,49,Mumbai,Credit Card,3,iPhone 11
1129,1/26/1900,1/7/1900,7/14/1905,Saturday,Xiaomi,3,62195.77,Radha Jain,54,Mumbai,UPI,5,Redmi 9
1130,1/26/1900,1/7/1900,7/14/1905,Saturday,Samsung,6,17571.71,Kiran Pathak,27,Hyderabad,Cash,4,Galaxy Note 20
1131,1/27/1900,1/7/1900,7/14/1905,Sunday,Xiaomi,3,50673.7,Krishna Goyal,26,Lucknow,Cash,5,Redmi Note 10
1132,1/27/1900,1/7/1900,7/14/1905,Sunday,Vivo,5,44323.28,Tapan Ahuja,41,Delhi,UPI,1,Vivo V20
1133,1/27/1900,1/7/1900,7/14/1905,Sunday,Xiaomi,6,38805.41,Priya Patel,53,Hyderabad,Debit Card,5,Mi 11
1134,1/27/1900,1/7/1900,7/14/1905,Sunday,Xiaomi,8,39484.44,Anita Ghosh,46,Ludhiana,Debit Card,1,Redmi Note 10
1135,1/28/1900,1/7/1900,7/14/1905,Monday,Xiaomi,7,53318.62,Deepika Menon,46,Mumbai,Debit Card,5,Redmi Note 10
1136,1/28/1900,1/7/1900,7/14/1905,Monday,Samsung,8,66264.5,Vinod Kaur,40,Mumbai,UPI,5,Galaxy A51
1137,1/28/1900,1/7/1900,7/14/1905,Monday,Xiaomi,3,15475.1,Krishna Bhattacharya,44,Patna,Debit Card,4,Mi 11
1138,1/28/1900,1/7/1900,7/14/1905,Monday,Samsung,4,11170.16,Arun Mathur,48,Patna,UPI,5,Galaxy A51
1139,1/29/1900,1/7/1900,7/14/1905,Tuesday,OnePlus,6,58342.29,Deepika Solanki,24,Mumbai,Cash,5,OnePlus 8T
1140,1/29/1900,1/7/1900,7/14/1905,Tuesday,Vivo,7,16490.16,Rajesh Prasad,21,Delhi,Debit Card,5,Vivo V20
1141,1/29/1900,1/7/1900,7/14/1905,Tuesday,Samsung,9,69201.81,Priya Singh,31,Delhi,Debit Card,3,Galaxy A51
1142,1/29/1900,1/7/1900,7/14/1905,Tuesday,OnePlus,1,47160.89,Vinod Dutta,59,Madurai,Debit Card,5,OnePlus Nord
1143,1/30/1900,1/7/1900,7/14/1905,Wednesday,Samsung,8,49051.98,Meena Verma,59,Delhi,Cash,5,Galaxy S21
1144,1/30/1900,1/7/1900,7/14/1905,Wednesday,Samsung,8,21933.5,Rohan Goyal,27,Lucknow,UPI,4,Galaxy S21
1145,1/30/1900,1/7/1900,7/14/1905,Wednesday,Vivo,6,24418.74,Priya Siddiqui,51,Mumbai,Cash,1,Vivo Y51
1146,12/31/1899,1/8/1900,7/14/1905,Thursday,Apple,4,49561.02,Meena Menon,43,Mumbai,Cash,1,iPhone 11
1147,12/31/1899,1/8/1900,7/14/1905,Thursday,Apple,3,64583.61,Aditya Joshi,40,Delhi,Credit Card,4,iPhone 12
1148,12/31/1899,1/8/1900,7/14/1905,Thursday,Samsung,3,68943.43,Rohan Jain,26,Mumbai,Debit Card,5,Galaxy S21
1149,1/1/1900,1/8/1900,7/14/1905,Friday,Xiaomi,6,21881.86,Ravi Teja,54,Delhi,UPI,5,Redmi 9
1150,1/1/1900,1/8/1900,7/14/1905,Friday,OnePlus,8,18047.18,Lata Chatterjee,25,Lucknow,UPI,5,OnePlus Nord
1151,1/1/1900,1/8/1900,7/14/1905,Friday,Xiaomi,7,13384.08,Bhavana Ghosh,31,Madurai,Credit Card,4,Mi 11
1152,1/1/1900,1/8/1900,7/14/1905,Friday,Xiaomi,1,62097.82,Sunita Singh,24,Ranchi,Credit Card,5,Redmi 9
1153,1/2/1900,1/8/1900,7/14/1905,Saturday,Samsung,6,27682.89,Deepika Gupta,24,Kolkata,Cash,1,Galaxy S21
1154,1/2/1900,1/8/1900,7/14/1905,Saturday,Samsung,7,10108.72,Amit Prasad,26,Delhi,Credit Card,3,Galaxy S21
1155,1/2/1900,1/8/1900,7/14/1905,Saturday,Samsung,7,23429.09,Prashant Gupta,20,Mumbai,UPI,5,Galaxy S21
1156,1/2/1900,1/8/1900,7/14/1905,Saturday,Samsung,9,30426.46,Anjali Thakur,31,Vadodara,UPI,3,Galaxy S21
1157,1/3/1900,1/8/1900,7/14/1905,Sunday,Apple,5,69459.17,Manoj Iyer,34,Jodhpur,UPI,5,iPhone 11
1158,1/3/1900,1/8/1900,7/14/1905,Sunday,Samsung,1,41412.5,Prashant Nair,39,Delhi,Cash,4,Galaxy S21
1159,1/3/1900,1/8/1900,7/14/1905,Sunday,Apple,2,22282.84,Prashant Nair,43,Ranchi,Debit Card,3,iPhone 12
1160,1/4/1900,1/8/1900,7/14/1905,Monday,Apple,4,30089.1,Kavita Iyer,45,Ludhiana,Debit Card,5,iPhone 12
1161,1/4/1900,1/8/1900,7/14/1905,Monday,Samsung,5,29818.46,Namita Pathak,31,Mumbai,Cash,4,Galaxy S21
1162,1/4/1900,1/8/1900,7/14/1905,Monday,Vivo,9,11183.54,Nikhil Chaudhary,26,Delhi,UPI,1,Vivo Y51
1163,1/5/1900,1/8/1900,7/14/1905,Tuesday,OnePlus,1,18110.98,Rajesh Kulkarni,43,Delhi,UPI,5,OnePlus 8T
1164,1/5/1900,1/8/1900,7/14/1905,Tuesday,Xiaomi,3,51711.79,Namita Patel,19,Mumbai,Cash,4,Redmi 9
1165,1/5/1900,1/8/1900,7/14/1905,Tuesday,Apple,5,17215.06,Krishna Joshi,28,Jodhpur,Cash,4,iPhone 11
1166,1/5/1900,1/8/1900,7/14/1905,Tuesday,OnePlus,3,23844.06,Isha Singh,34,Mumbai,Credit Card,1,OnePlus 8T
1167,1/6/1900,1/8/1900,7/14/1905,Wednesday,Vivo,4,31044.24,Rohan Sheth,51,Hyderabad,Cash,3,Vivo Y51
1168,1/6/1900,1/8/1900,7/14/1905,Wednesday,Xiaomi,3,55464.1,Radha Kaur,36,Patna,Debit Card,5,Redmi 9
1169,1/6/1900,1/8/1900,7/14/1905,Wednesday,Xiaomi,4,44944.06,Meena Prasad,56,Mumbai,Cash,3,Redmi Note 10
1170,1/7/1900,1/8/1900,7/14/1905,Thursday,Apple,1,51340,Pooja Joshi,35,Mumbai,UPI,4,iPhone SE
1171,1/7/1900,1/8/1900,7/14/1905,Thursday,Samsung,8,44020.74,Pankaj Singh,30,Gorakhpur,UPI,5,Galaxy S21
1172,1/7/1900,1/8/1900,7/14/1905,Thursday,Vivo,4,51015.55,Anand Pillai,22,Bhopal,UPI,5,Vivo Y51
1173,1/7/1900,1/8/1900,7/14/1905,Thursday,Apple,7,10170.53,Vijay Siddiqui,40,Delhi,Debit Card,5,iPhone 12
1174,1/8/1900,1/8/1900,7/14/1905,Friday,Vivo,2,65853.89,Rajesh Ahuja,41,Gorakhpur,Debit Card,5,Vivo S1
1175,1/8/1900,1/8/1900,7/14/1905,Friday,Samsung,2,16655.21,Anjali Thakur,46,Bhopal,Credit Card,4,Galaxy S21
1176,1/8/1900,1/8/1900,7/14/1905,Friday,Samsung,6,34374.95,Sunil Rawat,25,Mumbai,Cash,1,Galaxy S21
1177,1/8/1900,1/8/1900,7/14/1905,Friday,Apple,2,56262.3,Kavita Rawat,43,Jodhpur,Credit Card,3,iPhone 11
1178,1/9/1900,1/8/1900,7/14/1905,Saturday,Samsung,6,36113.84,Kiran Gupta,32,Delhi,Cash,3,Galaxy S21
1179,1/9/1900,1/8/1900,7/14/1905,Saturday,OnePlus,2,66810.55,Lata Verma,18,Delhi,Cash,1,OnePlus 9
1180,1/9/1900,1/8/1900,7/14/1905,Saturday,Xiaomi,4,38055.34,Meena Patel,45,Delhi,Debit Card,1,Mi 11
1181,1/10/1900,1/8/1900,7/14/1905,Sunday,Apple,7,62496.36,Rohan Thakur,31,Delhi,UPI,5,iPhone SE
1182,1/10/1900,1/8/1900,7/14/1905,Sunday,Vivo,8,58649.69,Mala Ghosh,59,Ranchi,Cash,1,Vivo Y51
1183,1/10/1900,1/8/1900,7/14/1905,Sunday,OnePlus,3,68859.18,Lalita Siddiqui,51,Delhi,Debit Card,5,OnePlus 9
1184,1/11/1900,1/8/1900,7/14/1905,Monday,Apple,9,65592.87,Sachin Iyer,48,Chennai,Credit Card,5,iPhone 11
1185,1/11/1900,1/8/1900,7/14/1905,Monday,Samsung,2,63887.43,Sunita Singh,23,Madurai,UPI,4,Galaxy Note 20
1186,1/11/1900,1/8/1900,7/14/1905,Monday,Samsung,8,53896.26,Kiran Ghosh,22,Delhi,Credit Card,5,Galaxy S21
1187,1/11/1900,1/8/1900,7/14/1905,Monday,Samsung,8,32019.89,Shruti Shah,48,Delhi,Credit Card,5,Galaxy A51
1188,1/12/1900,1/8/1900,7/14/1905,Tuesday,Samsung,4,16367.53,Amit Goyal,54,Ludhiana,Debit Card,3,Galaxy Note 20
1189,1/12/1900,1/8/1900,7/14/1905,Tuesday,Vivo,1,51318.7,Pooja Goyal,32,Delhi,UPI,1,Vivo S1
1190,1/12/1900,1/8/1900,7/14/1905,Tuesday,OnePlus,1,68719.24,Sunil Jain,32,Bhopal,Cash,5,OnePlus 8T
1191,1/12/1900,1/8/1900,7/14/1905,Tuesday,Xiaomi,2,53596.27,Pankaj Bhattacharya,22,Patna,Credit Card,1,Redmi Note 10
1192,1/13/1900,1/8/1900,7/14/1905,Wednesday,Vivo,9,65723.76,Bhavana Bhatnagar,45,Delhi,Cash,3,Vivo V20
1193,1/13/1900,1/8/1900,7/14/1905,Wednesday,Vivo,2,58258.28,Navin Gupta,50,Ludhiana,UPI,1,Vivo Y51
1194,1/13/1900,1/8/1900,7/14/1905,Wednesday,Xiaomi,2,19786.88,Krishna Mehta,28,Delhi,Debit Card,5,Mi 11
1195,1/14/1900,1/8/1900,7/14/1905,Thursday,Xiaomi,6,24952.23,Sunita Sheth,23,Gorakhpur,Debit Card,1,Mi 11
1196,1/14/1900,1/8/1900,7/14/1905,Thursday,Samsung,7,30511.94,Lalita Nambiar,40,Bangalore,Debit Card,3,Galaxy S21
1197,1/14/1900,1/8/1900,7/14/1905,Thursday,Vivo,7,20095.63,Sunil Dutta,57,Delhi,Cash,5,Vivo Y51
1198,1/14/1900,1/8/1900,7/14/1905,Thursday,Apple,9,44899.08,Manoj Nambiar,19,Indore,Cash,1,iPhone 12
1199,1/15/1900,1/8/1900,7/14/1905,Friday,Xiaomi,6,68527.03,Radha Gupta,32,Hyderabad,UPI,3,Mi 11
1200,1/15/1900,1/8/1900,7/14/1905,Friday,Xiaomi,8,55687.53,Priya Bhattacharya,40,Bangalore,Cash,3,Redmi Note 10
1201,1/15/1900,1/8/1900,7/14/1905,Friday,OnePlus,6,35403.2,Reena Arora,39,Kanpur,Debit Card,5,OnePlus 8T
1202,1/16/1900,1/8/1900,7/14/1905,Saturday,Apple,2,10270.27,Deepika Iyer,26,Mumbai,Credit Card,5,iPhone SE
1203,1/16/1900,1/8/1900,7/14/1905,Saturday,Apple,1,28796.56,Vinod Nair,57,Delhi,Credit Card,5,iPhone SE
1204,1/16/1900,1/8/1900,7/14/1905,Saturday,Xiaomi,5,41605.56,Rajesh Ghosh,47,Mumbai,Credit Card,1,Redmi Note 10
1205,1/16/1900,1/8/1900,7/14/1905,Saturday,Samsung,9,29455.05,Arun Gupta,33,Bhopal,Debit Card,5,Galaxy Note 20
1206,1/17/1900,1/8/1900,7/14/1905,Sunday,OnePlus,8,16662.1,Mala Thakur,47,Delhi,Cash,5,OnePlus Nord
1207,1/17/1900,1/8/1900,7/14/1905,Sunday,Apple,4,36565.9,Nikhil Solanki,26,Delhi,Credit Card,3,iPhone 11
1208,1/17/1900,1/8/1900,7/14/1905,Sunday,Xiaomi,5,25195.17,Priyanka Menon,18,Ranchi,Cash,5,Mi 11
1209,1/18/1900,1/8/1900,7/14/1905,Monday,Apple,5,64553.94,Ayesha Sheth,55,Patna,Cash,5,iPhone 11
1210,1/18/1900,1/8/1900,7/14/1905,Monday,OnePlus,6,16105.27,Meena Roy,25,Mumbai,Debit Card,4,OnePlus Nord
1211,1/18/1900,1/8/1900,7/14/1905,Monday,OnePlus,3,12949.16,Nikhil Solanki,35,Coimbatore,Cash,3,OnePlus 9
1212,1/19/1900,1/8/1900,7/14/1905,Tuesday,Vivo,5,10318.85,Ayesha Sheth,44,Delhi,Cash,5,Vivo S1
1213,1/19/1900,1/8/1900,7/14/1905,Tuesday,Xiaomi,2,29684.18,Ayesha Siddiqui,35,Indore,Debit Card,3,Redmi Note 10
1214,1/19/1900,1/8/1900,7/14/1905,Tuesday,OnePlus,1,49623.21,Vivek Siddiqui,49,Kanpur,UPI,1,OnePlus Nord
1215,1/20/1900,1/8/1900,7/14/1905,Wednesday,Vivo,1,53824.83,Prashant Verma,49,Delhi,Credit Card,3,Vivo Y51
1216,1/20/1900,1/8/1900,7/14/1905,Wednesday,Vivo,7,37195.7,Gita Mehta,53,Kanpur,Credit Card,5,Vivo Y51
1217,1/20/1900,1/8/1900,7/14/1905,Wednesday,Apple,2,51059.72,Rajesh Chatterjee,53,Bangalore,Cash,1,iPhone 11
1218,1/20/1900,1/8/1900,7/14/1905,Wednesday,Apple,4,31594.84,Pankaj Pathak,38,Gorakhpur,UPI,1,iPhone SE
1219,1/21/1900,1/8/1900,7/14/1905,Thursday,Vivo,5,50068.37,Sunil Gupta,49,Hyderabad,Debit Card,1,Vivo S1
1220,1/21/1900,1/8/1900,7/14/1905,Thursday,Apple,7,12435.76,Manoj Kaur,48,Lucknow,Cash,4,iPhone 12
1221,1/21/1900,1/8/1900,7/14/1905,Thursday,OnePlus,2,33445.18,Tapan Mathur,54,Vadodara,Debit Card,4,OnePlus Nord
1222,1/21/1900,1/8/1900,7/14/1905,Thursday,Samsung,6,57450.98,Manoj Sharma,33,Gorakhpur,Credit Card,1,Galaxy S21
1223,1/22/1900,1/8/1900,7/14/1905,Friday,OnePlus,1,58180.36,Prashant Chatterjee,31,Lucknow,Debit Card,5,OnePlus Nord
1224,1/22/1900,1/8/1900,7/14/1905,Friday,Vivo,7,52968.93,Jyoti Varma,41,Coimbatore,Credit Card,1,Vivo Y51
1225,1/22/1900,1/8/1900,7/14/1905,Friday,Vivo,9,22254.32,Lalita Rathod,42,Hyderabad,Debit Card,1,Vivo S1
1226,1/23/1900,1/8/1900,7/14/1905,Saturday,OnePlus,5,24832.31,Vivek Teja,52,Bhopal,Debit Card,3,OnePlus 8T
1227,1/23/1900,1/8/1900,7/14/1905,Saturday,Apple,5,69765.32,Sumit Malhotra,34,Madurai,UPI,3,iPhone SE
1228,1/23/1900,1/8/1900,7/14/1905,Saturday,Apple,4,16202.68,Anjali Chaudhary,59,Hyderabad,Debit Card,3,iPhone 12
1229,1/23/1900,1/8/1900,7/14/1905,Saturday,Vivo,3,20839.76,Lata Chaudhary,21,Lucknow,Cash,5,Vivo S1
1230,1/24/1900,1/8/1900,7/14/1905,Sunday,Xiaomi,9,17801.58,Ayesha Luthra,28,Indore,UPI,3,Mi 11
1231,1/24/1900,1/8/1900,7/14/1905,Sunday,Apple,5,29659.3,Vinod Prasad,32,Delhi,Cash,3,iPhone SE
1232,1/24/1900,1/8/1900,7/14/1905,Sunday,OnePlus,8,22610.55,Umesh Dutta,47,Delhi,Debit Card,5,OnePlus 9
1233,1/25/1900,1/8/1900,7/14/1905,Monday,Apple,9,39861.28,Radha Alva,41,Indore,Debit Card,4,iPhone 12
1234,1/25/1900,1/8/1900,7/14/1905,Monday,OnePlus,5,38561.24,Lata Reddy,19,Kolkata,UPI,4,OnePlus 9
1235,1/25/1900,1/8/1900,7/14/1905,Monday,Vivo,9,64090.34,Vivek Mathur,51,Mumbai,Credit Card,4,Vivo V20
1236,1/26/1900,1/8/1900,7/14/1905,Tuesday,Apple,2,12084.4,Bhavana Prasad,40,Delhi,UPI,5,iPhone SE
1237,1/26/1900,1/8/1900,7/14/1905,Tuesday,OnePlus,9,29192.77,Umesh Varma,48,Hyderabad,Credit Card,1,OnePlus 9
1238,1/26/1900,1/8/1900,7/14/1905,Tuesday,Vivo,4,45799.47,Krishna Rathod,54,Delhi,Credit Card,3,Vivo S1
1239,1/26/1900,1/8/1900,7/14/1905,Tuesday,Xiaomi,6,46288.11,Ravi Varma,30,Kanpur,Debit Card,5,Redmi 9
1240,1/27/1900,1/8/1900,7/14/1905,Wednesday,OnePlus,6,38807.57,Prashant Das,50,Delhi,Cash,5,OnePlus Nord
1241,1/27/1900,1/8/1900,7/14/1905,Wednesday,Xiaomi,6,58939.93,Yogesh Rao,24,Delhi,UPI,4,Redmi Note 10
1242,1/27/1900,1/8/1900,7/14/1905,Wednesday,Xiaomi,2,13763.33,Mala Thakur,49,Madurai,UPI,5,Redmi Note 10
1243,1/27/1900,1/8/1900,7/14/1905,Wednesday,Samsung,7,58929.27,Tapan Chatterjee,24,Delhi,Debit Card,5,Galaxy A51
1244,1/28/1900,1/8/1900,7/14/1905,Thursday,Apple,6,39685.25,Sachin Rao,59,Hyderabad,Debit Card,5,iPhone SE
1245,1/28/1900,1/8/1900,7/14/1905,Thursday,OnePlus,1,18025.64,Sunita Mehta,55,Delhi,UPI,4,OnePlus Nord
1246,1/28/1900,1/8/1900,7/14/1905,Thursday,Xiaomi,2,63142.11,Arun Kumar,30,Kolkata,UPI,1,Mi 11
1247,1/29/1900,1/8/1900,7/14/1905,Friday,Samsung,7,48953.73,Aditya Iyer,41,Bhopal,Cash,4,Galaxy Note 20
1248,1/29/1900,1/8/1900,7/14/1905,Friday,Vivo,1,19812.74,Anita Arora,45,Ludhiana,Debit Card,4,Vivo V20
1249,1/29/1900,1/8/1900,7/14/1905,Friday,OnePlus,1,12018.98,Pankaj Teja,49,Mumbai,Cash,4,OnePlus 8T
1250,1/29/1900,1/8/1900,7/14/1905,Friday,Xiaomi,1,18466.58,Kavita Ahuja,35,Delhi,Debit Card,5,Redmi 9
1251,12/31/1899,1/9/1900,7/14/1905,Saturday,Apple,8,46527.88,Sneha Arora,51,Hyderabad,Debit Card,5,iPhone SE
1252,12/31/1899,1/9/1900,7/14/1905,Saturday,Samsung,4,20757.77,Yogesh Patel,51,Delhi,Cash,4,Galaxy S21
1253,12/31/1899,1/9/1900,7/14/1905,Saturday,Xiaomi,4,23545.78,Radha Ghosh,55,Delhi,Credit Card,5,Redmi Note 10
1254,12/31/1899,1/9/1900,7/14/1905,Saturday,Apple,2,11508.38,Lalita Bhatnagar,18,Hyderabad,Credit Card,5,iPhone 11
1255,1/1/1900,1/9/1900,7/14/1905,Sunday,Xiaomi,1,53375.84,Pankaj Teja,59,Hyderabad,Credit Card,1,Redmi 9
1256,1/1/1900,1/9/1900,7/14/1905,Sunday,OnePlus,9,58621.86,Umesh Rawat,48,Delhi,Debit Card,4,OnePlus 9
1257,1/1/1900,1/9/1900,7/14/1905,Sunday,OnePlus,7,57810.89,Prashant Arora,18,Bangalore,Cash,3,OnePlus 9
1258,1/2/1900,1/9/1900,7/14/1905,Monday,OnePlus,4,17654.09,Prashant Rathod,33,Lucknow,Credit Card,5,OnePlus 8T
1259,1/2/1900,1/9/1900,7/14/1905,Monday,Samsung,6,64198.07,Sumit Sharma,56,Lucknow,UPI,1,Galaxy S21
1260,1/2/1900,1/9/1900,7/14/1905,Monday,OnePlus,2,50336.73,Tanuja Dutta,32,Gorakhpur,Credit Card,1,OnePlus 8T
1261,1/3/1900,1/9/1900,7/14/1905,Tuesday,Apple,7,63851.72,Sanjay Ghosh,50,Delhi,Cash,1,iPhone SE
1262,1/3/1900,1/9/1900,7/14/1905,Tuesday,Xiaomi,2,36829.63,Meena Yadav,40,Mumbai,Debit Card,5,Mi 11
1263,1/3/1900,1/9/1900,7/14/1905,Tuesday,Vivo,8,36217.29,Radha Nair,58,Ludhiana,Cash,5,Vivo V20
1264,1/3/1900,1/9/1900,7/14/1905,Tuesday,Apple,8,57072.19,Radha Mathur,51,Ranchi,Debit Card,3,iPhone 11
1265,1/4/1900,1/9/1900,7/14/1905,Wednesday,Apple,1,15597.87,Lalita Bhatnagar,34,Kanpur,Cash,5,iPhone 11
1266,1/4/1900,1/9/1900,7/14/1905,Wednesday,OnePlus,8,41252.44,Anita Dutta,42,Hyderabad,Cash,4,OnePlus Nord
1267,1/4/1900,1/9/1900,7/14/1905,Wednesday,Samsung,2,60183.05,Pankaj Prasad,59,Mumbai,UPI,3,Galaxy Note 20
1268,1/5/1900,1/9/1900,7/14/1905,Thursday,Xiaomi,6,59811.55,Anita Mishra,23,Madurai,Credit Card,5,Redmi Note 10
1269,1/5/1900,1/9/1900,7/14/1905,Thursday,Samsung,1,67367.97,Sunil Rao,48,Coimbatore,Credit Card,4,Galaxy S21
1270,1/5/1900,1/9/1900,7/14/1905,Thursday,Xiaomi,5,51896.36,Vivek Rawat,22,Bhopal,Cash,3,Redmi 9
1271,1/6/1900,1/9/1900,7/14/1905,Friday,Xiaomi,7,22466.24,Isha Ahuja,57,Hyderabad,Credit Card,5,Redmi 9
1272,1/6/1900,1/9/1900,7/14/1905,Friday,Samsung,1,11216.82,Priya Reddy,57,Mumbai,UPI,4,Galaxy A51
1273,1/6/1900,1/9/1900,7/14/1905,Friday,Apple,2,38764.95,Sumit Nambiar,47,Delhi,Cash,5,iPhone 12
1274,1/6/1900,1/9/1900,7/14/1905,Friday,Xiaomi,7,40822.23,Manoj Kulkarni,22,Mumbai,Credit Card,3,Mi 11
1275,1/7/1900,1/9/1900,7/14/1905,Saturday,Samsung,6,24415.76,Yogesh Roy,29,Bhopal,Credit Card,4,Galaxy S21
1276,1/7/1900,1/9/1900,7/14/1905,Saturday,Xiaomi,3,17481.85,Harish Sharma,24,Kolkata,Debit Card,4,Redmi Note 10
1277,1/7/1900,1/9/1900,7/14/1905,Saturday,Vivo,2,45172.49,Sumit Dutta,30,Mumbai,Credit Card,5,Vivo S1
1278,1/8/1900,1/9/1900,7/14/1905,Sunday,Apple,4,55855.34,Pooja Sharma,21,Delhi,Credit Card,4,iPhone SE
1279,1/8/1900,1/9/1900,7/14/1905,Sunday,OnePlus,3,69589.25,Isha Nair,59,Delhi,Debit Card,3,OnePlus 8T
1280,1/8/1900,1/9/1900,7/14/1905,Sunday,Xiaomi,7,55498.16,Ayesha Bhattacharya,20,Lucknow,Cash,1,Mi 11
1281,1/9/1900,1/9/1900,7/14/1905,Monday,Vivo,8,57617.94,Umesh Bhattacharya,29,Ranchi,Cash,3,Vivo Y51
1282,1/9/1900,1/9/1900,7/14/1905,Monday,OnePlus,2,46987.65,Lata Mathur,18,Delhi,UPI,3,OnePlus 8T
1283,1/9/1900,1/9/1900,7/14/1905,Monday,OnePlus,7,69155.36,Anita Mehta,44,Delhi,Debit Card,5,OnePlus 9
1284,1/9/1900,1/9/1900,7/14/1905,Monday,Xiaomi,8,48397.38,Sanjay Joshi,30,Bangalore,Cash,5,Mi 11
1285,1/10/1900,1/9/1900,7/14/1905,Tuesday,Samsung,6,61615.2,Isha Kaur,34,Vadodara,Credit Card,4,Galaxy S21
1286,1/10/1900,1/9/1900,7/14/1905,Tuesday,Xiaomi,6,66747.08,Meena Dutta,25,Vadodara,Credit Card,5,Redmi Note 10
1287,1/10/1900,1/9/1900,7/14/1905,Tuesday,Vivo,1,65791.51,Neeta Menon,49,Delhi,Credit Card,4,Vivo Y51
1288,1/10/1900,1/9/1900,7/14/1905,Tuesday,OnePlus,4,32884.92,Bina Mathur,37,Mumbai,UPI,1,OnePlus 8T
1289,1/11/1900,1/9/1900,7/14/1905,Wednesday,Xiaomi,1,14719.72,Neeta Mishra,34,Jodhpur,Cash,5,Redmi Note 10
1290,1/11/1900,1/9/1900,7/14/1905,Wednesday,Samsung,4,20312.42,Sunil Chaudhary,51,Delhi,Debit Card,5,Galaxy A51
1291,1/11/1900,1/9/1900,7/14/1905,Wednesday,Xiaomi,2,13553.4,Sneha Prasad,52,Mumbai,Cash,5,Mi 11
1292,1/12/1900,1/9/1900,7/14/1905,Thursday,Apple,5,16323.82,Isha Arora,52,Kolkata,Debit Card,1,iPhone SE
1293,1/12/1900,1/9/1900,7/14/1905,Thursday,Samsung,9,21079.07,Priyanka Pathak,55,Mumbai,Debit Card,5,Galaxy S21
1294,1/12/1900,1/9/1900,7/14/1905,Thursday,Vivo,3,30465.66,Deepika Verma,59,Mumbai,Cash,1,Vivo S1
1295,1/13/1900,1/9/1900,7/14/1905,Friday,OnePlus,8,42612.38,Bhavana Luthra,41,Patna,Credit Card,4,OnePlus 9
1296,1/13/1900,1/9/1900,7/14/1905,Friday,Xiaomi,3,52700.92,Sunita Luthra,35,Mumbai,Credit Card,5,Redmi 9
1297,1/13/1900,1/9/1900,7/14/1905,Friday,Samsung,6,22655.64,Aditya Joshi,56,Delhi,Debit Card,5,Galaxy A51
1298,1/13/1900,1/9/1900,7/14/1905,Friday,Apple,4,50351.34,Kiran Nair,50,Ludhiana,Credit Card,4,iPhone SE
1299,1/14/1900,1/9/1900,7/14/1905,Saturday,Samsung,8,52255.54,Meena Das,40,Ranchi,UPI,5,Galaxy S21
1300,1/14/1900,1/9/1900,7/14/1905,Saturday,Apple,6,43517.34,Pankaj Nambiar,42,Vadodara,UPI,3,iPhone 12
1301,1/14/1900,1/9/1900,7/14/1905,Saturday,Vivo,8,64217.07,Sumit Siddiqui,54,Delhi,Debit Card,1,Vivo V20
1302,1/14/1900,1/9/1900,7/14/1905,Saturday,OnePlus,1,16659.69,Ayesha Solanki,44,Indore,Credit Card,5,OnePlus 8T
1303,1/15/1900,1/9/1900,7/14/1905,Sunday,Vivo,6,20627.29,Sneha Malhotra,18,Hyderabad,Debit Card,3,Vivo V20
1304,1/15/1900,1/9/1900,7/14/1905,Sunday,Xiaomi,1,35719.89,Lalita Rao,38,Kanpur,UPI,5,Mi 11
1305,1/15/1900,1/9/1900,7/14/1905,Sunday,Samsung,1,17602.76,Kiran Siddiqui,27,Mumbai,UPI,3,Galaxy S21
1306,1/15/1900,1/9/1900,7/14/1905,Sunday,Apple,8,43977.77,Neeta Singh,48,Rajkot,UPI,3,iPhone 11
1307,1/16/1900,1/9/1900,7/14/1905,Monday,Apple,7,33904.03,Vivek Siddiqui,42,Mumbai,Cash,3,iPhone SE
1308,1/16/1900,1/9/1900,7/14/1905,Monday,Samsung,3,27075.75,Vinod Nambiar,37,Bhopal,UPI,1,Galaxy A51
1309,1/16/1900,1/9/1900,7/14/1905,Monday,Samsung,6,20199.39,Vinod Nambiar,19,Coimbatore,Credit Card,5,Galaxy S21
1310,1/16/1900,1/9/1900,7/14/1905,Monday,Xiaomi,9,30120.29,Krishna Menon,32,Mumbai,Cash,4,Mi 11
1311,1/17/1900,1/9/1900,7/14/1905,Tuesday,Vivo,7,46477.56,Shruti Sharma,45,Kanpur,UPI,4,Vivo S1
1312,1/17/1900,1/9/1900,7/14/1905,Tuesday,Apple,3,44547.11,Nikhil Varma,30,Bangalore,Credit Card,5,iPhone SE
1313,1/17/1900,1/9/1900,7/14/1905,Tuesday,Xiaomi,6,19817.44,Nikhil Kapoor,31,Mumbai,UPI,1,Mi 11
1314,1/18/1900,1/9/1900,7/14/1905,Wednesday,Vivo,4,17495.19,Arun Luthra,19,Hyderabad,Credit Card,1,Vivo V20
1315,1/18/1900,1/9/1900,7/14/1905,Wednesday,Xiaomi,3,11600.61,Manoj Kulkarni,51,Delhi,Credit Card,1,Redmi 9
1316,1/18/1900,1/9/1900,7/14/1905,Wednesday,Apple,9,10745.54,Ayesha Luthra,52,Kanpur,UPI,3,iPhone 12
1317,1/18/1900,1/9/1900,7/14/1905,Wednesday,Samsung,2,62788.63,Ayesha Ghosh,54,Madurai,UPI,1,Galaxy S21
1318,1/19/1900,1/9/1900,7/14/1905,Thursday,Samsung,1,12705.33,Namita Nambiar,42,Kolkata,Cash,4,Galaxy Note 20
1319,1/19/1900,1/9/1900,7/14/1905,Thursday,Vivo,2,53873.27,Nikhil Deshmukh,32,Hyderabad,UPI,1,Vivo Y51
1320,1/19/1900,1/9/1900,7/14/1905,Thursday,OnePlus,7,62319.11,Neeta Solanki,29,Mumbai,Credit Card,3,OnePlus Nord
1321,1/19/1900,1/9/1900,7/14/1905,Thursday,Vivo,1,15883.47,Kiran Goyal,26,Delhi,Debit Card,5,Vivo Y51
1322,1/20/1900,1/9/1900,7/14/1905,Friday,OnePlus,6,36178.09,Anita Kumar,48,Delhi,Cash,1,OnePlus Nord
1323,1/20/1900,1/9/1900,7/14/1905,Friday,Xiaomi,7,67738.18,Deepika Prasad,31,Mumbai,Credit Card,5,Redmi 9
1324,1/20/1900,1/9/1900,7/14/1905,Friday,Xiaomi,9,60048.32,Monika Thakur,46,Delhi,Credit Card,5,Redmi 9
1325,1/21/1900,1/9/1900,7/14/1905,Saturday,Apple,8,39382.24,Aditya Joshi,55,Mumbai,Debit Card,3,iPhone 12
1326,1/21/1900,1/9/1900,7/14/1905,Saturday,OnePlus,6,55754.27,Reena Teja,59,Chennai,UPI,1,OnePlus 9
1327,1/21/1900,1/9/1900,7/14/1905,Saturday,Apple,3,60002.66,Ayesha Thakur,25,Mumbai,Credit Card,5,iPhone 11
1328,1/21/1900,1/9/1900,7/14/1905,Saturday,Samsung,8,30881.62,Anita Arora,20,Kanpur,Debit Card,5,Galaxy Note 20
1329,1/22/1900,1/9/1900,7/14/1905,Sunday,OnePlus,7,63529.18,Reena Patel,19,Delhi,Debit Card,5,OnePlus Nord
1330,1/22/1900,1/9/1900,7/14/1905,Sunday,Vivo,3,38228.4,Krishna Iyer,33,Mumbai,UPI,4,Vivo S1
1331,1/22/1900,1/9/1900,7/14/1905,Sunday,Samsung,9,41668.44,Ramesh Gupta,36,Lucknow,Debit Card,4,Galaxy S21
1332,1/23/1900,1/9/1900,7/14/1905,Monday,Samsung,2,69982.46,Anand Kaur,47,Mumbai,Debit Card,4,Galaxy S21
1333,1/23/1900,1/9/1900,7/14/1905,Monday,Vivo,3,60598.18,Deepika Kulkarni,58,Jodhpur,Debit Card,4,Vivo S1
1334,1/23/1900,1/9/1900,7/14/1905,Monday,Samsung,2,31706.2,Amit Teja,33,Delhi,Debit Card,3,Galaxy A51
1335,1/23/1900,1/9/1900,7/14/1905,Monday,OnePlus,1,10620.74,Sneha Malhotra,48,Mumbai,Debit Card,1,OnePlus 8T
1336,1/24/1900,1/9/1900,7/14/1905,Tuesday,Apple,4,47570.44,Pankaj Varma,45,Coimbatore,Debit Card,1,iPhone SE
1337,1/24/1900,1/9/1900,7/14/1905,Tuesday,Samsung,5,52234.81,Sneha Sharma,21,Delhi,Credit Card,3,Galaxy A51
1338,1/24/1900,1/9/1900,7/14/1905,Tuesday,OnePlus,6,49048.16,Prashant Das,27,Patna,Cash,5,OnePlus Nord
1339,1/24/1900,1/9/1900,7/14/1905,Tuesday,Xiaomi,5,68071.74,Ravi Varma,35,Delhi,UPI,1,Redmi Note 10
1340,1/25/1900,1/9/1900,7/14/1905,Wednesday,OnePlus,1,61778.26,Radha Kapoor,49,Delhi,Cash,5,OnePlus 9
1341,1/25/1900,1/9/1900,7/14/1905,Wednesday,Apple,3,36929.9,Namita Das,47,Delhi,UPI,1,iPhone 11
1342,1/25/1900,1/9/1900,7/14/1905,Wednesday,OnePlus,1,13771.45,Ramesh Solanki,53,Lucknow,Cash,3,OnePlus 8T
1343,1/25/1900,1/9/1900,7/14/1905,Wednesday,Vivo,5,38563.53,Deepika Verma,26,Delhi,UPI,5,Vivo Y51
1344,1/26/1900,1/9/1900,7/14/1905,Thursday,Apple,5,51354.64,Priya Mathur,53,Jodhpur,Debit Card,1,iPhone SE
1345,1/26/1900,1/9/1900,7/14/1905,Thursday,Xiaomi,6,46462.59,Lata Mehta,46,Bhopal,Cash,3,Redmi 9
1346,1/26/1900,1/9/1900,7/14/1905,Thursday,Vivo,8,42288.22,Prashant Gupta,33,Lucknow,Cash,5,Vivo V20
1347,1/27/1900,1/9/1900,7/14/1905,Friday,OnePlus,1,38129.14,Ramesh Kumar,45,Mumbai,UPI,4,OnePlus Nord
1348,1/27/1900,1/9/1900,7/14/1905,Friday,Apple,4,27625.71,Neeta Desai,38,Delhi,UPI,5,iPhone SE
1349,1/27/1900,1/9/1900,7/14/1905,Friday,Xiaomi,1,26640.81,Navin Verma,19,Mumbai,Credit Card,5,Redmi Note 10
1350,1/28/1900,1/9/1900,7/14/1905,Saturday,Vivo,9,40013.89,Ayesha Roy,52,Hyderabad,Debit Card,5,Vivo Y51
1351,1/28/1900,1/9/1900,7/14/1905,Saturday,Xiaomi,7,19636.19,Lalita Luthra,45,Jodhpur,Debit Card,1,Redmi 9
1352,1/28/1900,1/9/1900,7/14/1905,Saturday,OnePlus,7,30441.13,Jyoti Sheth,53,Mumbai,Credit Card,4,OnePlus 9
1353,1/28/1900,1/9/1900,7/14/1905,Saturday,Xiaomi,5,29438.76,Vinod Solanki,48,Kanpur,UPI,3,Redmi Note 10
1354,1/29/1900,1/9/1900,7/14/1905,Sunday,Samsung,7,45227.97,Sneha Prasad,50,Mumbai,Debit Card,4,Galaxy Note 20
1355,1/29/1900,1/9/1900,7/14/1905,Sunday,Vivo,2,14000.94,Rajesh Sheth,40,Patna,UPI,1,Vivo V20
1356,1/29/1900,1/9/1900,7/14/1905,Sunday,Xiaomi,4,59780.12,Lata Patel,58,Delhi,Debit Card,5,Mi 11
1357,1/30/1900,1/9/1900,7/14/1905,Monday,OnePlus,7,43742.7,Nikhil Kapoor,34,Kanpur,Cash,1,OnePlus 8T
1358,1/30/1900,1/9/1900,7/14/1905,Monday,OnePlus,3,50249.6,Anita Joshi,18,Hyderabad,Cash,3,OnePlus 8T
1359,1/30/1900,1/9/1900,7/14/1905,Monday,Xiaomi,2,52185.63,Vinod Ahuja,59,Mumbai,Debit Card,4,Mi 11
1360,12/31/1899,1/10/1900,7/14/1905,Tuesday,OnePlus,2,27489.05,Anita Pillai,40,Mumbai,Debit Card,5,OnePlus 8T
1361,12/31/1899,1/10/1900,7/14/1905,Tuesday,Apple,1,38222.29,Kiran Chaudhary,44,Mumbai,Debit Card,1,iPhone 12
1362,12/31/1899,1/10/1900,7/14/1905,Tuesday,Apple,5,67374.76,Deepika Patel,42,Mumbai,Credit Card,5,iPhone SE
1363,1/1/1900,1/10/1900,7/14/1905,Wednesday,Apple,6,56002.31,Umesh Nair,49,Kolkata,Debit Card,5,iPhone 11
1364,1/1/1900,1/10/1900,7/14/1905,Wednesday,Samsung,6,68173.41,Radha Bhatnagar,36,Lucknow,Credit Card,4,Galaxy Note 20
1365,1/1/1900,1/10/1900,7/14/1905,Wednesday,Xiaomi,9,54775.26,Monika Mehta,41,Indore,Credit Card,5,Redmi 9
1366,1/2/1900,1/10/1900,7/14/1905,Thursday,Samsung,4,20536.01,Pooja Kaur,20,Mumbai,Cash,3,Galaxy A51
1367,1/2/1900,1/10/1900,7/14/1905,Thursday,OnePlus,1,13872.15,Sneha Ghosh,29,Rajkot,Debit Card,5,OnePlus 8T
1368,1/2/1900,1/10/1900,7/14/1905,Thursday,Samsung,6,44659.69,Navin Malhotra,52,Vadodara,Cash,4,Galaxy A51
1369,1/3/1900,1/10/1900,7/14/1905,Friday,OnePlus,5,31468.8,Kavita Siddiqui,32,Jodhpur,Cash,5,OnePlus 8T
1370,1/3/1900,1/10/1900,7/14/1905,Friday,OnePlus,6,26527.47,Ayesha Thakur,34,Jodhpur,Credit Card,4,OnePlus 9
1371,1/3/1900,1/10/1900,7/14/1905,Friday,Vivo,3,58432.66,Tapan Rawat,49,Delhi,UPI,5,Vivo S1
1372,1/4/1900,1/10/1900,7/14/1905,Saturday,Apple,2,32019.6,Monika Mathur,24,Chennai,Credit Card,1,iPhone SE
1373,1/4/1900,1/10/1900,7/14/1905,Saturday,OnePlus,6,29020.06,Priyanka Jain,36,Ludhiana,Cash,5,OnePlus 9
1374,1/4/1900,1/10/1900,7/14/1905,Saturday,Vivo,1,60999.26,Mala Rawat,24,Delhi,Credit Card,4,Vivo S1
1375,1/4/1900,1/10/1900,7/14/1905,Saturday,Apple,7,60777.24,Sunil Menon,22,Hyderabad,Credit Card,4,iPhone 12
1376,1/5/1900,1/10/1900,7/14/1905,Sunday,OnePlus,7,31382,Lata Rawat,57,Delhi,Credit Card,5,OnePlus 8T
1377,1/5/1900,1/10/1900,7/14/1905,Sunday,OnePlus,7,59949.92,Prashant Arora,38,Coimbatore,Debit Card,3,OnePlus Nord
1378,1/5/1900,1/10/1900,7/14/1905,Sunday,Samsung,1,61046.71,Kavita Dutta,24,Mumbai,Credit Card,4,Galaxy A51
1379,1/5/1900,1/10/1900,7/14/1905,Sunday,Samsung,4,35435.83,Sneha Mehta,54,Ranchi,Cash,1,Galaxy S21
1380,1/6/1900,1/10/1900,7/14/1905,Monday,Apple,7,13988.39,Radha Ghosh,40,Gorakhpur,Credit Card,5,iPhone 11
1381,1/6/1900,1/10/1900,7/14/1905,Monday,OnePlus,9,10095.08,Radha Solanki,28,Jodhpur,Debit Card,1,OnePlus 8T
1382,1/6/1900,1/10/1900,7/14/1905,Monday,Xiaomi,5,41397.55,Nikhil Menon,27,Mumbai,Cash,4,Redmi Note 10
1383,1/7/1900,1/10/1900,7/14/1905,Tuesday,Samsung,2,30644.53,Sumit Dutta,38,Lucknow,Credit Card,3,Galaxy A51
1384,1/7/1900,1/10/1900,7/14/1905,Tuesday,Apple,7,69827.91,Priya Varma,58,Madurai,Cash,4,iPhone SE
1385,1/7/1900,1/10/1900,7/14/1905,Tuesday,OnePlus,1,56344.66,Manoj Mehta,50,Bangalore,Debit Card,3,OnePlus 9
1386,1/7/1900,1/10/1900,7/14/1905,Tuesday,OnePlus,7,55676.53,Sumit Alva,37,Indore,UPI,5,OnePlus 9
1387,1/8/1900,1/10/1900,7/14/1905,Wednesday,Xiaomi,6,67314.57,Anand Yadav,50,Kanpur,Debit Card,5,Redmi Note 10
1388,1/8/1900,1/10/1900,7/14/1905,Wednesday,Apple,7,63263.46,Rajesh Siddiqui,57,Delhi,Debit Card,1,iPhone SE
1389,1/8/1900,1/10/1900,7/14/1905,Wednesday,OnePlus,3,29091.25,Ravi Sharma,52,Chennai,Cash,3,OnePlus 9
1390,1/8/1900,1/10/1900,7/14/1905,Wednesday,Samsung,3,19959.23,Tapan Siddiqui,51,Delhi,Cash,1,Galaxy Note 20
1391,1/9/1900,1/10/1900,7/14/1905,Thursday,Xiaomi,7,54753.54,Umesh Teja,53,Delhi,UPI,5,Redmi Note 10
1392,1/9/1900,1/10/1900,7/14/1905,Thursday,Apple,2,32696.43,Tapan Siddiqui,44,Delhi,UPI,4,iPhone 11
1393,1/9/1900,1/10/1900,7/14/1905,Thursday,Xiaomi,1,38390.36,Prashant Gupta,36,Mumbai,UPI,3,Mi 11
1394,1/9/1900,1/10/1900,7/14/1905,Thursday,Samsung,9,47823.86,Ravi Patel,22,Delhi,Debit Card,5,Galaxy S21
1395,1/10/1900,1/10/1900,7/14/1905,Friday,Apple,9,64472.36,Rajesh Nambiar,46,Delhi,Debit Card,3,iPhone 11
1396,1/10/1900,1/10/1900,7/14/1905,Friday,Xiaomi,7,35145.27,Sneha Patel,27,Patna,UPI,4,Redmi 9
1397,1/10/1900,1/10/1900,7/14/1905,Friday,Vivo,7,56999.01,Ravi Siddiqui,57,Madurai,UPI,4,Vivo V20
1398,1/10/1900,1/10/1900,7/14/1905,Friday,Samsung,3,26100.39,Krishna Pillai,30,Delhi,UPI,5,Galaxy A51
1399,1/11/1900,1/10/1900,7/14/1905,Saturday,Samsung,2,51878.31,Navin Malhotra,46,Rajkot,Credit Card,5,Galaxy A51
1400,1/11/1900,1/10/1900,7/14/1905,Saturday,Samsung,7,10094.77,Neeta Solanki,22,Ludhiana,Credit Card,5,Galaxy Note 20
1401,1/11/1900,1/10/1900,7/14/1905,Saturday,Vivo,9,62290.43,Meena Dutta,29,Chennai,UPI,1,Vivo S1
1402,1/12/1900,1/10/1900,7/14/1905,Sunday,Vivo,1,11822.77,Pankaj Alva,30,Patna,Debit Card,3,Vivo S1
1403,1/12/1900,1/10/1900,7/14/1905,Sunday,OnePlus,4,52765.23,Ravi Arora,39,Indore,Cash,5,OnePlus 9
1404,1/12/1900,1/10/1900,7/14/1905,Sunday,Xiaomi,6,12775.49,Anjali Desai,57,Ranchi,Debit Card,1,Redmi Note 10
1405,1/12/1900,1/10/1900,7/14/1905,Sunday,OnePlus,7,25974.74,Vijay Solanki,32,Rajkot,Cash,5,OnePlus Nord
1406,1/13/1900,1/10/1900,7/14/1905,Monday,Xiaomi,7,39832.14,Rajesh Nambiar,30,Delhi,UPI,5,Mi 11
1407,1/13/1900,1/10/1900,7/14/1905,Monday,Vivo,2,35196.32,Namita Malhotra,18,Kolkata,Credit Card,5,Vivo Y51
1408,1/13/1900,1/10/1900,7/14/1905,Monday,Vivo,4,21510.17,Kavita Dutta,55,Indore,Credit Card,4,Vivo V20
1409,1/13/1900,1/10/1900,7/14/1905,Monday,OnePlus,5,30028.89,Vijay Das,18,Delhi,Cash,3,OnePlus 9
1410,1/14/1900,1/10/1900,7/14/1905,Tuesday,Apple,1,53662.38,Ravi Siddiqui,28,Kanpur,UPI,3,iPhone 12
1411,1/14/1900,1/10/1900,7/14/1905,Tuesday,OnePlus,1,50155.43,Priyanka Patel,57,Rajkot,Credit Card,3,OnePlus 8T
1412,1/14/1900,1/10/1900,7/14/1905,Tuesday,Xiaomi,3,14308.88,Sunil Iyer,39,Mumbai,UPI,5,Redmi Note 10
1413,1/15/1900,1/10/1900,7/14/1905,Wednesday,OnePlus,3,54838.95,Sneha Prasad,52,Delhi,UPI,5,OnePlus Nord
1414,1/15/1900,1/10/1900,7/14/1905,Wednesday,Samsung,8,13182.75,Arun Gupta,23,Delhi,Cash,3,Galaxy Note 20
1415,1/15/1900,1/10/1900,7/14/1905,Wednesday,Xiaomi,9,42575.58,Priyanka Sharma,45,Delhi,UPI,4,Redmi 9
1416,1/16/1900,1/10/1900,7/14/1905,Thursday,Xiaomi,1,25603.76,Pankaj Gupta,48,Bangalore,UPI,1,Redmi Note 10
1417,1/16/1900,1/10/1900,7/14/1905,Thursday,Apple,2,45261.41,Yogesh Luthra,25,Delhi,Cash,5,iPhone 11
1418,1/16/1900,1/10/1900,7/14/1905,Thursday,Vivo,2,25679.7,Yogesh Mishra,22,Gorakhpur,Credit Card,3,Vivo V20
1419,1/16/1900,1/10/1900,7/14/1905,Thursday,Xiaomi,4,69097.48,Priyanka Pathak,59,Jodhpur,Debit Card,5,Mi 11
1420,1/17/1900,1/10/1900,7/14/1905,Friday,Vivo,2,28583.69,Harish Patel,34,Jodhpur,UPI,5,Vivo V20
1421,1/17/1900,1/10/1900,7/14/1905,Friday,OnePlus,7,24517.64,Vijay Patel,55,Mumbai,Cash,1,OnePlus 8T
1422,1/17/1900,1/10/1900,7/14/1905,Friday,Samsung,9,26707.92,Tapan Kumar,26,Mumbai,Credit Card,5,Galaxy Note 20
1423,1/17/1900,1/10/1900,7/14/1905,Friday,Apple,7,63788.37,Kavita Teja,27,Jodhpur,UPI,1,iPhone 11
1424,1/18/1900,1/10/1900,7/14/1905,Saturday,Vivo,6,48173.13,Namita Teja,37,Mumbai,Debit Card,1,Vivo S1
1425,1/18/1900,1/10/1900,7/14/1905,Saturday,Xiaomi,1,53841.05,Kavita Rawat,31,Patna,Credit Card,5,Redmi Note 10
1426,1/18/1900,1/10/1900,7/14/1905,Saturday,Vivo,9,65080.63,Isha Desai,31,Coimbatore,Cash,1,Vivo V20
1427,1/18/1900,1/10/1900,7/14/1905,Saturday,Xiaomi,5,64712.35,Radha Kulkarni,43,Delhi,UPI,5,Mi 11
1428,1/19/1900,1/10/1900,7/14/1905,Sunday,Vivo,5,54336.75,Ramesh Verma,46,Delhi,Cash,5,Vivo S1
1429,1/19/1900,1/10/1900,7/14/1905,Sunday,Xiaomi,6,21869.47,Neeta Mathur,44,Delhi,Debit Card,4,Mi 11
1430,1/19/1900,1/10/1900,7/14/1905,Sunday,OnePlus,9,60602.4,Pooja Roy,42,Delhi,Debit Card,5,OnePlus 9
1431,1/19/1900,1/10/1900,7/14/1905,Sunday,Xiaomi,8,22226.56,Sneha Mishra,33,Chennai,Cash,1,Redmi Note 10
1432,1/20/1900,1/10/1900,7/14/1905,Monday,Xiaomi,8,54573.93,Priya Mehta,53,Mumbai,UPI,5,Mi 11
1433,1/20/1900,1/10/1900,7/14/1905,Monday,Samsung,8,51136.18,Bhavana Mehta,51,Bangalore,Cash,1,Galaxy Note 20
1434,1/20/1900,1/10/1900,7/14/1905,Monday,Xiaomi,1,55533.33,Kiran Solanki,33,Delhi,Credit Card,5,Mi 11
1435,1/20/1900,1/10/1900,7/14/1905,Monday,Samsung,1,41961.14,Kunal Chaudhary,50,Kolkata,Cash,5,Galaxy S21
1436,1/21/1900,1/10/1900,7/14/1905,Tuesday,Apple,8,48323.57,Pooja Luthra,20,Hyderabad,Debit Card,5,iPhone 11
1437,1/21/1900,1/10/1900,7/14/1905,Tuesday,Samsung,5,67199.2,Rajesh Kulkarni,40,Delhi,UPI,5,Galaxy Note 20
1438,1/21/1900,1/10/1900,7/14/1905,Tuesday,OnePlus,9,16065.32,Reena Sharma,28,Mumbai,UPI,1,OnePlus 9
1439,1/21/1900,1/10/1900,7/14/1905,Tuesday,Samsung,2,28530.84,Sunil Dutta,35,Vadodara,Debit Card,5,Galaxy Note 20
1440,1/22/1900,1/10/1900,7/14/1905,Wednesday,Apple,9,46681.42,Anita Srivastava,58,Indore,Debit Card,5,iPhone SE
1441,1/22/1900,1/10/1900,7/14/1905,Wednesday,OnePlus,8,67843.25,Kavita Singh,46,Mumbai,Credit Card,5,OnePlus 9
1442,1/22/1900,1/10/1900,7/14/1905,Wednesday,Vivo,9,15734.47,Shruti Shah,22,Chennai,Debit Card,5,Vivo Y51
1443,1/23/1900,1/10/1900,7/14/1905,Thursday,Vivo,4,11352.95,Namita Ghosh,41,Delhi,Debit Card,4,Vivo Y51
1444,1/23/1900,1/10/1900,7/14/1905,Thursday,Samsung,1,13344.98,Radha Kaur,46,Delhi,Debit Card,1,Galaxy S21
1445,1/23/1900,1/10/1900,7/14/1905,Thursday,Samsung,1,13144.34,Prashant Teja,46,Patna,UPI,1,Galaxy S21
1446,1/23/1900,1/10/1900,7/14/1905,Thursday,Apple,5,64468.95,Rohan Singh,43,Bhopal,Debit Card,5,iPhone SE
1447,1/24/1900,1/10/1900,7/14/1905,Friday,Apple,2,53275.47,Nikhil Patel,57,Delhi,Cash,1,iPhone 11
1448,1/24/1900,1/10/1900,7/14/1905,Friday,Xiaomi,8,50626.38,Rajesh Verma,20,Delhi,Cash,5,Mi 11
1449,1/24/1900,1/10/1900,7/14/1905,Friday,Apple,5,41354.37,Sunita Das,19,Delhi,UPI,3,iPhone 11
1450,1/24/1900,1/10/1900,7/14/1905,Friday,Xiaomi,5,56917.16,Sneha Menon,42,Patna,Credit Card,1,Redmi Note 10
1451,1/25/1900,1/10/1900,7/14/1905,Saturday,OnePlus,2,19338.88,Priyanka Sharma,36,Vadodara,Credit Card,3,OnePlus 9
1452,1/25/1900,1/10/1900,7/14/1905,Saturday,Samsung,7,33516.47,Bhavana Teja,57,Mumbai,UPI,4,Galaxy S21
1453,1/25/1900,1/10/1900,7/14/1905,Saturday,OnePlus,8,39400.26,Deepika Reddy,19,Delhi,Cash,5,OnePlus 8T
1454,1/26/1900,1/10/1900,7/14/1905,Sunday,Apple,1,16624.57,Ravi Jain,36,Lucknow,UPI,5,iPhone 11
1455,1/26/1900,1/10/1900,7/14/1905,Sunday,OnePlus,2,35170.82,Kavita Iyer,18,Madurai,Debit Card,5,OnePlus 9
1456,1/26/1900,1/10/1900,7/14/1905,Sunday,OnePlus,4,28990.11,Radha Alva,44,Coimbatore,UPI,4,OnePlus Nord
1457,1/27/1900,1/10/1900,7/14/1905,Monday,OnePlus,5,12134.93,Deepika Malhotra,52,Madurai,Credit Card,5,OnePlus 8T
1458,1/27/1900,1/10/1900,7/14/1905,Monday,Apple,2,18204.12,Ayesha Singh,58,Patna,Cash,3,iPhone SE
1459,1/27/1900,1/10/1900,7/14/1905,Monday,OnePlus,1,55842.21,Lata Shah,22,Patna,Credit Card,1,OnePlus 9
1460,1/28/1900,1/10/1900,7/14/1905,Tuesday,Xiaomi,9,11082.27,Bina Solanki,55,Gorakhpur,Credit Card,5,Mi 11
1461,1/28/1900,1/10/1900,7/14/1905,Tuesday,Apple,1,66055.2,Anita Varma,21,Patna,Cash,5,iPhone SE
1462,1/28/1900,1/10/1900,7/14/1905,Tuesday,OnePlus,4,15185.48,Devendra Mathur,34,Gorakhpur,Debit Card,5,OnePlus 8T
1463,1/29/1900,1/10/1900,7/14/1905,Wednesday,Apple,2,57954.29,Isha Nair,38,Ludhiana,Cash,5,iPhone SE
1464,1/29/1900,1/10/1900,7/14/1905,Wednesday,Vivo,4,63916.99,Meena Das,48,Jodhpur,Cash,3,Vivo Y51
1465,1/29/1900,1/10/1900,7/14/1905,Wednesday,Xiaomi,8,66468.14,Kavita Teja,39,Delhi,UPI,5,Redmi 9
1466,1/29/1900,1/10/1900,7/14/1905,Wednesday,OnePlus,8,62048.62,Pankaj Singh,28,Bangalore,Cash,4,OnePlus Nord
1467,12/31/1899,1/11/1900,7/14/1905,Thursday,Vivo,9,27253,Mala Kulkarni,51,Delhi,UPI,5,Vivo V20
1468,12/31/1899,1/11/1900,7/14/1905,Thursday,Vivo,5,29985.23,Pankaj Desai,32,Mumbai,Credit Card,3,Vivo V20
1469,12/31/1899,1/11/1900,7/14/1905,Thursday,Apple,7,35592.74,Sneha Sharma,27,Coimbatore,Cash,1,iPhone SE
1470,12/31/1899,1/11/1900,7/14/1905,Thursday,Vivo,3,18357.8,Sanjay Malhotra,55,Delhi,Debit Card,5,Vivo Y51
1471,1/1/1900,1/11/1900,7/14/1905,Friday,Xiaomi,4,11336.35,Umesh Dutta,49,Vadodara,UPI,5,Redmi 9
1472,1/1/1900,1/11/1900,7/14/1905,Friday,Xiaomi,9,62147.3,Bina Mathur,48,Ranchi,UPI,3,Mi 11
1473,1/1/1900,1/11/1900,7/14/1905,Friday,Samsung,1,43247.72,Namita Siddiqui,54,Delhi,Debit Card,5,Galaxy Note 20
1474,1/1/1900,1/11/1900,7/14/1905,Friday,Xiaomi,2,46523.38,Priyanka Alva,45,Rajkot,UPI,1,Mi 11
1475,1/2/1900,1/11/1900,7/14/1905,Saturday,Vivo,5,65619.31,Mala Thakur,48,Delhi,UPI,1,Vivo Y51
1476,1/2/1900,1/11/1900,7/14/1905,Saturday,Xiaomi,3,49907.21,Monika Goyal,23,Madurai,Debit Card,5,Redmi Note 10
1477,1/2/1900,1/11/1900,7/14/1905,Saturday,Apple,2,51451.21,Aditya Menon,31,Mumbai,Credit Card,4,iPhone SE
1478,1/2/1900,1/11/1900,7/14/1905,Saturday,Samsung,1,57218.12,Tapan Deshmukh,40,Lucknow,Cash,5,Galaxy Note 20
1479,1/3/1900,1/11/1900,7/14/1905,Sunday,Vivo,3,16980.91,Navin Kapoor,33,Delhi,Cash,3,Vivo V20
1480,1/3/1900,1/11/1900,7/14/1905,Sunday,Samsung,1,31609.73,Sachin Nambiar,42,Patna,Cash,5,Galaxy Note 20
1481,1/3/1900,1/11/1900,7/14/1905,Sunday,Vivo,1,68092.48,Anjali Ahuja,56,Rajkot,Cash,3,Vivo Y51
1482,1/3/1900,1/11/1900,7/14/1905,Sunday,Apple,1,65375.8,Kiran Singh,19,Coimbatore,Cash,4,iPhone 12
1483,1/4/1900,1/11/1900,7/14/1905,Monday,Samsung,8,63044.52,Umesh Dutta,55,Kolkata,Cash,5,Galaxy S21
1484,1/4/1900,1/11/1900,7/14/1905,Monday,OnePlus,3,37125.31,Ravi Varma,58,Mumbai,UPI,1,OnePlus 8T
1485,1/4/1900,1/11/1900,7/14/1905,Monday,Vivo,1,61431.58,Umesh Varma,56,Delhi,Cash,3,Vivo S1
1486,1/4/1900,1/11/1900,7/14/1905,Monday,OnePlus,7,12903.75,Pankaj Shah,51,Mumbai,UPI,3,OnePlus 9
1487,1/5/1900,1/11/1900,7/14/1905,Tuesday,Samsung,3,18911.05,Vijay Singh,57,Bangalore,Debit Card,1,Galaxy A51
1488,1/5/1900,1/11/1900,7/14/1905,Tuesday,OnePlus,8,34838.06,Jyoti Roy,42,Delhi,Credit Card,5,OnePlus 8T
1489,1/5/1900,1/11/1900,7/14/1905,Tuesday,OnePlus,4,39003.52,Kunal Malhotra,53,Vadodara,UPI,4,OnePlus 8T
1490,1/6/1900,1/11/1900,7/14/1905,Wednesday,Samsung,4,25810.43,Shruti Bhatnagar,33,Mumbai,Credit Card,5,Galaxy Note 20
1491,1/6/1900,1/11/1900,7/14/1905,Wednesday,Apple,5,31388.6,Lata Alva,35,Ludhiana,Debit Card,5,iPhone 11
1492,1/6/1900,1/11/1900,7/14/1905,Wednesday,OnePlus,6,19766.57,Navin Chaudhary,30,Mumbai,Cash,5,OnePlus 8T
1493,1/6/1900,1/11/1900,7/14/1905,Wednesday,OnePlus,7,39348.04,Radha Srivastava,54,Ludhiana,Credit Card,3,OnePlus 8T
1494,1/7/1900,1/11/1900,7/14/1905,Thursday,Apple,4,57630.6,Arun Nair,44,Kolkata,Credit Card,3,iPhone SE
1495,1/7/1900,1/11/1900,7/14/1905,Thursday,OnePlus,8,49681.62,Anita Mathur,51,Ludhiana,Debit Card,4,OnePlus 9
1496,1/7/1900,1/11/1900,7/14/1905,Thursday,OnePlus,6,16467.53,Jyoti Rawat,28,Kanpur,Debit Card,4,OnePlus 8T
1497,1/8/1900,1/11/1900,7/14/1905,Friday,OnePlus,1,39254.9,Radha Varma,18,Bangalore,Debit Card,4,OnePlus 9
1498,1/8/1900,1/11/1900,7/14/1905,Friday,Xiaomi,1,51858.78,Neeta Kumar,30,Ranchi,UPI,1,Redmi 9
1499,1/8/1900,1/11/1900,7/14/1905,Friday,Apple,9,41793.72,Kavita Kaur,47,Mumbai,UPI,5,iPhone 11
1500,1/9/1900,1/11/1900,7/14/1905,Saturday,OnePlus,6,33500.54,Deepika Shah,22,Delhi,Credit Card,5,OnePlus 8T
1501,1/9/1900,1/11/1900,7/14/1905,Saturday,Apple,8,47314.87,Sachin Goyal,35,Mumbai,Debit Card,4,iPhone 12
1502,1/9/1900,1/11/1900,7/14/1905,Saturday,Vivo,7,68118.32,Pooja Deshmukh,31,Mumbai,Credit Card,3,Vivo V20
1503,1/9/1900,1/11/1900,7/14/1905,Saturday,Vivo,6,15694.47,Reena Das,30,Vadodara,Cash,5,Vivo V20
1504,1/10/1900,1/11/1900,7/14/1905,Sunday,OnePlus,4,33400.96,Amit Ahuja,49,Bhopal,Debit Card,5,OnePlus 8T
1505,1/10/1900,1/11/1900,7/14/1905,Sunday,Apple,7,34396.35,Pankaj Desai,24,Mumbai,UPI,1,iPhone 12
1506,1/10/1900,1/11/1900,7/14/1905,Sunday,Apple,9,44618.04,Rajesh Roy,25,Lucknow,Debit Card,3,iPhone 12
1507,1/11/1900,1/11/1900,7/14/1905,Monday,Apple,7,19130.48,Shruti Mehta,24,Delhi,Credit Card,1,iPhone SE
1508,1/11/1900,1/11/1900,7/14/1905,Monday,Xiaomi,1,20598.58,Neeta Menon,33,Delhi,UPI,5,Mi 11
1509,1/11/1900,1/11/1900,7/14/1905,Monday,Vivo,9,27121.68,Kavita Bhatnagar,48,Delhi,Cash,5,Vivo Y51
1510,1/11/1900,1/11/1900,7/14/1905,Monday,Apple,4,67352.2,Pooja Pillai,44,Gorakhpur,Cash,1,iPhone 11
1511,1/12/1900,1/11/1900,7/14/1905,Tuesday,Apple,3,54046.51,Devendra Jain,50,Vadodara,Credit Card,1,iPhone 12
1512,1/12/1900,1/11/1900,7/14/1905,Tuesday,Xiaomi,4,49701.6,Bhavana Mishra,46,Kolkata,Debit Card,1,Redmi 9
1513,1/12/1900,1/11/1900,7/14/1905,Tuesday,Xiaomi,4,59017.46,Vijay Das,25,Delhi,Cash,5,Redmi Note 10
1514,1/13/1900,1/11/1900,7/14/1905,Wednesday,Apple,2,17654.59,Shruti Verma,50,Indore,Credit Card,3,iPhone 11
1515,1/13/1900,1/11/1900,7/14/1905,Wednesday,Samsung,1,61559.97,Aditya Patel,58,Vadodara,UPI,3,Galaxy S21
1516,1/13/1900,1/11/1900,7/14/1905,Wednesday,Apple,1,45689.96,Sunita Luthra,36,Coimbatore,UPI,5,iPhone 11
1517,1/13/1900,1/11/1900,7/14/1905,Wednesday,Apple,8,30119.74,Manoj Gupta,38,Mumbai,Credit Card,1,iPhone 12
1518,1/14/1900,1/11/1900,7/14/1905,Thursday,Xiaomi,2,58951.32,Pooja Deshmukh,58,Mumbai,Debit Card,1,Redmi Note 10
1519,1/14/1900,1/11/1900,7/14/1905,Thursday,Xiaomi,5,58153.87,Ravi Prasad,38,Ludhiana,Debit Card,4,Mi 11
1520,1/14/1900,1/11/1900,7/14/1905,Thursday,Apple,4,60742.51,Umesh Rawat,42,Kolkata,Debit Card,5,iPhone 12
1521,1/15/1900,1/11/1900,7/14/1905,Friday,Apple,8,16931.07,Shruti Pathak,59,Chennai,Debit Card,5,iPhone 11
1522,1/15/1900,1/11/1900,7/14/1905,Friday,Apple,2,68161.67,Manoj Kapoor,40,Rajkot,Credit Card,3,iPhone 12
1523,1/15/1900,1/11/1900,7/14/1905,Friday,Xiaomi,9,67577.57,Anita Dutta,28,Delhi,Credit Card,5,Redmi Note 10
1524,1/15/1900,1/11/1900,7/14/1905,Friday,Apple,7,31448.18,Deepika Patel,50,Delhi,UPI,1,iPhone 12
1525,1/16/1900,1/11/1900,7/14/1905,Saturday,Apple,7,13953.64,Arun Rawat,37,Ranchi,UPI,5,iPhone 11
1526,1/16/1900,1/11/1900,7/14/1905,Saturday,OnePlus,1,20023.34,Kavita Kapoor,42,Mumbai,Debit Card,5,OnePlus 9
1527,1/16/1900,1/11/1900,7/14/1905,Saturday,Samsung,2,69569.85,Sachin Ghosh,43,Chennai,Cash,5,Galaxy S21
1528,1/16/1900,1/11/1900,7/14/1905,Saturday,Vivo,4,43780.78,Sunita Verma,57,Mumbai,Cash,1,Vivo S1
1529,1/17/1900,1/11/1900,7/14/1905,Sunday,Samsung,4,31397.31,Prashant Roy,29,Patna,UPI,5,Galaxy A51
1530,1/17/1900,1/11/1900,7/14/1905,Sunday,OnePlus,3,27292.16,Ravi Malhotra,49,Mumbai,UPI,5,OnePlus 8T
1531,1/17/1900,1/11/1900,7/14/1905,Sunday,Vivo,7,25419.5,Krishna Alva,50,Jodhpur,Credit Card,4,Vivo Y51
1532,1/17/1900,1/11/1900,7/14/1905,Sunday,Apple,8,49849.17,Vivek Sheth,27,Bhopal,UPI,5,iPhone 11
1533,1/18/1900,1/11/1900,7/14/1905,Monday,OnePlus,2,35163.27,Anita Malhotra,21,Bhopal,UPI,4,OnePlus 8T
1534,1/18/1900,1/11/1900,7/14/1905,Monday,Apple,4,67924.64,Ramesh Srivastava,32,Mumbai,Debit Card,5,iPhone 12
1535,1/18/1900,1/11/1900,7/14/1905,Monday,Xiaomi,3,51030.58,Meena Roy,23,Mumbai,Cash,5,Redmi Note 10
1536,1/18/1900,1/11/1900,7/14/1905,Monday,OnePlus,2,57522.68,Anita Malhotra,44,Mumbai,Cash,1,OnePlus 8T
1537,1/19/1900,1/11/1900,7/14/1905,Tuesday,Xiaomi,6,27564.49,Tapan Singh,22,Kanpur,Credit Card,5,Mi 11
1538,1/19/1900,1/11/1900,7/14/1905,Tuesday,OnePlus,4,14751.18,Prashant Deshmukh,22,Madurai,Cash,1,OnePlus Nord
1539,1/19/1900,1/11/1900,7/14/1905,Tuesday,OnePlus,6,39269.37,Sunita Mathur,35,Indore,Debit Card,4,OnePlus 8T
1540,1/19/1900,1/11/1900,7/14/1905,Tuesday,Xiaomi,2,28874.89,Meena Srivastava,45,Kolkata,Debit Card,3,Redmi 9
1541,1/20/1900,1/11/1900,7/14/1905,Wednesday,Vivo,4,22124.99,Anita Rawat,52,Delhi,Credit Card,3,Vivo Y51
1542,1/20/1900,1/11/1900,7/14/1905,Wednesday,Samsung,6,67158.53,Manoj Jain,39,Chennai,UPI,4,Galaxy Note 20
1543,1/20/1900,1/11/1900,7/14/1905,Wednesday,Apple,5,36639.29,Anjali Srivastava,51,Mumbai,UPI,3,iPhone 12
1544,1/21/1900,1/11/1900,7/14/1905,Thursday,OnePlus,3,20482.52,Anand Kaur,21,Delhi,Debit Card,5,OnePlus 8T
1545,1/21/1900,1/11/1900,7/14/1905,Thursday,Apple,8,21919.04,Sunil Varma,35,Delhi,Credit Card,5,iPhone SE
1546,1/21/1900,1/11/1900,7/14/1905,Thursday,Xiaomi,7,26842.58,Deepika Patel,58,Chennai,Debit Card,5,Redmi Note 10
1547,1/22/1900,1/11/1900,7/14/1905,Friday,Apple,3,69958.98,Sunil Luthra,43,Delhi,Cash,5,iPhone SE
1548,1/22/1900,1/11/1900,7/14/1905,Friday,Xiaomi,6,26080.69,Gita Dutta,59,Lucknow,Cash,3,Mi 11
1549,1/22/1900,1/11/1900,7/14/1905,Friday,Apple,4,29728.11,Mala Dutta,39,Patna,Debit Card,1,iPhone 12
1550,1/23/1900,1/11/1900,7/14/1905,Saturday,Samsung,5,49559.69,Amit Chatterjee,50,Mumbai,UPI,5,Galaxy A51
1551,1/23/1900,1/11/1900,7/14/1905,Saturday,Samsung,5,27637.68,Shruti Dutta,31,Mumbai,Cash,1,Galaxy Note 20
1552,1/23/1900,1/11/1900,7/14/1905,Saturday,Samsung,7,22948.26,Ramesh Varma,48,Gorakhpur,Credit Card,3,Galaxy A51
1553,1/23/1900,1/11/1900,7/14/1905,Saturday,Samsung,5,19518.23,Reena Kulkarni,27,Rajkot,UPI,1,Galaxy Note 20
1554,1/24/1900,1/11/1900,7/14/1905,Sunday,Samsung,3,28760.96,Anand Kaur,41,Hyderabad,Cash,3,Galaxy A51
1555,1/24/1900,1/11/1900,7/14/1905,Sunday,Samsung,5,16354.94,Sunil Siddiqui,38,Delhi,Debit Card,5,Galaxy Note 20
1556,1/24/1900,1/11/1900,7/14/1905,Sunday,Xiaomi,7,11118.8,Rohan Sheth,25,Delhi,UPI,5,Redmi 9
1557,1/25/1900,1/11/1900,7/14/1905,Monday,OnePlus,5,58278.5,Sunita Iyer,49,Rajkot,UPI,4,OnePlus 9
1558,1/25/1900,1/11/1900,7/14/1905,Monday,Apple,5,18273.7,Bhavana Ghosh,48,Mumbai,Cash,3,iPhone 11
1559,1/25/1900,1/11/1900,7/14/1905,Monday,Samsung,9,56558.61,Priya Thakur,51,Delhi,Credit Card,5,Galaxy Note 20
1560,1/25/1900,1/11/1900,7/14/1905,Monday,Xiaomi,3,57852.55,Sanjay Srivastava,40,Coimbatore,Cash,1,Redmi 9
1561,1/26/1900,1/11/1900,7/14/1905,Tuesday,Xiaomi,6,42275.17,Meena Sheth,42,Bangalore,Cash,5,Mi 11
1562,1/26/1900,1/11/1900,7/14/1905,Tuesday,Xiaomi,1,28580.92,Meena Joshi,24,Mumbai,Cash,1,Redmi Note 10
1563,1/26/1900,1/11/1900,7/14/1905,Tuesday,OnePlus,5,18701.96,Manoj Gupta,36,Delhi,Cash,1,OnePlus Nord
1564,1/26/1900,1/11/1900,7/14/1905,Tuesday,Apple,8,54208.31,Anand Kaur,24,Delhi,Cash,1,iPhone SE
1565,1/27/1900,1/11/1900,7/14/1905,Wednesday,OnePlus,5,46083.22,Rohan Dutta,25,Kolkata,Debit Card,1,OnePlus Nord
1566,1/27/1900,1/11/1900,7/14/1905,Wednesday,Vivo,9,49327.21,Prashant Deshmukh,31,Bhopal,Cash,5,Vivo V20
1567,1/27/1900,1/11/1900,7/14/1905,Wednesday,Xiaomi,6,10520.15,Priya Kaur,18,Delhi,Credit Card,1,Redmi Note 10
1568,1/28/1900,1/11/1900,7/14/1905,Thursday,Vivo,8,65651.02,Anand Siddiqui,30,Delhi,UPI,5,Vivo Y51
1569,1/28/1900,1/11/1900,7/14/1905,Thursday,Samsung,8,13977.41,Rajesh Ghosh,20,Delhi,Debit Card,4,Galaxy A51
1570,1/28/1900,1/11/1900,7/14/1905,Thursday,Samsung,3,32008.35,Sanjay Roy,45,Mumbai,Credit Card,5,Galaxy S21
1571,1/29/1900,1/11/1900,7/14/1905,Friday,OnePlus,7,34162.7,Kavita Kumar,55,Jodhpur,Cash,1,OnePlus 8T
1572,1/29/1900,1/11/1900,7/14/1905,Friday,Apple,7,10081.33,Prashant Jain,32,Delhi,Credit Card,4,iPhone 12
1573,1/29/1900,1/11/1900,7/14/1905,Friday,Vivo,6,39825.36,Namita Teja,53,Delhi,UPI,5,Vivo V20
1574,1/29/1900,1/11/1900,7/14/1905,Friday,Apple,7,55168.54,Yogesh Mishra,20,Kolkata,Credit Card,5,iPhone 12
1575,1/30/1900,1/11/1900,7/14/1905,Saturday,OnePlus,2,59396.12,Anita Joshi,21,Vadodara,Cash,5,OnePlus 8T
1576,1/30/1900,1/11/1900,7/14/1905,Saturday,Samsung,9,62763.82,Rohan Deshmukh,22,Mumbai,UPI,4,Galaxy S21
1577,1/30/1900,1/11/1900,7/14/1905,Saturday,Apple,1,39263.13,Vivek Rawat,43,Mumbai,Cash,5,iPhone 12
1578,12/31/1899,12/31/1899,7/15/1905,Sunday,Apple,1,47838.17,Priya Bhattacharya,42,Bangalore,Cash,1,iPhone 12
1579,12/31/1899,12/31/1899,7/15/1905,Sunday,Samsung,3,14771.18,Tapan Singh,27,Coimbatore,Debit Card,5,Galaxy A51
1580,12/31/1899,12/31/1899,7/15/1905,Sunday,Vivo,3,39282.29,Meena Desai,25,Mumbai,UPI,1,Vivo V20
1581,12/31/1899,12/31/1899,7/15/1905,Sunday,Samsung,1,19288.95,Pankaj Pathak,29,Delhi,UPI,3,Galaxy A51
1582,1/1/1900,12/31/1899,7/15/1905,Monday,Apple,7,32178.59,Rajesh Chaudhary,20,Delhi,Cash,5,iPhone 12
1583,1/1/1900,12/31/1899,7/15/1905,Monday,Vivo,4,29758.32,Lata Shah,44,Hyderabad,Credit Card,5,Vivo S1
1584,1/1/1900,12/31/1899,7/15/1905,Monday,Vivo,2,35412.43,Anand Patel,40,Bangalore,UPI,5,Vivo V20
1585,1/1/1900,12/31/1899,7/15/1905,Monday,Samsung,5,44298.2,Meena Rathod,57,Ranchi,Credit Card,5,Galaxy A51
1586,1/2/1900,12/31/1899,7/15/1905,Tuesday,Apple,6,64172.6,Jyoti Iyer,50,Coimbatore,Credit Card,4,iPhone SE
1587,1/2/1900,12/31/1899,7/15/1905,Tuesday,OnePlus,9,33669.08,Ramesh Gupta,31,Delhi,UPI,1,OnePlus Nord
1588,1/2/1900,12/31/1899,7/15/1905,Tuesday,Apple,4,68867.87,Sumit Chatterjee,40,Gorakhpur,Credit Card,5,iPhone 12
1589,1/2/1900,12/31/1899,7/15/1905,Tuesday,Xiaomi,2,55541.68,Reena Patel,48,Mumbai,UPI,4,Mi 11
1590,1/3/1900,12/31/1899,7/15/1905,Wednesday,OnePlus,5,40688.86,Manoj Siddiqui,30,Mumbai,Debit Card,1,OnePlus Nord
1591,1/3/1900,12/31/1899,7/15/1905,Wednesday,Vivo,3,48641.59,Lalita Rathod,29,Delhi,UPI,1,Vivo S1
1592,1/3/1900,12/31/1899,7/15/1905,Wednesday,OnePlus,2,16133.45,Ravi Kulkarni,52,Mumbai,UPI,1,OnePlus Nord
1593,1/3/1900,12/31/1899,7/15/1905,Wednesday,Vivo,1,60671.29,Arun Kapoor,35,Mumbai,UPI,3,Vivo S1
1594,1/4/1900,12/31/1899,7/15/1905,Thursday,Vivo,2,44941.45,Isha Dutta,38,Mumbai,Debit Card,1,Vivo S1
1595,1/4/1900,12/31/1899,7/15/1905,Thursday,OnePlus,6,69164.05,Vivek Bhattacharya,59,Hyderabad,Credit Card,4,OnePlus 8T
1596,1/4/1900,12/31/1899,7/15/1905,Thursday,Vivo,8,48185.72,Devendra Rao,18,Indore,Debit Card,1,Vivo V20
1597,1/4/1900,12/31/1899,7/15/1905,Thursday,Vivo,3,60046.69,Prashant Luthra,55,Mumbai,Credit Card,1,Vivo Y51
1598,1/5/1900,12/31/1899,7/15/1905,Friday,Xiaomi,9,57985.76,Shruti Kulkarni,58,Delhi,UPI,4,Redmi Note 10
1599,1/5/1900,12/31/1899,7/15/1905,Friday,Apple,9,30727.67,Monika Goyal,59,Delhi,UPI,5,iPhone 11
1600,1/5/1900,12/31/1899,7/15/1905,Friday,Apple,2,25576.64,Kiran Jain,26,Delhi,Debit Card,1,iPhone 12
1601,1/6/1900,12/31/1899,7/15/1905,Saturday,Xiaomi,8,35829.62,Arun Dutta,40,Gorakhpur,Debit Card,4,Redmi 9
1602,1/6/1900,12/31/1899,7/15/1905,Saturday,OnePlus,5,38034.48,Tapan Kumar,31,Delhi,Debit Card,5,OnePlus 9
1603,1/6/1900,12/31/1899,7/15/1905,Saturday,Samsung,4,24405.08,Bhavana Mathur,28,Madurai,Debit Card,4,Galaxy S21
1604,1/7/1900,12/31/1899,7/15/1905,Sunday,Samsung,5,63675.87,Devendra Menon,24,Indore,UPI,3,Galaxy A51
1605,1/7/1900,12/31/1899,7/15/1905,Sunday,Samsung,4,42552.87,Lata Joshi,48,Delhi,UPI,5,Galaxy A51
1606,1/7/1900,12/31/1899,7/15/1905,Sunday,Xiaomi,8,68706.66,Sachin Ghosh,41,Madurai,Cash,5,Redmi Note 10
1607,1/7/1900,12/31/1899,7/15/1905,Sunday,Xiaomi,4,58601.07,Yogesh Roy,43,Jodhpur,Debit Card,5,Redmi Note 10
1608,1/8/1900,12/31/1899,7/15/1905,Monday,Vivo,6,43342.29,Vivek Srivastava,47,Delhi,Debit Card,4,Vivo S1
1609,1/8/1900,12/31/1899,7/15/1905,Monday,Samsung,2,66822.42,Meena Pillai,51,Kanpur,Credit Card,4,Galaxy Note 20
1610,1/8/1900,12/31/1899,7/15/1905,Monday,OnePlus,5,40292.49,Rohan Sheth,55,Gorakhpur,Credit Card,1,OnePlus Nord
1611,1/8/1900,12/31/1899,7/15/1905,Monday,OnePlus,6,63226.39,Vivek Shah,22,Delhi,UPI,1,OnePlus 9
1612,1/9/1900,12/31/1899,7/15/1905,Tuesday,Samsung,5,31488.69,Manoj Sharma,22,Kolkata,Cash,3,Galaxy S21
1613,1/9/1900,12/31/1899,7/15/1905,Tuesday,Samsung,2,32718.54,Vivek Nambiar,36,Mumbai,Debit Card,1,Galaxy S21
1614,1/9/1900,12/31/1899,7/15/1905,Tuesday,Samsung,7,35087.84,Amit Pillai,55,Lucknow,Cash,4,Galaxy A51
1615,1/10/1900,12/31/1899,7/15/1905,Wednesday,Xiaomi,4,42797.54,Lalita Verma,45,Delhi,Cash,4,Redmi 9
1616,1/10/1900,12/31/1899,7/15/1905,Wednesday,Xiaomi,8,43209.42,Nikhil Patel,43,Mumbai,UPI,1,Mi 11
1617,1/10/1900,12/31/1899,7/15/1905,Wednesday,Xiaomi,7,39783.94,Ayesha Roy,59,Gorakhpur,Cash,3,Redmi Note 10
1618,1/11/1900,12/31/1899,7/15/1905,Thursday,Apple,7,28360.06,Yogesh Kulkarni,40,Bhopal,Debit Card,4,iPhone 12
1619,1/11/1900,12/31/1899,7/15/1905,Thursday,OnePlus,9,65632.39,Aditya Sheth,47,Delhi,UPI,3,OnePlus Nord
1620,1/11/1900,12/31/1899,7/15/1905,Thursday,OnePlus,1,45315.17,Shruti Teja,20,Hyderabad,Cash,4,OnePlus 9
1621,1/11/1900,12/31/1899,7/15/1905,Thursday,Vivo,6,34464.35,Priya Teja,45,Jodhpur,UPI,3,Vivo Y51
1622,1/12/1900,12/31/1899,7/15/1905,Friday,Xiaomi,6,49070.62,Krishna Patel,50,Mumbai,UPI,3,Redmi 9
1623,1/12/1900,12/31/1899,7/15/1905,Friday,Apple,6,56078.01,Tanuja Gupta,59,Mumbai,Credit Card,3,iPhone 12
1624,1/12/1900,12/31/1899,7/15/1905,Friday,Apple,6,67643.69,Radha Nair,20,Vadodara,UPI,1,iPhone SE
1625,1/13/1900,12/31/1899,7/15/1905,Saturday,OnePlus,7,39972.95,Meena Verma,22,Ludhiana,Cash,5,OnePlus Nord
1626,1/13/1900,12/31/1899,7/15/1905,Saturday,Xiaomi,6,16725.91,Lata Verma,36,Delhi,Credit Card,3,Mi 11
1627,1/13/1900,12/31/1899,7/15/1905,Saturday,Vivo,1,36445.95,Tanuja Bhatnagar,59,Indore,Debit Card,3,Vivo S1
1628,1/13/1900,12/31/1899,7/15/1905,Saturday,Xiaomi,3,38738.23,Sachin Chaudhary,18,Hyderabad,Debit Card,4,Redmi Note 10
1629,1/14/1900,12/31/1899,7/15/1905,Sunday,Samsung,2,63819.64,Namita Goyal,55,Delhi,Debit Card,5,Galaxy Note 20
1630,1/14/1900,12/31/1899,7/15/1905,Sunday,Xiaomi,6,33688.05,Shruti Chaudhary,26,Delhi,Debit Card,4,Redmi 9
1631,1/14/1900,12/31/1899,7/15/1905,Sunday,Samsung,8,67199.46,Shruti Ahuja,22,Mumbai,Debit Card,4,Galaxy S21
1632,1/15/1900,12/31/1899,7/15/1905,Monday,Samsung,3,39107.91,Bina Das,59,Delhi,Cash,3,Galaxy A51
1633,1/15/1900,12/31/1899,7/15/1905,Monday,Vivo,8,68426.83,Neeta Pillai,51,Delhi,UPI,5,Vivo S1
1634,1/15/1900,12/31/1899,7/15/1905,Monday,OnePlus,8,10491.9,Vijay Rao,54,Indore,Credit Card,5,OnePlus 8T
1635,1/15/1900,12/31/1899,7/15/1905,Monday,Xiaomi,5,63928.92,Rohan Rathod,50,Kanpur,UPI,4,Mi 11
1636,1/16/1900,12/31/1899,7/15/1905,Tuesday,Samsung,8,65867.23,Priya Mathur,42,Delhi,UPI,5,Galaxy Note 20
1637,1/16/1900,12/31/1899,7/15/1905,Tuesday,Xiaomi,6,67661.26,Prashant Shah,59,Vadodara,Cash,5,Mi 11
1638,1/16/1900,12/31/1899,7/15/1905,Tuesday,OnePlus,5,10784.59,Sachin Singh,46,Ranchi,Cash,4,OnePlus 9
1639,1/17/1900,12/31/1899,7/15/1905,Wednesday,OnePlus,9,20302.05,Neeta Yadav,42,Mumbai,Cash,3,OnePlus Nord
1640,1/17/1900,12/31/1899,7/15/1905,Wednesday,Apple,7,49225.87,Pankaj Alva,26,Mumbai,Credit Card,1,iPhone 11
1641,1/17/1900,12/31/1899,7/15/1905,Wednesday,OnePlus,8,11528.36,Ayesha Siddiqui,20,Bhopal,Cash,4,OnePlus 9
1642,1/17/1900,12/31/1899,7/15/1905,Wednesday,Vivo,1,13816.54,Rohan Menon,32,Delhi,UPI,3,Vivo Y51
1643,1/18/1900,12/31/1899,7/15/1905,Thursday,Samsung,2,23264.73,Ayesha Kaur,21,Patna,Credit Card,5,Galaxy A51
1644,1/18/1900,12/31/1899,7/15/1905,Thursday,Apple,8,40746.39,Ravi Bhattacharya,55,Ludhiana,Cash,3,iPhone 11
1645,1/18/1900,12/31/1899,7/15/1905,Thursday,Vivo,9,42754.15,Radha Nair,37,Bhopal,Cash,5,Vivo S1
1646,1/19/1900,12/31/1899,7/15/1905,Friday,Xiaomi,4,12055.67,Harish Mishra,40,Delhi,Cash,5,Redmi 9
1647,1/19/1900,12/31/1899,7/15/1905,Friday,Samsung,9,20222.04,Anita Srivastava,54,Jodhpur,UPI,5,Galaxy S21
1648,1/19/1900,12/31/1899,7/15/1905,Friday,OnePlus,4,39982.34,Amit Ahuja,25,Mumbai,Cash,1,OnePlus 8T
1649,1/20/1900,12/31/1899,7/15/1905,Saturday,Samsung,9,45636.44,Radha Varma,54,Chennai,UPI,1,Galaxy Note 20
1650,1/20/1900,12/31/1899,7/15/1905,Saturday,Xiaomi,7,18904.1,Manoj Shah,50,Bangalore,Credit Card,4,Redmi 9
1651,1/20/1900,12/31/1899,7/15/1905,Saturday,Apple,2,33930.48,Lata Rathod,50,Bangalore,Cash,3,iPhone 11
1652,1/20/1900,12/31/1899,7/15/1905,Saturday,Apple,9,64264.09,Isha Reddy,24,Patna,Debit Card,4,iPhone SE
1653,1/21/1900,12/31/1899,7/15/1905,Sunday,Apple,4,69933.96,Kavita Rawat,39,Chennai,Debit Card,1,iPhone 12
1654,1/21/1900,12/31/1899,7/15/1905,Sunday,OnePlus,8,69232.87,Meena Mathur,22,Bhopal,UPI,5,OnePlus 8T
1655,1/21/1900,12/31/1899,7/15/1905,Sunday,Vivo,7,62900.47,Bhavana Malhotra,32,Mumbai,Cash,1,Vivo S1
1656,1/22/1900,12/31/1899,7/15/1905,Monday,Vivo,7,33679.61,Anita Pillai,38,Mumbai,Cash,3,Vivo Y51
1657,1/22/1900,12/31/1899,7/15/1905,Monday,Samsung,8,51194.46,Prashant Gupta,42,Madurai,Debit Card,5,Galaxy Note 20
1658,1/22/1900,12/31/1899,7/15/1905,Monday,OnePlus,1,34995.53,Vinod Goyal,34,Delhi,Credit Card,4,OnePlus 9
1659,1/22/1900,12/31/1899,7/15/1905,Monday,Apple,5,48911.62,Sumit Malhotra,24,Hyderabad,Credit Card,4,iPhone SE
1660,1/23/1900,12/31/1899,7/15/1905,Tuesday,Apple,2,28565.95,Sachin Goyal,36,Mumbai,UPI,1,iPhone 12
1661,1/23/1900,12/31/1899,7/15/1905,Tuesday,Xiaomi,2,46372.14,Rohan Menon,24,Patna,Debit Card,1,Redmi Note 10
1662,1/23/1900,12/31/1899,7/15/1905,Tuesday,Xiaomi,1,41425.51,Ravi Jain,57,Delhi,UPI,4,Redmi Note 10
1663,1/24/1900,12/31/1899,7/15/1905,Wednesday,Apple,5,11468.82,Neeta Ghosh,41,Vadodara,UPI,4,iPhone SE
1664,1/24/1900,12/31/1899,7/15/1905,Wednesday,Apple,2,57442.17,Amit Prasad,28,Delhi,Credit Card,5,iPhone SE
1665,1/24/1900,12/31/1899,7/15/1905,Wednesday,OnePlus,4,10713.87,Harish Joshi,58,Gorakhpur,Debit Card,3,OnePlus 8T
1666,1/24/1900,12/31/1899,7/15/1905,Wednesday,Vivo,3,27589.36,Vinod Dutta,18,Delhi,UPI,5,Vivo S1
1667,1/25/1900,12/31/1899,7/15/1905,Thursday,Xiaomi,3,10355.44,Manoj Jain,49,Bhopal,Credit Card,5,Redmi Note 10
1668,1/25/1900,12/31/1899,7/15/1905,Thursday,Vivo,2,32572.08,Rohan Shah,57,Gorakhpur,Credit Card,4,Vivo S1
1669,1/25/1900,12/31/1899,7/15/1905,Thursday,OnePlus,6,13789.63,Vinod Chatterjee,19,Delhi,Cash,3,OnePlus 8T
1670,1/26/1900,12/31/1899,7/15/1905,Friday,Apple,2,64810.66,Monika Thakur,32,Delhi,Debit Card,4,iPhone 12
1671,1/26/1900,12/31/1899,7/15/1905,Friday,Vivo,8,34940.76,Anita Joshi,38,Lucknow,Debit Card,5,Vivo Y51
1672,1/26/1900,12/31/1899,7/15/1905,Friday,Apple,8,37569.75,Navin Solanki,41,Indore,Cash,5,iPhone SE
1673,1/26/1900,12/31/1899,7/15/1905,Friday,Apple,5,30991.01,Arun Mehta,34,Delhi,UPI,4,iPhone 11
1674,1/27/1900,12/31/1899,7/15/1905,Saturday,Samsung,7,47650.37,Krishna Pillai,26,Vadodara,Credit Card,1,Galaxy Note 20
1675,1/27/1900,12/31/1899,7/15/1905,Saturday,Vivo,4,57064.49,Rajesh Ahuja,52,Delhi,Credit Card,1,Vivo S1
1676,1/27/1900,12/31/1899,7/15/1905,Saturday,Vivo,1,48888.8,Sneha Reddy,37,Indore,Credit Card,4,Vivo Y51
1677,1/28/1900,12/31/1899,7/15/1905,Sunday,Apple,2,54892.43,Pooja Sharma,36,Gorakhpur,Cash,5,iPhone SE
1678,1/28/1900,12/31/1899,7/15/1905,Sunday,OnePlus,4,64358.42,Priya Patel,35,Mumbai,Credit Card,5,OnePlus 9
1679,1/28/1900,12/31/1899,7/15/1905,Sunday,Samsung,1,61812.79,Mala Das,37,Delhi,UPI,1,Galaxy Note 20
1680,1/28/1900,12/31/1899,7/15/1905,Sunday,Apple,8,50443.51,Shruti Joshi,47,Indore,UPI,3,iPhone 12
1681,1/29/1900,12/31/1899,7/15/1905,Monday,Xiaomi,9,22878.28,Anita Joshi,57,Mumbai,Cash,5,Redmi 9
1682,1/29/1900,12/31/1899,7/15/1905,Monday,Xiaomi,4,48262.17,Vijay Prasad,18,Delhi,UPI,3,Redmi 9
1683,1/29/1900,12/31/1899,7/15/1905,Monday,Samsung,3,40364.99,Sanjay Srivastava,41,Mumbai,Debit Card,1,Galaxy Note 20
1684,1/30/1900,12/31/1899,7/15/1905,Tuesday,OnePlus,2,53033.15,Neeta Yadav,41,Jodhpur,Debit Card,4,OnePlus 8T
1685,1/30/1900,12/31/1899,7/15/1905,Tuesday,Apple,5,59975.9,Namita Malhotra,36,Coimbatore,Credit Card,5,iPhone SE
1686,1/30/1900,12/31/1899,7/15/1905,Tuesday,Vivo,3,54563.29,Sachin Singh,47,Delhi,Credit Card,1,Vivo S1
1687,1/30/1900,12/31/1899,7/15/1905,Tuesday,Samsung,7,60793.67,Lata Iyer,43,Delhi,Debit Card,3,Galaxy S21
1688,12/31/1899,1/1/1900,7/15/1905,Wednesday,OnePlus,6,13831.98,Prashant Mathur,59,Bangalore,UPI,3,OnePlus 9
1689,12/31/1899,1/1/1900,7/15/1905,Wednesday,Vivo,1,11897.2,Jyoti Srivastava,55,Chennai,Cash,1,Vivo Y51
1690,12/31/1899,1/1/1900,7/15/1905,Wednesday,Xiaomi,8,25510.03,Ramesh Gupta,46,Chennai,Credit Card,5,Mi 11
1691,12/31/1899,1/1/1900,7/15/1905,Wednesday,Xiaomi,2,64039.97,Pankaj Prasad,30,Delhi,Credit Card,3,Mi 11
1692,1/1/1900,1/1/1900,7/15/1905,Thursday,Vivo,5,59419.56,Prashant Gupta,21,Lucknow,Debit Card,5,Vivo Y51
1693,1/1/1900,1/1/1900,7/15/1905,Thursday,Samsung,9,50963.64,Namita Mehta,34,Lucknow,Debit Card,5,Galaxy Note 20
1694,1/1/1900,1/1/1900,7/15/1905,Thursday,Xiaomi,8,52045.52,Bina Kumar,50,Jodhpur,Cash,4,Mi 11
1695,1/1/1900,1/1/1900,7/15/1905,Thursday,Apple,2,53600.23,Shruti Chaudhary,22,Chennai,Credit Card,1,iPhone 11
1696,1/2/1900,1/1/1900,7/15/1905,Friday,Vivo,9,66556.16,Krishna Bhattacharya,45,Jodhpur,UPI,1,Vivo Y51
1697,1/2/1900,1/1/1900,7/15/1905,Friday,Vivo,5,59931.47,Bina Kumar,41,Chennai,UPI,5,Vivo V20
1698,1/2/1900,1/1/1900,7/15/1905,Friday,Xiaomi,6,47403.42,Kavita Solanki,34,Kanpur,Debit Card,4,Redmi 9
1699,1/3/1900,1/1/1900,7/15/1905,Saturday,Samsung,3,49942.93,Anita Luthra,56,Ranchi,Cash,3,Galaxy A51
1700,1/3/1900,1/1/1900,7/15/1905,Saturday,Apple,3,22824.42,Navin Chaudhary,57,Delhi,Debit Card,3,iPhone 11
1701,1/3/1900,1/1/1900,7/15/1905,Saturday,Samsung,8,49439.13,Prashant Luthra,28,Chennai,Cash,1,Galaxy A51
1702,1/3/1900,1/1/1900,7/15/1905,Saturday,OnePlus,2,35480.74,Krishna Iyer,29,Kolkata,UPI,5,OnePlus 8T
1703,1/4/1900,1/1/1900,7/15/1905,Sunday,OnePlus,2,19177.71,Pankaj Mishra,30,Delhi,Cash,4,OnePlus 9
1704,1/4/1900,1/1/1900,7/15/1905,Sunday,Xiaomi,5,58384.17,Prashant Roy,25,Ranchi,UPI,4,Mi 11
1705,1/4/1900,1/1/1900,7/15/1905,Sunday,Xiaomi,6,40614.83,Sumit Rathod,18,Chennai,Cash,3,Redmi Note 10
1706,1/5/1900,1/1/1900,7/15/1905,Monday,Xiaomi,2,68645.5,Manoj Goyal,26,Delhi,Debit Card,3,Redmi Note 10
1707,1/5/1900,1/1/1900,7/15/1905,Monday,OnePlus,5,26900.76,Arun Desai,45,Mumbai,UPI,5,OnePlus 9
1708,1/5/1900,1/1/1900,7/15/1905,Monday,Samsung,7,38840.21,Lata Verma,19,Lucknow,Credit Card,5,Galaxy Note 20
1709,1/5/1900,1/1/1900,7/15/1905,Monday,Samsung,8,36879.73,Neeta Ghosh,31,Delhi,Credit Card,5,Galaxy S21
1710,1/6/1900,1/1/1900,7/15/1905,Tuesday,Xiaomi,7,17246.77,Priya Varma,30,Chennai,UPI,5,Mi 11
1711,1/6/1900,1/1/1900,7/15/1905,Tuesday,Apple,8,35566.92,Tapan Nair,19,Mumbai,Credit Card,4,iPhone 12
1712,1/6/1900,1/1/1900,7/15/1905,Tuesday,Samsung,9,27253.21,Manoj Patel,21,Coimbatore,UPI,5,Galaxy S21
1713,1/7/1900,1/1/1900,7/15/1905,Wednesday,OnePlus,5,19619.23,Bhavana Ghosh,29,Ludhiana,Debit Card,1,OnePlus Nord
1714,1/7/1900,1/1/1900,7/15/1905,Wednesday,Vivo,5,26929.34,Priya Teja,27,Chennai,Debit Card,1,Vivo Y51
1715,1/7/1900,1/1/1900,7/15/1905,Wednesday,Vivo,4,23995.1,Tanuja Teja,20,Delhi,Cash,3,Vivo S1
1716,1/7/1900,1/1/1900,7/15/1905,Wednesday,Vivo,9,54044.41,Kavita Solanki,21,Chennai,Credit Card,3,Vivo V20
1717,1/8/1900,1/1/1900,7/15/1905,Thursday,Apple,5,11846.51,Sneha Mishra,23,Madurai,Credit Card,5,iPhone SE
1718,1/8/1900,1/1/1900,7/15/1905,Thursday,Xiaomi,2,47047.76,Sunil Iyer,40,Delhi,Credit Card,1,Redmi Note 10
1719,1/8/1900,1/1/1900,7/15/1905,Thursday,OnePlus,8,55639.68,Vijay Varma,22,Patna,UPI,5,OnePlus Nord
1720,1/9/1900,1/1/1900,7/15/1905,Friday,Apple,7,38843.41,Prashant Ghosh,20,Lucknow,Debit Card,5,iPhone SE
1721,1/9/1900,1/1/1900,7/15/1905,Friday,OnePlus,8,65893.9,Aditya Arora,27,Madurai,Credit Card,5,OnePlus 8T
1722,1/9/1900,1/1/1900,7/15/1905,Friday,OnePlus,3,52472.84,Bhavana Malhotra,36,Chennai,Cash,3,OnePlus 8T
1723,1/10/1900,1/1/1900,7/15/1905,Saturday,Xiaomi,4,54875.42,Namita Desai,31,Patna,Credit Card,5,Redmi 9
1724,1/10/1900,1/1/1900,7/15/1905,Saturday,Vivo,5,21816.01,Arun Kumar,38,Chennai,Cash,5,Vivo S1
1725,1/10/1900,1/1/1900,7/15/1905,Saturday,Xiaomi,6,56637.73,Bhavana Jain,45,Mumbai,Credit Card,3,Mi 11
1726,1/10/1900,1/1/1900,7/15/1905,Saturday,Apple,1,59925.68,Shruti Ahuja,38,Madurai,Credit Card,3,iPhone 12
1727,1/11/1900,1/1/1900,7/15/1905,Sunday,Apple,4,31675.98,Mala Malhotra,53,Delhi,Debit Card,1,iPhone 12
1728,1/11/1900,1/1/1900,7/15/1905,Sunday,Apple,5,22801.78,Priya Roy,41,Mumbai,Cash,3,iPhone 12
1729,1/11/1900,1/1/1900,7/15/1905,Sunday,Xiaomi,7,33103.04,Priyanka Sharma,55,Chennai,Credit Card,5,Redmi Note 10
1730,1/12/1900,1/1/1900,7/15/1905,Monday,OnePlus,5,54376.48,Amit Pillai,34,Mumbai,Cash,1,OnePlus Nord
1731,1/12/1900,1/1/1900,7/15/1905,Monday,OnePlus,1,35058.34,Ayesha Dutta,39,Indore,Cash,5,OnePlus 9
1732,1/12/1900,1/1/1900,7/15/1905,Monday,Samsung,7,54199.11,Vivek Siddiqui,36,Delhi,Debit Card,5,Galaxy A51
1733,1/13/1900,1/1/1900,7/15/1905,Tuesday,Apple,8,16813.87,Mala Arora,27,Mumbai,Debit Card,5,iPhone SE
1734,1/13/1900,1/1/1900,7/15/1905,Tuesday,OnePlus,7,58360.7,Vivek Nair,28,Ludhiana,Cash,1,OnePlus 9
1735,1/13/1900,1/1/1900,7/15/1905,Tuesday,Samsung,4,25192.45,Arun Luthra,55,Delhi,Debit Card,5,Galaxy S21
1736,1/13/1900,1/1/1900,7/15/1905,Tuesday,OnePlus,8,24935.74,Priyanka Roy,19,Delhi,Credit Card,1,OnePlus 9
1737,1/14/1900,1/1/1900,7/15/1905,Wednesday,Apple,5,45422.86,Pankaj Sheth,50,Delhi,Credit Card,4,iPhone 11
1738,1/14/1900,1/1/1900,7/15/1905,Wednesday,Vivo,9,14207.08,Prashant Arora,48,Mumbai,Debit Card,4,Vivo S1
1739,1/14/1900,1/1/1900,7/15/1905,Wednesday,Apple,5,11577.86,Yogesh Shah,52,Kanpur,Cash,1,iPhone 12
1740,1/15/1900,1/1/1900,7/15/1905,Thursday,Xiaomi,1,25661.72,Tapan Kulkarni,54,Bangalore,Credit Card,5,Mi 11
1741,1/15/1900,1/1/1900,7/15/1905,Thursday,OnePlus,9,42284.05,Kavita Kumar,53,Delhi,UPI,5,OnePlus Nord
1742,1/15/1900,1/1/1900,7/15/1905,Thursday,OnePlus,5,64456.98,Reena Sheth,40,Vadodara,Cash,3,OnePlus Nord
1743,1/16/1900,1/1/1900,7/15/1905,Friday,Xiaomi,6,60786.11,Anjali Alva,53,Ludhiana,Cash,5,Redmi 9
1744,1/16/1900,1/1/1900,7/15/1905,Friday,Xiaomi,4,39426.79,Anita Shah,57,Ranchi,UPI,1,Redmi Note 10
1745,1/16/1900,1/1/1900,7/15/1905,Friday,Vivo,6,12223.12,Yogesh Shah,56,Lucknow,UPI,5,Vivo V20
1746,1/17/1900,1/1/1900,7/15/1905,Saturday,OnePlus,8,42115.16,Jyoti Iyer,43,Rajkot,Cash,5,OnePlus Nord
1747,1/17/1900,1/1/1900,7/15/1905,Saturday,OnePlus,3,52287.74,Bhavana Arora,42,Mumbai,UPI,4,OnePlus Nord
1748,1/17/1900,1/1/1900,7/15/1905,Saturday,Vivo,5,30349.87,Arun Luthra,34,Gorakhpur,Debit Card,4,Vivo Y51
1749,1/17/1900,1/1/1900,7/15/1905,Saturday,Samsung,2,16663.8,Ramesh Rao,32,Vadodara,Debit Card,1,Galaxy Note 20
1750,1/18/1900,1/1/1900,7/15/1905,Sunday,Vivo,2,26714.08,Namita Bhatnagar,54,Delhi,Cash,1,Vivo S1
1751,1/18/1900,1/1/1900,7/15/1905,Sunday,Apple,7,56295.33,Sachin Desai,21,Coimbatore,Debit Card,5,iPhone 11
1752,1/18/1900,1/1/1900,7/15/1905,Sunday,OnePlus,6,31074.63,Mala Kulkarni,39,Delhi,Credit Card,1,OnePlus Nord
1753,1/19/1900,1/1/1900,7/15/1905,Monday,Xiaomi,4,58718.89,Harish Goyal,34,Delhi,Debit Card,5,Mi 11
1754,1/19/1900,1/1/1900,7/15/1905,Monday,Apple,5,29171.29,Lata Kaur,39,Delhi,Debit Card,5,iPhone SE
1755,1/19/1900,1/1/1900,7/15/1905,Monday,OnePlus,1,19813.3,Ramesh Rao,34,Mumbai,UPI,1,OnePlus 9
1756,1/19/1900,1/1/1900,7/15/1905,Monday,Vivo,7,36150.9,Devendra Arora,31,Ludhiana,Debit Card,5,Vivo S1
1757,1/20/1900,1/1/1900,7/15/1905,Tuesday,Apple,8,37136.47,Meena Kulkarni,31,Patna,Cash,5,iPhone 12
1758,1/20/1900,1/1/1900,7/15/1905,Tuesday,OnePlus,9,10966.49,Rohan Menon,34,Coimbatore,Debit Card,5,OnePlus Nord
1759,1/20/1900,1/1/1900,7/15/1905,Tuesday,Samsung,8,17022.7,Nikhil Luthra,25,Lucknow,Debit Card,5,Galaxy S21
1760,1/21/1900,1/1/1900,7/15/1905,Wednesday,Samsung,5,21095.56,Kiran Bhattacharya,51,Mumbai,Cash,5,Galaxy Note 20
1761,1/21/1900,1/1/1900,7/15/1905,Wednesday,Xiaomi,3,16815.24,Arun Kaur,43,Delhi,Cash,5,Redmi Note 10
1762,1/21/1900,1/1/1900,7/15/1905,Wednesday,OnePlus,9,30491.56,Monika Mehta,47,Mumbai,UPI,3,OnePlus 8T
1763,1/22/1900,1/1/1900,7/15/1905,Thursday,Samsung,6,67877.37,Lalita Desai,39,Vadodara,Credit Card,3,Galaxy A51
1764,1/22/1900,1/1/1900,7/15/1905,Thursday,Vivo,5,40553.35,Ravi Reddy,33,Delhi,Debit Card,5,Vivo Y51
1765,1/22/1900,1/1/1900,7/15/1905,Thursday,OnePlus,3,47653.36,Pooja Patel,47,Mumbai,Credit Card,1,OnePlus 8T
1766,1/23/1900,1/1/1900,7/15/1905,Friday,Vivo,6,31383.19,Manoj Jain,33,Jodhpur,UPI,5,Vivo Y51
1767,1/23/1900,1/1/1900,7/15/1905,Friday,Vivo,3,29409.27,Pooja Solanki,55,Mumbai,Cash,3,Vivo S1
1768,1/23/1900,1/1/1900,7/15/1905,Friday,Samsung,6,11388.81,Rohan Menon,41,Delhi,Cash,4,Galaxy S21
1769,1/23/1900,1/1/1900,7/15/1905,Friday,OnePlus,4,40020.02,Anjali Patel,53,Delhi,Cash,4,OnePlus 8T
1770,1/24/1900,1/1/1900,7/15/1905,Saturday,Apple,2,39016.54,Krishna Chatterjee,52,Delhi,UPI,5,iPhone SE
1771,1/24/1900,1/1/1900,7/15/1905,Saturday,Samsung,8,19469.84,Vivek Alva,23,Ranchi,Debit Card,3,Galaxy Note 20
1772,1/24/1900,1/1/1900,7/15/1905,Saturday,Samsung,4,55859.44,Reena Deshmukh,21,Mumbai,UPI,5,Galaxy S21
1773,1/25/1900,1/1/1900,7/15/1905,Sunday,OnePlus,9,39560.46,Jyoti Varma,35,Rajkot,Cash,3,OnePlus 8T
1774,1/25/1900,1/1/1900,7/15/1905,Sunday,OnePlus,7,30339.64,Bina Bhattacharya,23,Lucknow,Debit Card,5,OnePlus 8T
1775,1/25/1900,1/1/1900,7/15/1905,Sunday,Vivo,2,18814.53,Yogesh Sharma,43,Ludhiana,Cash,3,Vivo Y51
1776,1/26/1900,1/1/1900,7/15/1905,Monday,OnePlus,4,43129.65,Bina Jain,54,Mumbai,Cash,4,OnePlus 9
1777,1/26/1900,1/1/1900,7/15/1905,Monday,Vivo,5,55169.02,Sneha Yadav,44,Kolkata,UPI,5,Vivo V20
1778,1/26/1900,1/1/1900,7/15/1905,Monday,Samsung,3,26919.96,Anand Nair,58,Delhi,UPI,5,Galaxy A51
1779,1/26/1900,1/1/1900,7/15/1905,Monday,Xiaomi,9,23127.66,Arun Desai,28,Delhi,Credit Card,5,Mi 11
1780,1/27/1900,1/1/1900,7/15/1905,Tuesday,Apple,5,41316.1,Sunil Sheth,55,Bhopal,Cash,1,iPhone 11
1781,1/27/1900,1/1/1900,7/15/1905,Tuesday,Samsung,2,19320.6,Anand Bhattacharya,33,Vadodara,Debit Card,5,Galaxy Note 20
1782,1/27/1900,1/1/1900,7/15/1905,Tuesday,OnePlus,3,49996.8,Amit Ahuja,36,Ranchi,Cash,5,OnePlus 8T
1783,12/31/1899,1/2/1900,7/15/1905,Wednesday,Apple,9,46320.62,Kiran Rawat,32,Delhi,Debit Card,3,iPhone 12
1784,12/31/1899,1/2/1900,7/15/1905,Wednesday,Xiaomi,7,15224.92,Nikhil Deshmukh,43,Kolkata,Credit Card,3,Redmi Note 10
1785,12/31/1899,1/2/1900,7/15/1905,Wednesday,Xiaomi,2,12191.22,Meena Thakur,58,Mumbai,Cash,3,Mi 11
1786,12/31/1899,1/2/1900,7/15/1905,Wednesday,Vivo,9,47217.32,Pooja Patel,48,Delhi,Debit Card,3,Vivo Y51
1787,1/1/1900,1/2/1900,7/15/1905,Thursday,Apple,4,27657.63,Bina Goyal,36,Delhi,Debit Card,5,iPhone 11
1788,1/1/1900,1/2/1900,7/15/1905,Thursday,Vivo,9,15186.75,Devendra Luthra,41,Delhi,Credit Card,4,Vivo Y51
1789,1/1/1900,1/2/1900,7/15/1905,Thursday,Samsung,2,55565.72,Navin Malhotra,26,Ludhiana,UPI,5,Galaxy A51
1790,1/1/1900,1/2/1900,7/15/1905,Thursday,Apple,4,28842.64,Anand Chatterjee,40,Delhi,Credit Card,3,iPhone SE
1791,1/2/1900,1/2/1900,7/15/1905,Friday,Samsung,5,37575.97,Mala Thakur,21,Ranchi,Debit Card,5,Galaxy Note 20
1792,1/2/1900,1/2/1900,7/15/1905,Friday,Vivo,2,24208.78,Anjali Thakur,27,Ranchi,Credit Card,5,Vivo Y51
1793,1/2/1900,1/2/1900,7/15/1905,Friday,Apple,1,47639.02,Harish Kapoor,26,Delhi,UPI,3,iPhone 11
1794,1/3/1900,1/2/1900,7/15/1905,Saturday,Vivo,7,28089.3,Radha Srivastava,36,Bhopal,Cash,1,Vivo S1
1795,1/3/1900,1/2/1900,7/15/1905,Saturday,Apple,1,68081.26,Navin Malhotra,32,Madurai,Credit Card,5,iPhone 12
1796,1/3/1900,1/2/1900,7/15/1905,Saturday,Vivo,8,52176.85,Krishna Alva,51,Delhi,Credit Card,5,Vivo S1
1797,1/3/1900,1/2/1900,7/15/1905,Saturday,Xiaomi,3,18203.34,Vivek Rathod,59,Gorakhpur,Cash,5,Redmi 9
1798,1/4/1900,1/2/1900,7/15/1905,Sunday,Vivo,6,35001.69,Aditya Kulkarni,36,Mumbai,Credit Card,1,Vivo Y51
1799,1/4/1900,1/2/1900,7/15/1905,Sunday,Xiaomi,7,33125.27,Sanjay Pillai,38,Mumbai,UPI,5,Mi 11
1800,1/4/1900,1/2/1900,7/15/1905,Sunday,Vivo,1,42054.83,Kavita Srivastava,51,Bhopal,Debit Card,1,Vivo V20
1801,1/5/1900,1/2/1900,7/15/1905,Monday,Apple,6,60515.84,Priya Dutta,34,Delhi,Credit Card,5,iPhone 11
1802,1/5/1900,1/2/1900,7/15/1905,Monday,Apple,7,45005.32,Reena Chatterjee,35,Delhi,Cash,5,iPhone 11
1803,1/5/1900,1/2/1900,7/15/1905,Monday,Apple,6,13693.4,Anjali Chaudhary,34,Patna,Cash,1,iPhone 12
1804,1/5/1900,1/2/1900,7/15/1905,Monday,OnePlus,4,49324.94,Radha Ghosh,19,Mumbai,Credit Card,4,OnePlus 8T
1805,1/6/1900,1/2/1900,7/15/1905,Tuesday,Samsung,1,10495.92,Neeta Deshmukh,18,Hyderabad,Cash,3,Galaxy Note 20
1806,1/6/1900,1/2/1900,7/15/1905,Tuesday,Apple,9,56797.63,Manoj Nambiar,27,Mumbai,Debit Card,3,iPhone 11
1807,1/6/1900,1/2/1900,7/15/1905,Tuesday,Xiaomi,4,49998.16,Navin Sharma,54,Delhi,Debit Card,3,Redmi 9
1808,1/6/1900,1/2/1900,7/15/1905,Tuesday,Apple,7,28527.14,Kiran Rathod,22,Jodhpur,Cash,1,iPhone 11
1809,1/7/1900,1/2/1900,7/15/1905,Wednesday,OnePlus,7,27546.51,Pooja Goyal,29,Bhopal,Credit Card,5,OnePlus Nord
1810,1/7/1900,1/2/1900,7/15/1905,Wednesday,Xiaomi,2,57896.38,Namita Sheth,53,Rajkot,Credit Card,5,Mi 11
1811,1/7/1900,1/2/1900,7/15/1905,Wednesday,OnePlus,1,57000.2,Pankaj Bhattacharya,48,Delhi,Cash,5,OnePlus 8T
1812,1/8/1900,1/2/1900,7/15/1905,Thursday,Xiaomi,8,31138.14,Monika Mathur,55,Mumbai,Debit Card,5,Redmi 9
1813,1/8/1900,1/2/1900,7/15/1905,Thursday,Vivo,8,27936.86,Vinod Ahuja,26,Delhi,Debit Card,4,Vivo S1
1814,1/8/1900,1/2/1900,7/15/1905,Thursday,Samsung,7,43589.49,Bhavana Arora,43,Delhi,Credit Card,3,Galaxy Note 20
1815,1/8/1900,1/2/1900,7/15/1905,Thursday,Samsung,8,10501.94,Isha Ahuja,32,Lucknow,Debit Card,4,Galaxy S21
1816,1/9/1900,1/2/1900,7/15/1905,Friday,OnePlus,3,14960.02,Neeta Desai,33,Lucknow,UPI,3,OnePlus 8T
1817,1/9/1900,1/2/1900,7/15/1905,Friday,Samsung,2,17570.18,Kiran Solanki,30,Delhi,Debit Card,1,Galaxy A51
1818,1/9/1900,1/2/1900,7/15/1905,Friday,OnePlus,7,21124.71,Pooja Menon,42,Delhi,Credit Card,4,OnePlus 8T
1819,1/9/1900,1/2/1900,7/15/1905,Friday,OnePlus,8,40721.09,Sumit Mishra,47,Delhi,Debit Card,5,OnePlus 8T
1820,1/10/1900,1/2/1900,7/15/1905,Saturday,OnePlus,1,69534.51,Prashant Jain,24,Mumbai,Debit Card,3,OnePlus Nord
1821,1/10/1900,1/2/1900,7/15/1905,Saturday,Samsung,9,49156.8,Ravi Thakur,21,Delhi,Cash,5,Galaxy S21
1822,1/10/1900,1/2/1900,7/15/1905,Saturday,OnePlus,4,13677.93,Harish Malhotra,57,Kanpur,UPI,4,OnePlus 9
1823,1/10/1900,1/2/1900,7/15/1905,Saturday,Samsung,4,41534.76,Sunita Roy,55,Chennai,Cash,1,Galaxy A51
1824,1/11/1900,1/2/1900,7/15/1905,Sunday,OnePlus,3,39798.71,Sumit Teja,47,Ranchi,Debit Card,5,OnePlus Nord
1825,1/11/1900,1/2/1900,7/15/1905,Sunday,Apple,6,18650.07,Lata Reddy,27,Kolkata,Debit Card,1,iPhone 11
1826,1/11/1900,1/2/1900,7/15/1905,Sunday,OnePlus,1,65216.34,Bhavana Ghosh,47,Delhi,Cash,3,OnePlus Nord
1827,1/11/1900,1/2/1900,7/15/1905,Sunday,Xiaomi,6,36445.91,Mala Ghosh,56,Mumbai,UPI,4,Redmi 9
1828,1/12/1900,1/2/1900,7/15/1905,Monday,OnePlus,2,69673.55,Rohan Jain,24,Jodhpur,Credit Card,1,OnePlus 8T
1829,1/12/1900,1/2/1900,7/15/1905,Monday,Vivo,9,35204.34,Rohan Nambiar,53,Jodhpur,Cash,5,Vivo Y51
1830,1/12/1900,1/2/1900,7/15/1905,Monday,OnePlus,2,46477.46,Navin Chaudhary,52,Mumbai,Debit Card,5,OnePlus 8T
1831,1/12/1900,1/2/1900,7/15/1905,Monday,Xiaomi,7,16285.75,Sanjay Das,41,Gorakhpur,Debit Card,5,Redmi Note 10
1832,1/13/1900,1/2/1900,7/15/1905,Tuesday,Xiaomi,1,37253.67,Prashant Nair,56,Ranchi,Credit Card,1,Redmi Note 10
1833,1/13/1900,1/2/1900,7/15/1905,Tuesday,Samsung,7,24325.95,Prashant Sharma,53,Delhi,Debit Card,4,Galaxy A51
1834,1/13/1900,1/2/1900,7/15/1905,Tuesday,Apple,5,60133.89,Manoj Kulkarni,37,Indore,Debit Card,4,iPhone 11
1835,1/14/1900,1/2/1900,7/15/1905,Wednesday,OnePlus,8,57035.18,Jyoti Iyer,49,Delhi,Credit Card,5,OnePlus Nord
1836,1/14/1900,1/2/1900,7/15/1905,Wednesday,Samsung,4,59450.8,Namita Roy,56,Mumbai,Debit Card,5,Galaxy A51
1837,1/14/1900,1/2/1900,7/15/1905,Wednesday,Apple,7,53416.57,Kiran Pathak,43,Mumbai,Debit Card,1,iPhone 12
1838,1/14/1900,1/2/1900,7/15/1905,Wednesday,OnePlus,6,59960.99,Ramesh Verma,43,Madurai,UPI,5,OnePlus 9
1839,1/15/1900,1/2/1900,7/15/1905,Thursday,Vivo,5,22049.73,Deepika Prasad,53,Mumbai,Cash,1,Vivo S1
1840,1/15/1900,1/2/1900,7/15/1905,Thursday,OnePlus,4,37122.63,Lalita Sheth,52,Delhi,UPI,1,OnePlus 8T
1841,1/15/1900,1/2/1900,7/15/1905,Thursday,Xiaomi,7,51510.81,Harish Prasad,52,Lucknow,UPI,1,Redmi Note 10
1842,1/16/1900,1/2/1900,7/15/1905,Friday,Xiaomi,5,48243.55,Ayesha Solanki,29,Vadodara,Debit Card,5,Redmi Note 10
1843,1/16/1900,1/2/1900,7/15/1905,Friday,Vivo,5,52981.27,Harish Prasad,50,Delhi,Cash,5,Vivo V20
1844,1/16/1900,1/2/1900,7/15/1905,Friday,Samsung,1,23455.5,Vivek Teja,53,Vadodara,Cash,5,Galaxy A51
1845,1/16/1900,1/2/1900,7/15/1905,Friday,Apple,2,15906.08,Rohan Menon,31,Delhi,Debit Card,3,iPhone 12
1846,1/17/1900,1/2/1900,7/15/1905,Saturday,OnePlus,5,65008.39,Vijay Varma,50,Delhi,UPI,5,OnePlus 8T
1847,1/17/1900,1/2/1900,7/15/1905,Saturday,Xiaomi,3,43610.31,Rajesh Menon,41,Vadodara,UPI,5,Redmi Note 10
1848,1/17/1900,1/2/1900,7/15/1905,Saturday,Samsung,2,19229.56,Ravi Bhattacharya,32,Kanpur,UPI,3,Galaxy A51
1849,1/18/1900,1/2/1900,7/15/1905,Sunday,Vivo,4,57606.19,Sachin Rawat,48,Delhi,Cash,1,Vivo S1
1850,1/18/1900,1/2/1900,7/15/1905,Sunday,Xiaomi,4,64895.8,Reena Teja,34,Ludhiana,Debit Card,4,Redmi 9
1851,1/18/1900,1/2/1900,7/15/1905,Sunday,Vivo,4,20173.81,Anita Rawat,29,Madurai,Cash,3,Vivo S1
1852,1/19/1900,1/2/1900,7/15/1905,Monday,OnePlus,4,59044.75,Pankaj Alva,39,Delhi,UPI,3,OnePlus 8T
1853,1/19/1900,1/2/1900,7/15/1905,Monday,Apple,3,65993.5,Meena Mathur,40,Patna,Cash,1,iPhone SE
1854,1/19/1900,1/2/1900,7/15/1905,Monday,Xiaomi,7,66301.7,Vinod Prasad,43,Delhi,Cash,5,Redmi Note 10
1855,1/19/1900,1/2/1900,7/15/1905,Monday,Xiaomi,9,64849.39,Sanjay Menon,31,Jodhpur,Debit Card,5,Mi 11
1856,1/20/1900,1/2/1900,7/15/1905,Tuesday,OnePlus,5,42785.26,Rajesh Shah,29,Mumbai,Debit Card,3,OnePlus Nord
1857,1/20/1900,1/2/1900,7/15/1905,Tuesday,Samsung,4,31372.68,Krishna Bhattacharya,21,Patna,Cash,5,Galaxy A51
1858,1/20/1900,1/2/1900,7/15/1905,Tuesday,Apple,2,10436.37,Umesh Ghosh,30,Mumbai,Credit Card,3,iPhone 11
1859,1/20/1900,1/2/1900,7/15/1905,Tuesday,Xiaomi,2,13654.73,Kiran Bhattacharya,35,Kanpur,Debit Card,4,Redmi Note 10
1860,1/21/1900,1/2/1900,7/15/1905,Wednesday,Apple,5,35730.34,Manoj Goyal,45,Delhi,Credit Card,4,iPhone 11
1861,1/21/1900,1/2/1900,7/15/1905,Wednesday,Xiaomi,7,33959.57,Sachin Jain,55,Mumbai,Debit Card,1,Redmi Note 10
1862,1/21/1900,1/2/1900,7/15/1905,Wednesday,Apple,9,21082.83,Bhavana Reddy,58,Madurai,UPI,5,iPhone 12
1863,1/21/1900,1/2/1900,7/15/1905,Wednesday,Vivo,7,33728.8,Sumit Mishra,36,Delhi,Credit Card,5,Vivo S1
1864,1/22/1900,1/2/1900,7/15/1905,Thursday,Xiaomi,5,20479,Gita Rao,55,Jodhpur,UPI,5,Mi 11
1865,1/22/1900,1/2/1900,7/15/1905,Thursday,Apple,6,60927.48,Ravi Teja,20,Hyderabad,UPI,5,iPhone 11
1866,1/22/1900,1/2/1900,7/15/1905,Thursday,Samsung,3,27891.69,Nikhil Patel,36,Lucknow,Cash,4,Galaxy A51
1867,1/23/1900,1/2/1900,7/15/1905,Friday,Vivo,5,45913.86,Deepika Dutta,37,Ranchi,UPI,1,Vivo S1
1868,1/23/1900,1/2/1900,7/15/1905,Friday,Vivo,8,40170.58,Manoj Goyal,42,Delhi,UPI,4,Vivo V20
1869,1/23/1900,1/2/1900,7/15/1905,Friday,Samsung,1,13112.92,Shruti Verma,28,Delhi,UPI,3,Galaxy A51
1870,1/23/1900,1/2/1900,7/15/1905,Friday,Apple,1,66534.02,Meena Desai,34,Patna,UPI,5,iPhone 11
1871,1/24/1900,1/2/1900,7/15/1905,Saturday,OnePlus,7,41633.56,Vivek Pathak,52,Bangalore,Cash,5,OnePlus Nord
1872,1/24/1900,1/2/1900,7/15/1905,Saturday,Samsung,5,29503.46,Vinod Kumar,31,Mumbai,Cash,5,Galaxy A51
1873,1/24/1900,1/2/1900,7/15/1905,Saturday,Apple,5,19487.59,Priya Dutta,56,Ludhiana,UPI,3,iPhone SE
1874,1/25/1900,1/2/1900,7/15/1905,Sunday,Samsung,1,30311.6,Kiran Gupta,36,Delhi,Credit Card,5,Galaxy A51
1875,1/25/1900,1/2/1900,7/15/1905,Sunday,Samsung,9,11230.7,Namita Kumar,20,Delhi,Debit Card,5,Galaxy A51
1876,1/25/1900,1/2/1900,7/15/1905,Sunday,Xiaomi,1,31813.49,Krishna Patel,51,Vadodara,Credit Card,5,Redmi Note 10
1877,1/26/1900,1/2/1900,7/15/1905,Monday,Apple,5,41889.16,Tapan Chatterjee,58,Kolkata,UPI,3,iPhone SE
1878,1/26/1900,1/2/1900,7/15/1905,Monday,OnePlus,9,62311.97,Kiran Malhotra,39,Mumbai,Cash,5,OnePlus Nord
1879,1/26/1900,1/2/1900,7/15/1905,Monday,Xiaomi,4,51242.47,Aditya Mishra,55,Jodhpur,UPI,5,Mi 11
1880,1/27/1900,1/2/1900,7/15/1905,Tuesday,Samsung,8,16694.94,Anand Kapoor,44,Madurai,UPI,5,Galaxy A51
1881,1/27/1900,1/2/1900,7/15/1905,Tuesday,Samsung,6,18864.78,Anita Dutta,38,Gorakhpur,Cash,3,Galaxy Note 20
1882,1/27/1900,1/2/1900,7/15/1905,Tuesday,Samsung,3,35687.4,Radha Gupta,58,Mumbai,Credit Card,3,Galaxy Note 20
1883,1/27/1900,1/2/1900,7/15/1905,Tuesday,Apple,4,21742.47,Kiran Solanki,48,Bangalore,Debit Card,4,iPhone 11
1884,1/28/1900,1/2/1900,7/15/1905,Wednesday,Apple,2,11670.99,Meena Patel,44,Ranchi,UPI,5,iPhone 11
1885,1/28/1900,1/2/1900,7/15/1905,Wednesday,Xiaomi,1,58300.89,Vivek Yadav,54,Ranchi,Cash,3,Redmi Note 10
1886,1/28/1900,1/2/1900,7/15/1905,Wednesday,OnePlus,8,11171.35,Kunal Yadav,19,Mumbai,Debit Card,5,OnePlus 9
1887,1/28/1900,1/2/1900,7/15/1905,Wednesday,Xiaomi,1,59841.38,Vivek Rathod,26,Madurai,Debit Card,1,Mi 11
1888,1/29/1900,1/2/1900,7/15/1905,Thursday,Vivo,1,18646.24,Vijay Rao,36,Chennai,Debit Card,5,Vivo V20
1889,1/29/1900,1/2/1900,7/15/1905,Thursday,Samsung,4,68480.7,Sachin Ghosh,59,Delhi,Cash,5,Galaxy S21
1890,1/29/1900,1/2/1900,7/15/1905,Thursday,Samsung,6,46232.43,Vinod Verma,53,Mumbai,UPI,5,Galaxy A51
1891,1/30/1900,1/2/1900,7/15/1905,Friday,Samsung,9,54098.98,Tanuja Rao,27,Mumbai,Cash,5,Galaxy S21
1892,1/30/1900,1/2/1900,7/15/1905,Friday,Xiaomi,1,16629.02,Rajesh Chatterjee,57,Mumbai,UPI,5,Mi 11
1893,1/30/1900,1/2/1900,7/15/1905,Friday,Xiaomi,7,61726.24,Vivek Nambiar,56,Ranchi,Credit Card,1,Mi 11
1894,12/31/1899,1/3/1900,7/15/1905,Saturday,Samsung,5,60351.54,Lata Dutta,24,Ranchi,Debit Card,5,Galaxy Note 20
1895,12/31/1899,1/3/1900,7/15/1905,Saturday,Xiaomi,8,49179.56,Yogesh Siddiqui,21,Kanpur,UPI,5,Mi 11
1896,12/31/1899,1/3/1900,7/15/1905,Saturday,Apple,7,40136.49,Anita Deshmukh,32,Vadodara,Credit Card,3,iPhone SE
1897,12/31/1899,1/3/1900,7/15/1905,Saturday,Apple,4,53289.35,Shruti Sheth,29,Lucknow,Cash,5,iPhone 12
1898,1/1/1900,1/3/1900,7/15/1905,Sunday,Xiaomi,4,10355.69,Shruti Chaudhary,23,Delhi,Debit Card,5,Mi 11
1899,1/1/1900,1/3/1900,7/15/1905,Sunday,Samsung,6,45546.45,Lalita Patel,26,Jodhpur,UPI,5,Galaxy A51
1900,1/1/1900,1/3/1900,7/15/1905,Sunday,Xiaomi,6,60844.37,Isha Thakur,52,Delhi,Debit Card,5,Mi 11
1901,1/2/1900,1/3/1900,7/15/1905,Monday,Xiaomi,9,31413.99,Harish Pillai,25,Delhi,Debit Card,5,Redmi Note 10
1902,1/2/1900,1/3/1900,7/15/1905,Monday,Xiaomi,5,16497.36,Nikhil Solanki,24,Mumbai,Debit Card,5,Redmi 9
1903,1/2/1900,1/3/1900,7/15/1905,Monday,Vivo,8,35252.63,Radha Sheth,21,Kanpur,Cash,5,Vivo V20
1904,1/2/1900,1/3/1900,7/15/1905,Monday,Apple,5,53626.27,Priya Reddy,30,Delhi,Debit Card,5,iPhone SE
1905,1/3/1900,1/3/1900,7/15/1905,Tuesday,OnePlus,2,16438.07,Sunita Mathur,36,Madurai,UPI,5,OnePlus 8T
1906,1/3/1900,1/3/1900,7/15/1905,Tuesday,OnePlus,6,22362.91,Bhavana Jain,24,Delhi,Cash,1,OnePlus 8T
1907,1/3/1900,1/3/1900,7/15/1905,Tuesday,Vivo,9,18853.11,Namita Ghosh,27,Mumbai,Credit Card,4,Vivo V20
1908,1/4/1900,1/3/1900,7/15/1905,Wednesday,Xiaomi,3,57816.87,Harish Sharma,42,Mumbai,UPI,4,Redmi Note 10
1909,1/4/1900,1/3/1900,7/15/1905,Wednesday,Vivo,1,13773.56,Bina Singh,52,Delhi,Cash,4,Vivo S1
1910,1/4/1900,1/3/1900,7/15/1905,Wednesday,Vivo,1,51195.19,Bhavana Dutta,42,Delhi,UPI,4,Vivo V20
1911,1/4/1900,1/3/1900,7/15/1905,Wednesday,Samsung,3,31987.42,Neeta Desai,46,Mumbai,UPI,1,Galaxy S21
1912,1/5/1900,1/3/1900,7/15/1905,Thursday,Apple,5,55347.47,Pankaj Varma,29,Gorakhpur,Credit Card,1,iPhone 11
1913,1/5/1900,1/3/1900,7/15/1905,Thursday,OnePlus,3,67863.01,Tanuja Teja,57,Mumbai,Cash,5,OnePlus 8T
1914,1/5/1900,1/3/1900,7/15/1905,Thursday,Xiaomi,9,16872.72,Vijay Das,29,Coimbatore,Debit Card,1,Mi 11
1915,1/6/1900,1/3/1900,7/15/1905,Friday,OnePlus,8,28863.1,Pankaj Srivastava,23,Gorakhpur,UPI,4,OnePlus 8T
1916,1/6/1900,1/3/1900,7/15/1905,Friday,OnePlus,3,58607.53,Nikhil Solanki,27,Delhi,UPI,4,OnePlus 8T
1917,1/6/1900,1/3/1900,7/15/1905,Friday,Apple,9,25969.5,Nikhil Reddy,19,Ludhiana,UPI,5,iPhone 11
1918,1/6/1900,1/3/1900,7/15/1905,Friday,OnePlus,6,22907.24,Monika Solanki,42,Ludhiana,UPI,5,OnePlus 8T
1919,1/7/1900,1/3/1900,7/15/1905,Saturday,OnePlus,7,59522.68,Priyanka Menon,24,Indore,UPI,4,OnePlus Nord
1920,1/7/1900,1/3/1900,7/15/1905,Saturday,Vivo,4,69224.94,Neeta Mathur,57,Rajkot,Cash,4,Vivo Y51
1921,1/7/1900,1/3/1900,7/15/1905,Saturday,Apple,4,43412.84,Aditya Luthra,40,Ludhiana,UPI,4,iPhone 11
1922,1/8/1900,1/3/1900,7/15/1905,Sunday,Samsung,2,26682.92,Ramesh Gupta,28,Patna,UPI,1,Galaxy Note 20
1923,1/8/1900,1/3/1900,7/15/1905,Sunday,Xiaomi,5,33913.96,Sanjay Ghosh,53,Delhi,UPI,5,Mi 11
1924,1/8/1900,1/3/1900,7/15/1905,Sunday,OnePlus,8,20207.82,Vijay Prasad,40,Delhi,Debit Card,5,OnePlus 8T
1925,1/8/1900,1/3/1900,7/15/1905,Sunday,Xiaomi,7,55713.24,Pooja Thakur,24,Rajkot,Debit Card,4,Redmi Note 10
1926,1/9/1900,1/3/1900,7/15/1905,Monday,Samsung,7,56408.44,Pankaj Desai,44,Mumbai,Cash,5,Galaxy S21
1927,1/9/1900,1/3/1900,7/15/1905,Monday,Xiaomi,6,62507.26,Sumit Teja,30,Coimbatore,UPI,4,Mi 11
1928,1/9/1900,1/3/1900,7/15/1905,Monday,Samsung,3,11596.15,Priyanka Yadav,34,Madurai,UPI,1,Galaxy Note 20
1929,1/9/1900,1/3/1900,7/15/1905,Monday,Vivo,5,43718.88,Isha Arora,49,Bangalore,Credit Card,4,Vivo Y51
1930,1/10/1900,1/3/1900,7/15/1905,Tuesday,OnePlus,1,22855.33,Isha Gupta,43,Hyderabad,Debit Card,2,OnePlus Nord
1931,1/10/1900,1/3/1900,7/15/1905,Tuesday,Samsung,7,30452.98,Meena Roy,39,Ranchi,Credit Card,2,Galaxy Note 20
1932,1/10/1900,1/3/1900,7/15/1905,Tuesday,Xiaomi,9,57097.34,Priya Bhattacharya,30,Gorakhpur,UPI,4,Redmi 9
1933,1/11/1900,1/3/1900,7/15/1905,Wednesday,OnePlus,1,21522.02,Sachin Jain,29,Delhi,UPI,2,OnePlus Nord
1934,1/11/1900,1/3/1900,7/15/1905,Wednesday,Vivo,2,48300.51,Meena Menon,24,Vadodara,Credit Card,2,Vivo Y51
1935,1/11/1900,1/3/1900,7/15/1905,Wednesday,OnePlus,3,49273.97,Monika Bhatnagar,18,Vadodara,Cash,5,OnePlus 9
1936,1/12/1900,1/3/1900,7/15/1905,Thursday,Samsung,3,67245.63,Manoj Kaur,50,Delhi,Cash,1,Galaxy Note 20
1937,1/12/1900,1/3/1900,7/15/1905,Thursday,Vivo,8,56509.66,Manoj Thakur,31,Kanpur,Credit Card,5,Vivo Y51
1938,1/12/1900,1/3/1900,7/15/1905,Thursday,Xiaomi,7,58218.11,Priya Patel,58,Lucknow,UPI,1,Redmi Note 10
1939,1/12/1900,1/3/1900,7/15/1905,Thursday,Vivo,6,41896.04,Deepika Desai,34,Delhi,Credit Card,1,Vivo V20
1940,1/13/1900,1/3/1900,7/15/1905,Friday,Vivo,4,21206.85,Anjali Ahuja,21,Hyderabad,Debit Card,5,Vivo Y51
1941,1/13/1900,1/3/1900,7/15/1905,Friday,Apple,9,35533.8,Sunil Das,56,Delhi,Cash,4,iPhone 11
1942,1/13/1900,1/3/1900,7/15/1905,Friday,Vivo,1,42969.37,Sunil Arora,18,Kolkata,Credit Card,2,Vivo S1
1943,1/14/1900,1/3/1900,7/15/1905,Saturday,Vivo,2,50705.16,Priyanka Nambiar,58,Kolkata,Cash,4,Vivo V20
1944,1/14/1900,1/3/1900,7/15/1905,Saturday,OnePlus,4,46462.55,Reena Chatterjee,41,Indore,Debit Card,5,OnePlus Nord
1945,1/14/1900,1/3/1900,7/15/1905,Saturday,Xiaomi,3,33638.67,Aditya Luthra,51,Madurai,UPI,5,Redmi 9
1946,1/14/1900,1/3/1900,7/15/1905,Saturday,OnePlus,1,25918.79,Isha Reddy,51,Rajkot,UPI,4,OnePlus Nord
1947,1/15/1900,1/3/1900,7/15/1905,Sunday,OnePlus,5,20093.85,Rajesh Verma,41,Delhi,UPI,2,OnePlus Nord
1948,1/15/1900,1/3/1900,7/15/1905,Sunday,Samsung,7,51630.72,Manoj Kaur,32,Ludhiana,Cash,5,Galaxy S21
1949,1/15/1900,1/3/1900,7/15/1905,Sunday,OnePlus,2,48723.92,Jyoti Jain,34,Gorakhpur,Debit Card,4,OnePlus 9
1950,1/16/1900,1/3/1900,7/15/1905,Monday,Apple,5,51242.35,Pankaj Shah,30,Mumbai,Credit Card,2,iPhone 12
1951,1/16/1900,1/3/1900,7/15/1905,Monday,Apple,6,32351.65,Priyanka Pillai,24,Coimbatore,UPI,5,iPhone 11
1952,1/16/1900,1/3/1900,7/15/1905,Monday,Samsung,7,25744.47,Tapan Bhattacharya,26,Kanpur,Cash,5,Galaxy A51
1953,1/16/1900,1/3/1900,7/15/1905,Monday,Xiaomi,1,55583.28,Kiran Nair,52,Delhi,UPI,1,Mi 11
1954,1/17/1900,1/3/1900,7/15/1905,Tuesday,Xiaomi,7,56418.84,Sunil Kapoor,40,Coimbatore,Debit Card,1,Redmi Note 10
1955,1/17/1900,1/3/1900,7/15/1905,Tuesday,OnePlus,4,37336.98,Lalita Bhatnagar,56,Bhopal,Credit Card,5,OnePlus 9
1956,1/17/1900,1/3/1900,7/15/1905,Tuesday,OnePlus,8,46714.25,Anita Deshmukh,40,Vadodara,UPI,4,OnePlus 8T
1957,1/17/1900,1/3/1900,7/15/1905,Tuesday,OnePlus,4,32411.18,Tapan Rawat,43,Patna,Debit Card,1,OnePlus Nord
1958,1/18/1900,1/3/1900,7/15/1905,Wednesday,Xiaomi,6,52116.83,Tapan Gupta,18,Mumbai,Cash,5,Redmi Note 10
1959,1/18/1900,1/3/1900,7/15/1905,Wednesday,Vivo,9,60143.3,Anita Mishra,31,Jodhpur,Debit Card,2,Vivo S1
1960,1/18/1900,1/3/1900,7/15/1905,Wednesday,Apple,5,51294,Tapan Rawat,49,Bangalore,Cash,4,iPhone SE
1961,1/18/1900,1/3/1900,7/15/1905,Wednesday,Vivo,4,40754.96,Pooja Srivastava,27,Mumbai,UPI,1,Vivo V20
1962,1/19/1900,1/3/1900,7/15/1905,Thursday,Vivo,8,37519.48,Vivek Srivastava,18,Gorakhpur,UPI,5,Vivo Y51
1963,1/19/1900,1/3/1900,7/15/1905,Thursday,Xiaomi,9,48539.18,Arun Iyer,22,Jodhpur,Debit Card,1,Redmi 9
1964,1/19/1900,1/3/1900,7/15/1905,Thursday,Vivo,4,50788.65,Devendra Srivastava,20,Ludhiana,Cash,2,Vivo Y51
1965,1/19/1900,1/3/1900,7/15/1905,Thursday,Samsung,3,43523.77,Jyoti Pillai,44,Mumbai,Debit Card,4,Galaxy A51
1966,1/20/1900,1/3/1900,7/15/1905,Friday,OnePlus,8,47496.54,Pankaj Luthra,39,Jodhpur,Debit Card,5,OnePlus Nord
1967,1/20/1900,1/3/1900,7/15/1905,Friday,Samsung,5,15795.32,Bina Nair,35,Gorakhpur,UPI,2,Galaxy S21
1968,1/20/1900,1/3/1900,7/15/1905,Friday,Apple,2,67105.93,Kiran Malhotra,33,Mumbai,UPI,4,iPhone 11
1969,1/20/1900,1/3/1900,7/15/1905,Friday,OnePlus,9,57446.38,Tanuja Dutta,19,Mumbai,UPI,5,OnePlus Nord
1970,1/21/1900,1/3/1900,7/15/1905,Saturday,Vivo,3,32435.67,Devendra Singh,30,Coimbatore,Debit Card,4,Vivo Y51
1971,1/21/1900,1/3/1900,7/15/1905,Saturday,Apple,2,43768.76,Kavita Srivastava,33,Ranchi,Debit Card,4,iPhone SE
1972,1/21/1900,1/3/1900,7/15/1905,Saturday,OnePlus,1,12839.47,Anjali Nambiar,25,Hyderabad,Credit Card,5,OnePlus 8T
1973,1/21/1900,1/3/1900,7/15/1905,Saturday,Vivo,8,12473.67,Lata Mathur,25,Indore,Credit Card,5,Vivo Y51
1974,1/22/1900,1/3/1900,7/15/1905,Sunday,Samsung,3,25047.9,Deepika Menon,27,Hyderabad,Debit Card,2,Galaxy S21
1975,1/22/1900,1/3/1900,7/15/1905,Sunday,OnePlus,7,51382.1,Vivek Teja,50,Bangalore,Credit Card,1,OnePlus Nord
1976,1/22/1900,1/3/1900,7/15/1905,Sunday,Vivo,1,61128.86,Reena Sheth,48,Hyderabad,Debit Card,5,Vivo S1
1977,1/23/1900,1/3/1900,7/15/1905,Monday,Samsung,1,43551.15,Prashant Mathur,29,Delhi,UPI,4,Galaxy A51
1978,1/23/1900,1/3/1900,7/15/1905,Monday,Apple,9,41927.96,Pankaj Teja,26,Delhi,Cash,5,iPhone SE
1979,1/23/1900,1/3/1900,7/15/1905,Monday,Apple,8,34138.57,Pankaj Kapoor,54,Ludhiana,UPI,5,iPhone 12
1980,1/24/1900,1/3/1900,7/15/1905,Tuesday,Apple,3,19695.88,Harish Joshi,26,Rajkot,Debit Card,5,iPhone 12
1981,1/24/1900,1/3/1900,7/15/1905,Tuesday,Apple,6,17101.25,Ramesh Rao,35,Delhi,UPI,5,iPhone SE
1982,1/24/1900,1/3/1900,7/15/1905,Tuesday,Xiaomi,3,55640.79,Vinod Joshi,47,Delhi,Debit Card,4,Mi 11
1983,1/25/1900,1/3/1900,7/15/1905,Wednesday,OnePlus,4,65650.21,Navin Solanki,49,Bhopal,Debit Card,2,OnePlus 9
1984,1/25/1900,1/3/1900,7/15/1905,Wednesday,OnePlus,1,37496.99,Gita Teja,57,Delhi,Credit Card,1,OnePlus 8T
1985,1/25/1900,1/3/1900,7/15/1905,Wednesday,Xiaomi,5,49566.74,Harish Malhotra,40,Kolkata,Debit Card,4,Mi 11
1986,1/25/1900,1/3/1900,7/15/1905,Wednesday,Vivo,1,64867.46,Tapan Ahuja,28,Indore,Cash,4,Vivo Y51
1987,1/26/1900,1/3/1900,7/15/1905,Thursday,Vivo,1,15406.82,Neeta Kumar,37,Delhi,Credit Card,4,Vivo S1
1988,1/26/1900,1/3/1900,7/15/1905,Thursday,Apple,7,56228.89,Kiran Jain,36,Mumbai,Cash,1,iPhone 12
1989,1/26/1900,1/3/1900,7/15/1905,Thursday,Samsung,6,47009.01,Vijay Das,53,Kanpur,Debit Card,2,Galaxy A51
1990,1/26/1900,1/3/1900,7/15/1905,Thursday,Vivo,2,45918.23,Meena Chatterjee,43,Delhi,UPI,2,Vivo Y51
1991,1/27/1900,1/3/1900,7/15/1905,Friday,Samsung,2,27552.43,Devendra Rao,27,Delhi,Debit Card,4,Galaxy A51
1992,1/27/1900,1/3/1900,7/15/1905,Friday,OnePlus,7,51033.6,Monika Goyal,41,Delhi,Debit Card,4,OnePlus 8T
1993,1/27/1900,1/3/1900,7/15/1905,Friday,Samsung,1,57687.87,Anand Joshi,30,Chennai,UPI,4,Galaxy A51
1994,1/27/1900,1/3/1900,7/15/1905,Friday,OnePlus,2,16771.49,Anjali Kulkarni,51,Delhi,UPI,2,OnePlus Nord
1995,1/28/1900,1/3/1900,7/15/1905,Saturday,Xiaomi,8,42011.29,Reena Sharma,46,Coimbatore,Cash,2,Redmi Note 10
1996,1/28/1900,1/3/1900,7/15/1905,Saturday,Xiaomi,6,16075.91,Nikhil Solanki,53,Coimbatore,Credit Card,2,Redmi Note 10
1997,1/28/1900,1/3/1900,7/15/1905,Saturday,Apple,2,62354.44,Kiran Siddiqui,24,Mumbai,Credit Card,4,iPhone 11
1998,1/28/1900,1/3/1900,7/15/1905,Saturday,Vivo,7,40458.2,Priya Bhattacharya,47,Bangalore,Credit Card,2,Vivo Y51
1999,1/29/1900,1/3/1900,7/15/1905,Sunday,Apple,4,58477.94,Aditya Rao,34,Mumbai,Cash,5,iPhone 11
2000,1/29/1900,1/3/1900,7/15/1905,Sunday,OnePlus,2,32085.14,Monika Patel,30,Kanpur,Cash,4,OnePlus Nord
2001,1/29/1900,1/3/1900,7/15/1905,Sunday,Apple,6,17504.69,Deepika Prasad,41,Mumbai,UPI,4,iPhone 11
2002,12/31/1899,1/4/1900,7/15/1905,Monday,Samsung,9,12489.96,Umesh Bhattacharya,48,Indore,Credit Card,4,Galaxy S21
2003,12/31/1899,1/4/1900,7/15/1905,Monday,OnePlus,9,26890.58,Arun Kumar,44,Ranchi,Debit Card,4,OnePlus 8T
2004,12/31/1899,1/4/1900,7/15/1905,Monday,Xiaomi,8,24654.02,Arun Goyal,38,Delhi,Cash,5,Mi 11
2005,1/1/1900,1/4/1900,7/15/1905,Tuesday,Vivo,3,43621.12,Lalita Bhatnagar,18,Bhopal,Debit Card,1,Vivo S1
2006,1/1/1900,1/4/1900,7/15/1905,Tuesday,OnePlus,3,11304.33,Ramesh Srivastava,32,Mumbai,Credit Card,2,OnePlus 9
2007,1/1/1900,1/4/1900,7/15/1905,Tuesday,OnePlus,2,41234.23,Priya Roy,20,Kolkata,Credit Card,4,OnePlus 8T
2008,1/1/1900,1/4/1900,7/15/1905,Tuesday,Samsung,5,33506.3,Bhavana Rawat,23,Bangalore,Cash,2,Galaxy S21
2009,1/2/1900,1/4/1900,7/15/1905,Wednesday,Vivo,4,44627.34,Devendra Arora,31,Bhopal,Cash,2,Vivo Y51
2010,1/2/1900,1/4/1900,7/15/1905,Wednesday,Xiaomi,7,52145.05,Prashant Gupta,55,Bangalore,UPI,5,Redmi Note 10
2011,1/2/1900,1/4/1900,7/15/1905,Wednesday,OnePlus,4,48045.52,Namita Sheth,50,Jodhpur,Debit Card,2,OnePlus 8T
2012,1/3/1900,1/4/1900,7/15/1905,Thursday,OnePlus,9,69078.66,Kiran Prasad,55,Patna,UPI,4,OnePlus 8T
2013,1/3/1900,1/4/1900,7/15/1905,Thursday,Samsung,2,18295.92,Reena Srivastava,25,Rajkot,UPI,2,Galaxy A51
2014,1/3/1900,1/4/1900,7/15/1905,Thursday,Apple,6,35784.22,Rohan Goyal,43,Gorakhpur,Debit Card,5,iPhone SE
2015,1/4/1900,1/4/1900,7/15/1905,Friday,Xiaomi,7,35489.84,Sneha Deshmukh,32,Bangalore,Credit Card,4,Redmi Note 10
2016,1/4/1900,1/4/1900,7/15/1905,Friday,Vivo,4,35023.19,Radha Rao,31,Ranchi,Debit Card,5,Vivo V20
2017,1/4/1900,1/4/1900,7/15/1905,Friday,OnePlus,6,49827.9,Vivek Luthra,37,Delhi,Credit Card,4,OnePlus 9
2018,1/4/1900,1/4/1900,7/15/1905,Friday,OnePlus,7,39389.68,Shruti Chaudhary,36,Delhi,UPI,1,OnePlus 9
2019,1/5/1900,1/4/1900,7/15/1905,Saturday,Xiaomi,4,41045.95,Meena Kumar,50,Coimbatore,Credit Card,2,Redmi 9
2020,1/5/1900,1/4/1900,7/15/1905,Saturday,Apple,8,35941.36,Amit Srivastava,53,Rajkot,Credit Card,2,iPhone 12
2021,1/5/1900,1/4/1900,7/15/1905,Saturday,OnePlus,9,69501.97,Anjali Jain,41,Bhopal,Credit Card,2,OnePlus 8T
2022,1/6/1900,1/4/1900,7/15/1905,Sunday,Xiaomi,1,65653.68,Pooja Sharma,27,Vadodara,Debit Card,4,Mi 11
2023,1/6/1900,1/4/1900,7/15/1905,Sunday,Samsung,7,28463.45,Aditya Rao,51,Chennai,Credit Card,1,Galaxy Note 20
2024,1/6/1900,1/4/1900,7/15/1905,Sunday,Apple,9,16695.64,Isha Desai,53,Mumbai,Debit Card,5,iPhone SE
2025,1/6/1900,1/4/1900,7/15/1905,Sunday,Vivo,5,60385.88,Shruti Alva,53,Rajkot,Cash,4,Vivo V20
2026,1/7/1900,1/4/1900,7/15/1905,Monday,OnePlus,2,69830.22,Krishna Goyal,33,Gorakhpur,Cash,4,OnePlus 8T
2027,1/7/1900,1/4/1900,7/15/1905,Monday,Xiaomi,6,27556.53,Lalita Bhatnagar,32,Chennai,UPI,4,Mi 11
2028,1/7/1900,1/4/1900,7/15/1905,Monday,Samsung,7,31467.1,Manoj Jain,35,Mumbai,UPI,4,Galaxy A51
2029,1/8/1900,1/4/1900,7/15/1905,Tuesday,Vivo,2,66497.99,Pooja Ahuja,24,Delhi,Debit Card,4,Vivo S1
2030,1/8/1900,1/4/1900,7/15/1905,Tuesday,Xiaomi,2,52667.77,Sumit Roy,39,Lucknow,Credit Card,2,Redmi 9
2031,1/8/1900,1/4/1900,7/15/1905,Tuesday,Xiaomi,1,27738.3,Prashant Gupta,49,Delhi,Credit Card,4,Mi 11
2032,1/8/1900,1/4/1900,7/15/1905,Tuesday,Vivo,4,44862.79,Gita Rathod,36,Chennai,Cash,5,Vivo S1
2033,1/9/1900,1/4/1900,7/15/1905,Wednesday,Samsung,7,66653.77,Arun Prasad,57,Coimbatore,Debit Card,1,Galaxy Note 20
2034,1/9/1900,1/4/1900,7/15/1905,Wednesday,Samsung,9,58708.79,Manoj Chatterjee,18,Coimbatore,Credit Card,5,Galaxy S21
2035,1/9/1900,1/4/1900,7/15/1905,Wednesday,Apple,3,54509.96,Rohan Gupta,52,Patna,Credit Card,4,iPhone 11
2036,1/9/1900,1/4/1900,7/15/1905,Wednesday,OnePlus,7,54219.78,Kiran Chaudhary,22,Mumbai,Debit Card,2,OnePlus 9
2037,1/10/1900,1/4/1900,7/15/1905,Thursday,Vivo,7,20681.22,Kavita Siddiqui,29,Mumbai,UPI,1,Vivo Y51
2038,1/10/1900,1/4/1900,7/15/1905,Thursday,Vivo,7,59480.87,Deepika Dutta,29,Vadodara,Debit Card,5,Vivo V20
2039,1/10/1900,1/4/1900,7/15/1905,Thursday,Vivo,2,26567.12,Radha Kulkarni,38,Delhi,Debit Card,1,Vivo Y51
2040,1/10/1900,1/4/1900,7/15/1905,Thursday,Samsung,6,65822,Meena Mathur,36,Patna,Credit Card,1,Galaxy Note 20
2041,1/11/1900,1/4/1900,7/15/1905,Friday,OnePlus,2,31878.4,Rohan Menon,26,Mumbai,Cash,1,OnePlus 8T
2042,1/11/1900,1/4/1900,7/15/1905,Friday,Apple,6,61459.62,Sneha Thakur,53,Gorakhpur,Credit Card,4,iPhone 11
2043,1/11/1900,1/4/1900,7/15/1905,Friday,Xiaomi,3,25974.01,Manoj Pathak,59,Delhi,Credit Card,4,Redmi 9
2044,1/11/1900,1/4/1900,7/15/1905,Friday,Xiaomi,2,40871.62,Priyanka Teja,49,Patna,Credit Card,4,Mi 11
2045,1/12/1900,1/4/1900,7/15/1905,Saturday,Vivo,6,16413.12,Kiran Nair,52,Delhi,Debit Card,2,Vivo Y51
2046,1/12/1900,1/4/1900,7/15/1905,Saturday,OnePlus,2,49607.13,Rohan Kapoor,48,Coimbatore,Debit Card,5,OnePlus Nord
2047,1/12/1900,1/4/1900,7/15/1905,Saturday,Samsung,5,60164.76,Bina Das,49,Delhi,Credit Card,2,Galaxy A51
2048,1/13/1900,1/4/1900,7/15/1905,Sunday,OnePlus,2,53106.84,Yogesh Luthra,54,Delhi,Credit Card,5,OnePlus Nord
2049,1/13/1900,1/4/1900,7/15/1905,Sunday,OnePlus,3,41395.51,Mala Goyal,49,Madurai,Cash,1,OnePlus Nord
2050,1/13/1900,1/4/1900,7/15/1905,Sunday,Samsung,3,12706.95,Sachin Shah,54,Mumbai,UPI,5,Galaxy A51
2051,1/13/1900,1/4/1900,7/15/1905,Sunday,Vivo,6,66006.46,Aditya Nair,56,Delhi,Credit Card,5,Vivo S1
2052,1/14/1900,1/4/1900,7/15/1905,Monday,OnePlus,6,52329.37,Neeta Sharma,55,Kolkata,Debit Card,1,OnePlus Nord
2053,1/14/1900,1/4/1900,7/15/1905,Monday,Xiaomi,3,54751.85,Ramesh Kumar,47,Bangalore,UPI,2,Redmi 9
2054,1/14/1900,1/4/1900,7/15/1905,Monday,Samsung,3,57680.83,Shruti Roy,49,Mumbai,UPI,5,Galaxy A51
2055,1/14/1900,1/4/1900,7/15/1905,Monday,Apple,1,54864.61,Neeta Mathur,19,Mumbai,Cash,2,iPhone SE
2056,1/15/1900,1/4/1900,7/15/1905,Tuesday,Vivo,7,36466.97,Yogesh Luthra,28,Patna,UPI,2,Vivo S1
2057,1/15/1900,1/4/1900,7/15/1905,Tuesday,Samsung,8,54017.31,Aditya Iyer,37,Rajkot,Credit Card,4,Galaxy S21
2058,1/15/1900,1/4/1900,7/15/1905,Tuesday,Apple,2,47501.61,Meena Thakur,54,Mumbai,Credit Card,1,iPhone 11
2059,1/15/1900,1/4/1900,7/15/1905,Tuesday,Apple,4,61240.98,Tapan Joshi,26,Bhopal,Debit Card,1,iPhone 11
2060,1/16/1900,1/4/1900,7/15/1905,Wednesday,OnePlus,7,58147.59,Jyoti Ghosh,55,Delhi,Credit Card,4,OnePlus Nord
2061,1/16/1900,1/4/1900,7/15/1905,Wednesday,OnePlus,8,12482.46,Anjali Varma,36,Bhopal,Credit Card,2,OnePlus Nord
2062,1/16/1900,1/4/1900,7/15/1905,Wednesday,OnePlus,1,32733.23,Namita Kumar,57,Kolkata,Cash,4,OnePlus 9
2063,1/17/1900,1/4/1900,7/15/1905,Thursday,Samsung,4,12082.97,Krishna Pillai,24,Delhi,UPI,1,Galaxy A51
2064,1/17/1900,1/4/1900,7/15/1905,Thursday,Samsung,6,16124.5,Shruti Alva,22,Indore,Cash,1,Galaxy S21
2065,1/17/1900,1/4/1900,7/15/1905,Thursday,Vivo,3,46084.64,Krishna Patel,59,Bhopal,UPI,4,Vivo Y51
2066,1/17/1900,1/4/1900,7/15/1905,Thursday,OnePlus,5,62429.31,Anjali Sharma,41,Bangalore,Cash,1,OnePlus 8T
2067,1/18/1900,1/4/1900,7/15/1905,Friday,Apple,9,17189.49,Meena Chatterjee,58,Patna,Debit Card,1,iPhone SE
2068,1/18/1900,1/4/1900,7/15/1905,Friday,Xiaomi,3,37065.36,Sachin Desai,24,Hyderabad,Cash,4,Redmi Note 10
2069,1/18/1900,1/4/1900,7/15/1905,Friday,Vivo,5,64652.73,Meena Sheth,28,Patna,Cash,5,Vivo V20
2070,1/19/1900,1/4/1900,7/15/1905,Saturday,Samsung,8,58858.06,Radha Solanki,26,Delhi,Debit Card,4,Galaxy Note 20
2071,1/19/1900,1/4/1900,7/15/1905,Saturday,Vivo,6,41180.07,Kiran Chaudhary,47,Bangalore,Credit Card,5,Vivo Y51
2072,1/19/1900,1/4/1900,7/15/1905,Saturday,Vivo,4,56294.29,Anita Varma,58,Indore,Credit Card,4,Vivo V20
2073,1/19/1900,1/4/1900,7/15/1905,Saturday,Vivo,8,41361.63,Kavita Goyal,20,Mumbai,Debit Card,4,Vivo V20
2074,1/20/1900,1/4/1900,7/15/1905,Sunday,Vivo,3,19485.54,Nikhil Solanki,39,Delhi,Debit Card,2,Vivo Y51
2075,1/20/1900,1/4/1900,7/15/1905,Sunday,Xiaomi,3,17484.17,Amit Srivastava,57,Delhi,Cash,4,Redmi Note 10
2076,1/20/1900,1/4/1900,7/15/1905,Sunday,OnePlus,4,21302.09,Anita Kumar,37,Delhi,Debit Card,4,OnePlus 8T
2077,1/21/1900,1/4/1900,7/15/1905,Monday,Apple,9,31055.33,Umesh Chaudhary,49,Lucknow,Debit Card,2,iPhone 12
2078,1/21/1900,1/4/1900,7/15/1905,Monday,Vivo,5,65831.76,Manoj Kapoor,24,Ludhiana,UPI,4,Vivo S1
2079,1/21/1900,1/4/1900,7/15/1905,Monday,Vivo,8,57980.7,Neeta Nair,24,Hyderabad,UPI,4,Vivo Y51
2080,1/22/1900,1/4/1900,7/15/1905,Tuesday,Vivo,6,35968.09,Mala Ghosh,37,Coimbatore,Credit Card,2,Vivo V20
2081,1/22/1900,1/4/1900,7/15/1905,Tuesday,OnePlus,3,39584.6,Anjali Das,42,Kanpur,Debit Card,5,OnePlus 8T
2082,1/22/1900,1/4/1900,7/15/1905,Tuesday,Samsung,8,25936.57,Reena Goyal,52,Ludhiana,Cash,4,Galaxy S21
2083,1/22/1900,1/4/1900,7/15/1905,Tuesday,Samsung,9,52261.18,Prashant Mathur,41,Delhi,Credit Card,1,Galaxy A51
2084,1/23/1900,1/4/1900,7/15/1905,Wednesday,Xiaomi,8,58165.94,Tapan Patel,57,Lucknow,Credit Card,2,Redmi 9
2085,1/23/1900,1/4/1900,7/15/1905,Wednesday,Samsung,4,24334.28,Vinod Kaur,30,Ludhiana,Credit Card,1,Galaxy A51
2086,1/23/1900,1/4/1900,7/15/1905,Wednesday,Vivo,6,12509.3,Meena Das,56,Indore,Debit Card,2,Vivo Y51
2087,1/24/1900,1/4/1900,7/15/1905,Thursday,Vivo,1,47433.34,Devendra Arora,21,Chennai,Debit Card,5,Vivo S1
2088,1/24/1900,1/4/1900,7/15/1905,Thursday,Vivo,4,43750.73,Sachin Nambiar,29,Madurai,Cash,2,Vivo Y51
2089,1/24/1900,1/4/1900,7/15/1905,Thursday,Xiaomi,8,34127.87,Aditya Joshi,34,Mumbai,Cash,4,Redmi 9
2090,1/24/1900,1/4/1900,7/15/1905,Thursday,Vivo,1,48633.64,Tapan Varma,18,Jodhpur,Credit Card,1,Vivo Y51
2091,1/25/1900,1/4/1900,7/15/1905,Friday,Samsung,3,43036.8,Sunita Arora,34,Delhi,Debit Card,1,Galaxy A51
2092,1/25/1900,1/4/1900,7/15/1905,Friday,OnePlus,1,25034.89,Lata Dutta,19,Delhi,Cash,2,OnePlus 9
2093,1/25/1900,1/4/1900,7/15/1905,Friday,OnePlus,9,33863.74,Aditya Patel,23,Chennai,UPI,4,OnePlus 9
2094,1/25/1900,1/4/1900,7/15/1905,Friday,Apple,2,35686.81,Isha Thakur,28,Mumbai,UPI,4,iPhone 11
2095,1/26/1900,1/4/1900,7/15/1905,Saturday,Samsung,9,62814.88,Manoj Shah,35,Ludhiana,Credit Card,2,Galaxy A51
2096,1/26/1900,1/4/1900,7/15/1905,Saturday,Vivo,4,67654.25,Pooja Deshmukh,57,Delhi,UPI,4,Vivo S1
2097,1/26/1900,1/4/1900,7/15/1905,Saturday,OnePlus,2,63580.08,Tanuja Roy,42,Delhi,Credit Card,5,OnePlus 9
2098,1/26/1900,1/4/1900,7/15/1905,Saturday,Samsung,4,53150.68,Lata Kaur,56,Kanpur,Debit Card,2,Galaxy A51
2099,1/27/1900,1/4/1900,7/15/1905,Sunday,OnePlus,6,45099.56,Mala Malhotra,45,Delhi,Credit Card,4,OnePlus Nord
2100,1/27/1900,1/4/1900,7/15/1905,Sunday,Vivo,7,51355.7,Priyanka Nambiar,33,Kolkata,Credit Card,5,Vivo Y51
2101,1/27/1900,1/4/1900,7/15/1905,Sunday,OnePlus,3,66346.55,Sneha Menon,29,Vadodara,Debit Card,2,OnePlus 9
2102,1/28/1900,1/4/1900,7/15/1905,Monday,Apple,3,24999.92,Rajesh Shah,58,Delhi,Cash,5,iPhone SE
2103,1/28/1900,1/4/1900,7/15/1905,Monday,Apple,8,42107.23,Navin Nair,46,Delhi,Cash,4,iPhone SE
2104,1/28/1900,1/4/1900,7/15/1905,Monday,OnePlus,5,51376.48,Shruti Mehta,40,Bangalore,Cash,4,OnePlus 8T
2105,1/29/1900,1/4/1900,7/15/1905,Tuesday,Samsung,4,50754.82,Sachin Arora,38,Ranchi,Cash,4,Galaxy Note 20
2106,1/29/1900,1/4/1900,7/15/1905,Tuesday,Samsung,7,25136.74,Lata Alva,33,Jodhpur,Credit Card,4,Galaxy Note 20
2107,1/29/1900,1/4/1900,7/15/1905,Tuesday,Samsung,7,45203.89,Namita Roy,58,Ranchi,Cash,4,Galaxy Note 20
2108,1/29/1900,1/4/1900,7/15/1905,Tuesday,OnePlus,9,57754.79,Vinod Chatterjee,43,Delhi,UPI,4,OnePlus Nord
2109,1/30/1900,1/4/1900,7/15/1905,Wednesday,Samsung,9,38504.74,Shruti Roy,54,Mumbai,UPI,2,Galaxy A51
2110,1/30/1900,1/4/1900,7/15/1905,Wednesday,Vivo,5,57597.88,Neeta Nair,39,Mumbai,Cash,2,Vivo S1
2111,1/30/1900,1/4/1900,7/15/1905,Wednesday,Apple,8,31592.96,Bhavana Teja,27,Gorakhpur,UPI,5,iPhone 11
2112,1/30/1900,1/4/1900,7/15/1905,Wednesday,Vivo,1,66325.61,Sunil Varma,24,Delhi,UPI,2,Vivo S1
2113,12/31/1899,1/5/1900,7/15/1905,Thursday,Samsung,9,42035.71,Aditya Rao,26,Hyderabad,Debit Card,2,Galaxy S21
2114,12/31/1899,1/5/1900,7/15/1905,Thursday,Vivo,8,45756.88,Pooja Rao,42,Delhi,Debit Card,5,Vivo V20
2115,12/31/1899,1/5/1900,7/15/1905,Thursday,Samsung,6,11881.69,Neeta Desai,32,Bhopal,Cash,1,Galaxy A51
2116,1/1/1900,1/5/1900,7/15/1905,Friday,OnePlus,3,20216.15,Deepika Deshmukh,30,Chennai,Credit Card,4,OnePlus 8T
2117,1/1/1900,1/5/1900,7/15/1905,Friday,Vivo,3,47976.03,Tanuja Mathur,59,Lucknow,Credit Card,2,Vivo V20
2118,1/1/1900,1/5/1900,7/15/1905,Friday,OnePlus,8,35192.22,Tanuja Mathur,43,Rajkot,Debit Card,5,OnePlus Nord
2119,1/1/1900,1/5/1900,7/15/1905,Friday,OnePlus,5,40489.83,Lata Mehta,38,Gorakhpur,Debit Card,4,OnePlus 9
2120,1/2/1900,1/5/1900,7/15/1905,Saturday,Xiaomi,7,13778.28,Nikhil Jain,40,Madurai,Credit Card,4,Redmi Note 10
2121,1/2/1900,1/5/1900,7/15/1905,Saturday,Samsung,5,60048.11,Priyanka Ghosh,45,Hyderabad,Cash,2,Galaxy S21
2122,1/2/1900,1/5/1900,7/15/1905,Saturday,Apple,8,57070.34,Anita Joshi,55,Mumbai,Credit Card,4,iPhone 12
2123,1/2/1900,1/5/1900,7/15/1905,Saturday,Samsung,4,21121.24,Navin Gupta,29,Mumbai,Credit Card,5,Galaxy A51
2124,1/3/1900,1/5/1900,7/15/1905,Sunday,Apple,2,48059.76,Tapan Rathod,41,Ludhiana,UPI,5,iPhone 12
2125,1/3/1900,1/5/1900,7/15/1905,Sunday,Samsung,3,59098.91,Sachin Goyal,30,Delhi,Credit Card,5,Galaxy A51
2126,1/3/1900,1/5/1900,7/15/1905,Sunday,OnePlus,8,48451.25,Gita Teja,57,Delhi,Debit Card,5,OnePlus 9
2127,1/3/1900,1/5/1900,7/15/1905,Sunday,Vivo,7,28623.89,Anjali Pathak,19,Delhi,Cash,5,Vivo V20
2128,1/4/1900,1/5/1900,7/15/1905,Monday,Vivo,2,49366.67,Devendra Pathak,56,Kolkata,Credit Card,4,Vivo V20
2129,1/4/1900,1/5/1900,7/15/1905,Monday,Xiaomi,6,22627.7,Anand Joshi,29,Gorakhpur,UPI,5,Redmi 9
2130,1/4/1900,1/5/1900,7/15/1905,Monday,Apple,9,29095.3,Pankaj Mathur,56,Lucknow,Debit Card,4,iPhone 12
2131,1/5/1900,1/5/1900,7/15/1905,Tuesday,Apple,4,24404.18,Monika Thakur,31,Ludhiana,Debit Card,4,iPhone 12
2132,1/5/1900,1/5/1900,7/15/1905,Tuesday,Apple,9,43415.51,Bina Goyal,47,Bhopal,UPI,4,iPhone 11
2133,1/5/1900,1/5/1900,7/15/1905,Tuesday,OnePlus,2,16493.6,Vivek Bhattacharya,58,Mumbai,Debit Card,4,OnePlus 9
2134,1/6/1900,1/5/1900,7/15/1905,Wednesday,Apple,2,65998.62,Priya Sharma,36,Bangalore,UPI,1,iPhone 11
2135,1/6/1900,1/5/1900,7/15/1905,Wednesday,Vivo,9,30010.74,Namita Mehta,48,Lucknow,Debit Card,2,Vivo S1
2136,1/6/1900,1/5/1900,7/15/1905,Wednesday,OnePlus,7,23138.21,Kiran Srivastava,42,Coimbatore,Debit Card,4,OnePlus 9
2137,1/7/1900,1/5/1900,7/15/1905,Thursday,Samsung,7,39792.99,Sunita Iyer,21,Hyderabad,Debit Card,1,Galaxy S21
2138,1/7/1900,1/5/1900,7/15/1905,Thursday,Apple,1,26619.87,Anita Srivastava,30,Gorakhpur,Debit Card,4,iPhone 11
2139,1/7/1900,1/5/1900,7/15/1905,Thursday,Apple,6,42094.25,Isha Luthra,53,Ludhiana,UPI,4,iPhone 11
2140,1/7/1900,1/5/1900,7/15/1905,Thursday,Samsung,7,30910.55,Harish Thakur,59,Indore,Credit Card,4,Galaxy S21
2141,1/8/1900,1/5/1900,7/15/1905,Friday,Apple,6,17924.01,Arun Desai,54,Mumbai,Debit Card,5,iPhone SE
2142,1/8/1900,1/5/1900,7/15/1905,Friday,Samsung,6,25953.71,Priyanka Mishra,20,Chennai,UPI,4,Galaxy Note 20
2143,1/8/1900,1/5/1900,7/15/1905,Friday,OnePlus,2,36306.39,Rajesh Verma,33,Mumbai,UPI,4,OnePlus 9
2144,1/8/1900,1/5/1900,7/15/1905,Friday,Vivo,6,11817.59,Sachin Goyal,43,Lucknow,UPI,2,Vivo Y51
2145,1/9/1900,1/5/1900,7/15/1905,Saturday,Samsung,4,56238.55,Monika Mehta,57,Mumbai,Credit Card,4,Galaxy A51
2146,1/9/1900,1/5/1900,7/15/1905,Saturday,Xiaomi,9,47309.47,Rajesh Menon,56,Delhi,Cash,1,Mi 11
2147,1/9/1900,1/5/1900,7/15/1905,Saturday,Samsung,1,46081.58,Mala Thakur,36,Coimbatore,UPI,4,Galaxy S21
2148,1/9/1900,1/5/1900,7/15/1905,Saturday,Apple,8,42763,Rohan Singh,32,Delhi,UPI,1,iPhone 11
2149,1/10/1900,1/5/1900,7/15/1905,Sunday,OnePlus,5,45418.79,Tapan Varma,49,Hyderabad,UPI,5,OnePlus Nord
2150,1/10/1900,1/5/1900,7/15/1905,Sunday,OnePlus,1,66079.12,Vivek Jain,38,Delhi,Credit Card,5,OnePlus 9
2151,1/10/1900,1/5/1900,7/15/1905,Sunday,Samsung,4,10514.15,Pankaj Kapoor,18,Coimbatore,Debit Card,2,Galaxy S21
2152,1/11/1900,1/5/1900,7/15/1905,Monday,Vivo,1,12867.98,Aditya Luthra,23,Kolkata,Credit Card,4,Vivo V20
2153,1/11/1900,1/5/1900,7/15/1905,Monday,Xiaomi,6,21489.6,Anita Bhattacharya,44,Delhi,UPI,2,Redmi Note 10
2154,1/11/1900,1/5/1900,7/15/1905,Monday,OnePlus,2,20038.08,Anand Joshi,40,Delhi,Cash,1,OnePlus Nord
2155,1/11/1900,1/5/1900,7/15/1905,Monday,Apple,5,20871.67,Rajesh Prasad,48,Hyderabad,UPI,2,iPhone 12
2156,1/12/1900,1/5/1900,7/15/1905,Tuesday,Apple,7,50316.63,Ramesh Sharma,29,Vadodara,Debit Card,1,iPhone SE
2157,1/12/1900,1/5/1900,7/15/1905,Tuesday,Vivo,2,37569,Bina Patel,38,Delhi,Cash,2,Vivo S1
2158,1/12/1900,1/5/1900,7/15/1905,Tuesday,OnePlus,6,69506.73,Arun Iyer,19,Delhi,Cash,5,OnePlus 8T
2159,1/12/1900,1/5/1900,7/15/1905,Tuesday,Samsung,6,23613.15,Aditya Jain,22,Ranchi,Credit Card,4,Galaxy Note 20
2160,1/13/1900,1/5/1900,7/15/1905,Wednesday,Apple,5,28649.81,Deepika Prasad,26,Mumbai,Credit Card,2,iPhone 12
2161,1/13/1900,1/5/1900,7/15/1905,Wednesday,Vivo,5,69054.44,Priya Varma,37,Kanpur,Debit Card,1,Vivo V20
2162,1/13/1900,1/5/1900,7/15/1905,Wednesday,OnePlus,3,59905.49,Ravi Kaur,35,Mumbai,Credit Card,4,OnePlus Nord
2163,1/13/1900,1/5/1900,7/15/1905,Wednesday,OnePlus,2,38187.95,Amit Ghosh,39,Patna,Debit Card,5,OnePlus 8T
2164,1/14/1900,1/5/1900,7/15/1905,Thursday,OnePlus,7,43275.81,Vijay Malhotra,25,Delhi,Cash,5,OnePlus 9
2165,1/14/1900,1/5/1900,7/15/1905,Thursday,OnePlus,1,60590.68,Pankaj Desai,51,Hyderabad,Cash,4,OnePlus 9
2166,1/14/1900,1/5/1900,7/15/1905,Thursday,OnePlus,6,38858.81,Isha Thakur,26,Delhi,Cash,4,OnePlus Nord
2167,1/14/1900,1/5/1900,7/15/1905,Thursday,Apple,6,22361.42,Tapan Nair,24,Mumbai,Debit Card,2,iPhone 11
2168,1/15/1900,1/5/1900,7/15/1905,Friday,Vivo,3,59706.67,Tapan Rathod,47,Kanpur,Credit Card,5,Vivo V20
2169,1/15/1900,1/5/1900,7/15/1905,Friday,OnePlus,2,42266.35,Vijay Varma,35,Indore,Credit Card,2,OnePlus 9
2170,1/15/1900,1/5/1900,7/15/1905,Friday,Xiaomi,2,19182.56,Rajesh Sheth,44,Lucknow,Credit Card,2,Redmi Note 10
2171,1/16/1900,1/5/1900,7/15/1905,Saturday,Xiaomi,9,40335.15,Arun Verma,33,Chennai,UPI,1,Redmi Note 10
2172,1/16/1900,1/5/1900,7/15/1905,Saturday,Vivo,5,34792.2,Krishna Sharma,38,Mumbai,Cash,2,Vivo V20
2173,1/16/1900,1/5/1900,7/15/1905,Saturday,Samsung,7,62610.55,Devendra Luthra,22,Mumbai,Cash,4,Galaxy S21
2174,1/17/1900,1/5/1900,7/15/1905,Sunday,Samsung,5,17563.33,Priya Varma,46,Bhopal,UPI,4,Galaxy Note 20
2175,1/17/1900,1/5/1900,7/15/1905,Sunday,Samsung,7,62512.59,Bina Jain,54,Bhopal,Cash,4,Galaxy A51
2176,1/17/1900,1/5/1900,7/15/1905,Sunday,Xiaomi,4,40732.66,Krishna Joshi,39,Jodhpur,Cash,1,Redmi 9
2177,1/17/1900,1/5/1900,7/15/1905,Sunday,Samsung,8,34261.87,Deepika Prasad,31,Mumbai,UPI,4,Galaxy A51
2178,1/18/1900,1/5/1900,7/15/1905,Monday,Apple,7,19718.03,Deepika Alva,36,Delhi,Cash,4,iPhone 12
2179,1/18/1900,1/5/1900,7/15/1905,Monday,OnePlus,5,52049.08,Meena Pillai,52,Delhi,Credit Card,4,OnePlus Nord
2180,1/18/1900,1/5/1900,7/15/1905,Monday,Xiaomi,6,65608.4,Vinod Prasad,41,Coimbatore,UPI,4,Mi 11
2181,1/19/1900,1/5/1900,7/15/1905,Tuesday,Vivo,5,32522.64,Pooja Goyal,59,Jodhpur,Cash,5,Vivo V20
2182,1/19/1900,1/5/1900,7/15/1905,Tuesday,Vivo,7,24495.1,Pooja Joshi,23,Delhi,Credit Card,2,Vivo Y51
2183,1/19/1900,1/5/1900,7/15/1905,Tuesday,OnePlus,2,43292.02,Yogesh Menon,20,Vadodara,Debit Card,2,OnePlus 9
2184,1/20/1900,1/5/1900,7/15/1905,Wednesday,Xiaomi,5,57771.16,Amit Ahuja,51,Patna,Cash,4,Redmi Note 10
2185,1/20/1900,1/5/1900,7/15/1905,Wednesday,Samsung,3,10226.06,Rajesh Chaudhary,19,Bangalore,UPI,4,Galaxy A51
2186,1/20/1900,1/5/1900,7/15/1905,Wednesday,Samsung,9,47882.65,Bhavana Rawat,32,Delhi,Credit Card,4,Galaxy Note 20
2187,1/20/1900,1/5/1900,7/15/1905,Wednesday,Apple,6,45790.96,Anita Joshi,54,Kolkata,Debit Card,1,iPhone SE
2188,1/21/1900,1/5/1900,7/15/1905,Thursday,Apple,3,29089.13,Prashant Dutta,32,Madurai,Debit Card,4,iPhone 12
2189,1/21/1900,1/5/1900,7/15/1905,Thursday,Samsung,7,37085.38,Vivek Pathak,49,Delhi,Cash,4,Galaxy Note 20
2190,1/21/1900,1/5/1900,7/15/1905,Thursday,Vivo,4,24817.79,Kiran Patel,38,Ludhiana,Debit Card,4,Vivo Y51
2191,1/21/1900,1/5/1900,7/15/1905,Thursday,Vivo,3,57393.14,Sumit Chatterjee,34,Mumbai,UPI,4,Vivo V20
2192,1/22/1900,1/5/1900,7/15/1905,Friday,Apple,8,48072.1,Pooja Arora,51,Delhi,Debit Card,5,iPhone SE
2193,1/22/1900,1/5/1900,7/15/1905,Friday,OnePlus,4,41962.7,Arun Ghosh,49,Indore,Cash,4,OnePlus 9
2194,1/22/1900,1/5/1900,7/15/1905,Friday,Samsung,1,33551.57,Deepika Prasad,40,Patna,Debit Card,5,Galaxy Note 20
2195,1/23/1900,1/5/1900,7/15/1905,Saturday,Apple,6,27483.06,Devendra Thakur,52,Mumbai,Cash,4,iPhone 11
2196,1/23/1900,1/5/1900,7/15/1905,Saturday,Apple,1,59364.19,Pankaj Shah,54,Patna,Debit Card,1,iPhone 11
2197,1/23/1900,1/5/1900,7/15/1905,Saturday,Samsung,5,37084.46,Mala Goyal,58,Delhi,Credit Card,2,Galaxy S21
2198,1/23/1900,1/5/1900,7/15/1905,Saturday,Samsung,7,40086.85,Manoj Luthra,54,Lucknow,Cash,2,Galaxy Note 20
2199,1/24/1900,1/5/1900,7/15/1905,Sunday,Vivo,6,41249.72,Pooja Sharma,50,Bhopal,UPI,2,Vivo Y51
2200,1/24/1900,1/5/1900,7/15/1905,Sunday,OnePlus,2,36902.02,Ravi Solanki,42,Delhi,UPI,2,OnePlus Nord
2201,1/24/1900,1/5/1900,7/15/1905,Sunday,OnePlus,4,25365.31,Rajesh Mishra,54,Ranchi,Debit Card,4,OnePlus Nord
2202,1/25/1900,1/5/1900,7/15/1905,Monday,Samsung,2,17220.43,Amit Das,57,Mumbai,Credit Card,2,Galaxy Note 20
2203,1/25/1900,1/5/1900,7/15/1905,Monday,Xiaomi,1,15912.24,Anand Siddiqui,38,Mumbai,Debit Card,4,Redmi 9
2204,1/25/1900,1/5/1900,7/15/1905,Monday,Apple,3,55447.75,Bina Solanki,55,Patna,Debit Card,1,iPhone 12
2205,1/25/1900,1/5/1900,7/15/1905,Monday,Apple,3,23411.67,Kavita Nair,57,Vadodara,Credit Card,4,iPhone SE
2206,1/26/1900,1/5/1900,7/15/1905,Tuesday,Samsung,7,13340.37,Isha Desai,51,Rajkot,Cash,4,Galaxy A51
2207,1/26/1900,1/5/1900,7/15/1905,Tuesday,Xiaomi,1,57851.04,Anjali Alva,36,Mumbai,UPI,4,Redmi 9
2208,1/26/1900,1/5/1900,7/15/1905,Tuesday,Vivo,9,19243.7,Vivek Patel,44,Mumbai,Credit Card,4,Vivo S1
2209,1/27/1900,1/5/1900,7/15/1905,Wednesday,Samsung,6,47508.77,Mala Siddiqui,26,Mumbai,Debit Card,4,Galaxy S21
2210,1/27/1900,1/5/1900,7/15/1905,Wednesday,Samsung,4,30318.6,Priyanka Pillai,22,Delhi,Cash,4,Galaxy A51
2211,1/27/1900,1/5/1900,7/15/1905,Wednesday,Apple,3,17588.82,Mala Chatterjee,22,Delhi,Debit Card,1,iPhone 11
2212,1/27/1900,1/5/1900,7/15/1905,Wednesday,Samsung,3,34868.86,Bhavana Mishra,42,Ludhiana,Cash,5,Galaxy A51
2213,1/28/1900,1/5/1900,7/15/1905,Thursday,Samsung,2,10888.53,Sunil Kumar,43,Lucknow,UPI,4,Galaxy A51
2214,1/28/1900,1/5/1900,7/15/1905,Thursday,Samsung,2,60462.7,Anjali Rao,36,Patna,UPI,4,Galaxy Note 20
2215,1/28/1900,1/5/1900,7/15/1905,Thursday,Apple,5,40809.88,Sumit Teja,47,Delhi,Cash,4,iPhone 12
2216,1/29/1900,1/5/1900,7/15/1905,Friday,Vivo,9,18349.6,Shruti Mehta,53,Ludhiana,UPI,2,Vivo Y51
2217,1/29/1900,1/5/1900,7/15/1905,Friday,Vivo,2,24218.82,Sachin Iyer,33,Hyderabad,Debit Card,2,Vivo Y51
2218,1/29/1900,1/5/1900,7/15/1905,Friday,Samsung,2,36878.51,Pooja Thakur,24,Delhi,Cash,1,Galaxy Note 20
2219,12/31/1899,1/6/1900,7/15/1905,Saturday,Apple,6,21332.16,Ravi Gupta,35,Ludhiana,Debit Card,2,iPhone 11
2220,12/31/1899,1/6/1900,7/15/1905,Saturday,Vivo,2,26115.95,Sumit Malhotra,38,Hyderabad,Cash,5,Vivo S1
2221,12/31/1899,1/6/1900,7/15/1905,Saturday,Vivo,4,42063.13,Priyanka Dutta,48,Delhi,Debit Card,4,Vivo S1
2222,1/1/1900,1/6/1900,7/15/1905,Sunday,Vivo,6,59956.54,Amit Sheth,18,Delhi,UPI,1,Vivo S1
2223,1/1/1900,1/6/1900,7/15/1905,Sunday,Apple,5,34110.38,Anita Mathur,20,Vadodara,Credit Card,2,iPhone SE
2224,1/1/1900,1/6/1900,7/15/1905,Sunday,Apple,1,53018.52,Isha Menon,48,Bhopal,Debit Card,2,iPhone 12
2225,1/1/1900,1/6/1900,7/15/1905,Sunday,Samsung,6,62601.05,Neeta Mathur,42,Bangalore,Cash,4,Galaxy A51
2226,1/2/1900,1/6/1900,7/15/1905,Monday,OnePlus,1,22978.06,Lata Verma,25,Hyderabad,UPI,1,OnePlus Nord
2227,1/2/1900,1/6/1900,7/15/1905,Monday,Vivo,3,58431.52,Rajesh Yadav,18,Kanpur,Cash,4,Vivo V20
2228,1/2/1900,1/6/1900,7/15/1905,Monday,OnePlus,5,55444.13,Kiran Gupta,24,Kolkata,Debit Card,1,OnePlus 8T
2229,1/3/1900,1/6/1900,7/15/1905,Tuesday,Apple,5,31416.24,Vijay Siddiqui,24,Jodhpur,Cash,2,iPhone SE
2230,1/3/1900,1/6/1900,7/15/1905,Tuesday,Apple,6,69371.2,Reena Dutta,25,Delhi,Cash,4,iPhone SE
2231,1/3/1900,1/6/1900,7/15/1905,Tuesday,Apple,8,25754.34,Pooja Ahuja,36,Lucknow,Debit Card,4,iPhone 11
2232,1/4/1900,1/6/1900,7/15/1905,Wednesday,OnePlus,5,25288.2,Neeta Desai,34,Lucknow,UPI,5,OnePlus Nord
2233,1/4/1900,1/6/1900,7/15/1905,Wednesday,Apple,1,56335.55,Rohan Pathak,28,Mumbai,UPI,4,iPhone 11
2234,1/4/1900,1/6/1900,7/15/1905,Wednesday,Samsung,5,36079.44,Deepika Das,58,Jodhpur,Debit Card,1,Galaxy Note 20
2235,1/4/1900,1/6/1900,7/15/1905,Wednesday,Apple,3,29847.7,Sanjay Das,28,Delhi,UPI,5,iPhone 11
2236,1/5/1900,1/6/1900,7/15/1905,Thursday,Xiaomi,4,20719.77,Manoj Siddiqui,55,Hyderabad,Credit Card,4,Redmi 9
2237,1/5/1900,1/6/1900,7/15/1905,Thursday,OnePlus,8,55919.95,Pooja Patel,58,Rajkot,Cash,4,OnePlus 8T
2238,1/5/1900,1/6/1900,7/15/1905,Thursday,Xiaomi,7,57179.31,Namita Malhotra,19,Delhi,Debit Card,5,Redmi 9
2239,1/5/1900,1/6/1900,7/15/1905,Thursday,Apple,5,43993.84,Pankaj Patel,21,Bangalore,Credit Card,2,iPhone 12
2240,1/6/1900,1/6/1900,7/15/1905,Friday,Samsung,2,67438.82,Prashant Roy,45,Mumbai,Cash,4,Galaxy Note 20
2241,1/6/1900,1/6/1900,7/15/1905,Friday,Vivo,6,29089.8,Radha Alva,50,Madurai,Debit Card,4,Vivo S1
2242,1/6/1900,1/6/1900,7/15/1905,Friday,Apple,6,23177.14,Sunil Reddy,28,Chennai,UPI,2,iPhone 11
2243,1/7/1900,1/6/1900,7/15/1905,Saturday,Samsung,6,50648.01,Umesh Kulkarni,20,Coimbatore,Debit Card,4,Galaxy A51
2244,1/7/1900,1/6/1900,7/15/1905,Saturday,OnePlus,9,55504.52,Sunita Mehta,57,Coimbatore,Debit Card,2,OnePlus Nord
2245,1/7/1900,1/6/1900,7/15/1905,Saturday,Xiaomi,8,23494.36,Pooja Thakur,22,Mumbai,Cash,2,Redmi Note 10
2246,1/8/1900,1/6/1900,7/15/1905,Sunday,Xiaomi,8,14596.65,Amit Joshi,38,Mumbai,Cash,2,Mi 11
2247,1/8/1900,1/6/1900,7/15/1905,Sunday,Xiaomi,1,58630.99,Sneha Ghosh,39,Bhopal,Cash,5,Redmi 9
2248,1/8/1900,1/6/1900,7/15/1905,Sunday,OnePlus,5,68590.12,Ravi Siddiqui,54,Rajkot,Credit Card,4,OnePlus 9
2249,1/8/1900,1/6/1900,7/15/1905,Sunday,Samsung,7,48680.34,Amit Ghosh,28,Hyderabad,UPI,2,Galaxy A51
2250,1/9/1900,1/6/1900,7/15/1905,Monday,OnePlus,6,26672.01,Bhavana Srivastava,39,Indore,Debit Card,4,OnePlus Nord
2251,1/9/1900,1/6/1900,7/15/1905,Monday,Xiaomi,5,69800.36,Harish Solanki,58,Chennai,Debit Card,2,Redmi Note 10
2252,1/9/1900,1/6/1900,7/15/1905,Monday,Apple,8,63596,Umesh Ghosh,30,Rajkot,UPI,2,iPhone 11
2253,1/9/1900,1/6/1900,7/15/1905,Monday,Vivo,3,40802.84,Mala Chatterjee,20,Lucknow,Debit Card,2,Vivo V20
2254,1/10/1900,1/6/1900,7/15/1905,Tuesday,OnePlus,6,59519.28,Anjali Varma,30,Delhi,Cash,5,OnePlus 8T
2255,1/10/1900,1/6/1900,7/15/1905,Tuesday,OnePlus,5,58949.23,Navin Verma,45,Delhi,Debit Card,2,OnePlus Nord
2256,1/10/1900,1/6/1900,7/15/1905,Tuesday,Samsung,8,66087.94,Amit Srivastava,28,Mumbai,UPI,2,Galaxy A51
2257,1/10/1900,1/6/1900,7/15/1905,Tuesday,Samsung,4,60455.43,Neeta Sharma,28,Hyderabad,Credit Card,2,Galaxy S21
2258,1/11/1900,1/6/1900,7/15/1905,Wednesday,OnePlus,8,48620.75,Pankaj Sheth,38,Bangalore,Credit Card,2,OnePlus 9
2259,1/11/1900,1/6/1900,7/15/1905,Wednesday,Xiaomi,2,46558.22,Kiran Deshmukh,38,Mumbai,UPI,2,Redmi Note 10
2260,1/11/1900,1/6/1900,7/15/1905,Wednesday,Vivo,9,38041.44,Kavita Gupta,24,Mumbai,Debit Card,2,Vivo S1
2261,1/11/1900,1/6/1900,7/15/1905,Wednesday,Samsung,9,47589.14,Jyoti Mehta,34,Bhopal,Debit Card,4,Galaxy Note 20
2262,1/12/1900,1/6/1900,7/15/1905,Thursday,Xiaomi,6,57713,Sumit Roy,31,Ranchi,Credit Card,2,Redmi Note 10
2263,1/12/1900,1/6/1900,7/15/1905,Thursday,Apple,4,68142.26,Kiran Singh,50,Mumbai,Debit Card,2,iPhone 11
2264,1/12/1900,1/6/1900,7/15/1905,Thursday,Samsung,4,38037.24,Bhavana Sheth,28,Madurai,Credit Card,5,Galaxy S21
2265,1/12/1900,1/6/1900,7/15/1905,Thursday,Xiaomi,6,44419.19,Meena Dutta,30,Chennai,UPI,2,Redmi Note 10
2266,1/13/1900,1/6/1900,7/15/1905,Friday,Xiaomi,5,36688.33,Aditya Nair,18,Indore,UPI,5,Redmi Note 10
2267,1/13/1900,1/6/1900,7/15/1905,Friday,Vivo,6,50109.32,Nikhil Ahuja,51,Delhi,Debit Card,3,Vivo V20
2268,1/13/1900,1/6/1900,7/15/1905,Friday,Vivo,7,47795.23,Monika Kumar,26,Mumbai,Cash,5,Vivo S1
2269,1/14/1900,1/6/1900,7/15/1905,Saturday,Apple,7,11070.03,Isha Kaur,30,Vadodara,Cash,3,iPhone SE
2270,1/14/1900,1/6/1900,7/15/1905,Saturday,Xiaomi,9,42469.69,Priyanka Mishra,54,Delhi,Credit Card,3,Redmi Note 10
2271,1/14/1900,1/6/1900,7/15/1905,Saturday,Xiaomi,8,15309.21,Sunil Jain,47,Delhi,UPI,5,Redmi 9
2272,1/14/1900,1/6/1900,7/15/1905,Saturday,Vivo,6,11583.02,Arun Iyer,58,Delhi,Credit Card,4,Vivo S1
2273,1/15/1900,1/6/1900,7/15/1905,Sunday,Samsung,6,57471.83,Manoj Kapoor,54,Ludhiana,UPI,5,Galaxy A51
2274,1/15/1900,1/6/1900,7/15/1905,Sunday,Samsung,5,25518.99,Anita Shah,24,Mumbai,Credit Card,2,Galaxy A51
2275,1/15/1900,1/6/1900,7/15/1905,Sunday,OnePlus,1,30439.3,Arun Siddiqui,31,Ranchi,Credit Card,5,OnePlus 8T
2276,1/16/1900,1/6/1900,7/15/1905,Monday,Vivo,9,13845.08,Arun Yadav,23,Ranchi,Credit Card,4,Vivo Y51
2277,1/16/1900,1/6/1900,7/15/1905,Monday,OnePlus,9,20770.02,Prashant Arora,51,Bangalore,Debit Card,5,OnePlus Nord
2278,1/16/1900,1/6/1900,7/15/1905,Monday,Vivo,9,55936.29,Sanjay Das,33,Delhi,Cash,4,Vivo Y51
2279,1/17/1900,1/6/1900,7/15/1905,Tuesday,Apple,8,39611.85,Pankaj Nambiar,54,Mumbai,UPI,2,iPhone 12
2280,1/17/1900,1/6/1900,7/15/1905,Tuesday,Xiaomi,3,62840.11,Jyoti Ahuja,53,Delhi,Credit Card,2,Mi 11
2281,1/17/1900,1/6/1900,7/15/1905,Tuesday,Apple,1,33834.53,Monika Bhatnagar,23,Mumbai,Cash,4,iPhone 12
2282,1/18/1900,1/6/1900,7/15/1905,Wednesday,Vivo,8,26122.04,Tanuja Rao,25,Delhi,Credit Card,4,Vivo Y51
2283,1/18/1900,1/6/1900,7/15/1905,Wednesday,Xiaomi,7,30855.99,Kunal Malhotra,41,Delhi,Credit Card,4,Mi 11
2284,1/18/1900,1/6/1900,7/15/1905,Wednesday,Samsung,5,52766.31,Rohan Jain,20,Gorakhpur,UPI,2,Galaxy S21
2285,1/18/1900,1/6/1900,7/15/1905,Wednesday,Samsung,7,43300.34,Mala Verma,21,Coimbatore,Debit Card,3,Galaxy S21
2286,1/19/1900,1/6/1900,7/15/1905,Thursday,OnePlus,4,64251.47,Prashant Mathur,49,Kanpur,Credit Card,4,OnePlus Nord
2287,1/19/1900,1/6/1900,7/15/1905,Thursday,Vivo,9,46130.13,Pankaj Kapoor,18,Coimbatore,UPI,2,Vivo Y51
2288,1/19/1900,1/6/1900,7/15/1905,Thursday,Vivo,2,39581.09,Isha Singh,51,Delhi,Debit Card,2,Vivo V20
2289,1/20/1900,1/6/1900,7/15/1905,Friday,Samsung,9,57145.16,Pooja Pathak,26,Patna,Debit Card,4,Galaxy A51
2290,1/20/1900,1/6/1900,7/15/1905,Friday,Apple,9,66852.03,Namita Deshmukh,29,Chennai,Cash,3,iPhone 12
2291,1/20/1900,1/6/1900,7/15/1905,Friday,Xiaomi,5,31350.75,Deepika Solanki,27,Mumbai,Cash,2,Redmi 9
2292,1/21/1900,1/6/1900,7/15/1905,Saturday,Apple,1,24992.57,Sneha Patel,27,Madurai,Credit Card,2,iPhone SE
2293,1/21/1900,1/6/1900,7/15/1905,Saturday,Apple,7,46973.04,Vivek Mehta,40,Vadodara,Cash,3,iPhone 12
2294,1/21/1900,1/6/1900,7/15/1905,Saturday,Samsung,4,39932.37,Kiran Alva,23,Bangalore,UPI,2,Galaxy S21
2295,1/21/1900,1/6/1900,7/15/1905,Saturday,Samsung,9,69351.13,Anita Pillai,41,Ranchi,UPI,3,Galaxy Note 20
2296,1/22/1900,1/6/1900,7/15/1905,Sunday,Samsung,6,37741.71,Krishna Menon,41,Delhi,Cash,5,Galaxy Note 20
2297,1/22/1900,1/6/1900,7/15/1905,Sunday,OnePlus,3,14459.89,Manoj Nambiar,38,Mumbai,UPI,5,OnePlus Nord
2298,1/22/1900,1/6/1900,7/15/1905,Sunday,Apple,6,68642.14,Shruti Sharma,59,Delhi,UPI,5,iPhone 12
2299,1/23/1900,1/6/1900,7/15/1905,Monday,Vivo,6,60615.22,Krishna Rao,48,Delhi,Credit Card,2,Vivo Y51
2300,1/23/1900,1/6/1900,7/15/1905,Monday,Xiaomi,5,20695.01,Anjali Jain,58,Delhi,Credit Card,5,Redmi 9
2301,1/23/1900,1/6/1900,7/15/1905,Monday,OnePlus,2,64276.32,Lata Kumar,47,Mumbai,UPI,2,OnePlus 8T
2302,1/24/1900,1/6/1900,7/15/1905,Tuesday,Vivo,2,30440.01,Kavita Teja,51,Kanpur,Cash,2,Vivo S1
2303,1/24/1900,1/6/1900,7/15/1905,Tuesday,Apple,7,32626.72,Kiran Solanki,35,Bangalore,UPI,5,iPhone 11
2304,1/24/1900,1/6/1900,7/15/1905,Tuesday,Samsung,2,64383.49,Isha Ghosh,29,Patna,Debit Card,3,Galaxy S21
2305,1/24/1900,1/6/1900,7/15/1905,Tuesday,Apple,6,41806.93,Nikhil Luthra,52,Delhi,Debit Card,3,iPhone SE
2306,1/25/1900,1/6/1900,7/15/1905,Wednesday,Xiaomi,5,18265.78,Lata Verma,24,Delhi,Debit Card,2,Redmi 9
2307,1/25/1900,1/6/1900,7/15/1905,Wednesday,OnePlus,4,32143.37,Kiran Ghosh,58,Delhi,Credit Card,3,OnePlus 8T
2308,1/25/1900,1/6/1900,7/15/1905,Wednesday,OnePlus,7,53325.85,Umesh Patel,57,Delhi,Cash,4,OnePlus 8T
2309,1/26/1900,1/6/1900,7/15/1905,Thursday,Xiaomi,8,20451.05,Arun Deshmukh,42,Bhopal,UPI,3,Mi 11
2310,1/26/1900,1/6/1900,7/15/1905,Thursday,Vivo,4,45413.87,Lalita Rao,23,Mumbai,Cash,2,Vivo V20
2311,1/26/1900,1/6/1900,7/15/1905,Thursday,Vivo,1,51716.45,Shruti Roy,18,Chennai,Cash,3,Vivo Y51
2312,1/27/1900,1/6/1900,7/15/1905,Friday,OnePlus,1,30631.21,Bhavana Reddy,33,Mumbai,Cash,2,OnePlus 8T
2313,1/27/1900,1/6/1900,7/15/1905,Friday,OnePlus,1,51632.84,Deepika Dutta,21,Chennai,Debit Card,3,OnePlus 9
2314,1/27/1900,1/6/1900,7/15/1905,Friday,Samsung,1,63052.44,Vijay Das,46,Lucknow,UPI,2,Galaxy Note 20
2315,1/28/1900,1/6/1900,7/15/1905,Saturday,Vivo,5,38327,Ravi Prasad,55,Kanpur,Credit Card,4,Vivo V20
2316,1/28/1900,1/6/1900,7/15/1905,Saturday,Xiaomi,4,32974.56,Namita Rao,45,Kolkata,Cash,5,Redmi Note 10
2317,1/28/1900,1/6/1900,7/15/1905,Saturday,Vivo,9,25069.5,Ayesha Menon,39,Madurai,Cash,4,Vivo Y51
2318,1/28/1900,1/6/1900,7/15/1905,Saturday,Samsung,3,46252.33,Umesh Srivastava,25,Delhi,Debit Card,2,Galaxy S21
2319,1/29/1900,1/6/1900,7/15/1905,Sunday,OnePlus,7,62791.12,Ravi Kumar,49,Delhi,Debit Card,4,OnePlus 8T
2320,1/29/1900,1/6/1900,7/15/1905,Sunday,OnePlus,8,29479.68,Krishna Nambiar,50,Indore,UPI,4,OnePlus 9
2321,1/29/1900,1/6/1900,7/15/1905,Sunday,Samsung,6,33774.13,Monika Rawat,30,Delhi,Credit Card,2,Galaxy A51
2322,1/29/1900,1/6/1900,7/15/1905,Sunday,Xiaomi,1,34397.53,Anand Kapoor,44,Mumbai,Credit Card,2,Mi 11
2323,1/30/1900,1/6/1900,7/15/1905,Monday,OnePlus,8,43648.74,Anita Dutta,35,Delhi,Debit Card,5,OnePlus Nord
2324,1/30/1900,1/6/1900,7/15/1905,Monday,Apple,3,23704.54,Mala Mathur,35,Madurai,UPI,5,iPhone SE
2325,1/30/1900,1/6/1900,7/15/1905,Monday,OnePlus,8,59332.67,Rajesh Shah,30,Lucknow,Cash,3,OnePlus Nord
2326,1/30/1900,1/6/1900,7/15/1905,Monday,Apple,4,27736.14,Rajesh Yadav,39,Jodhpur,UPI,2,iPhone SE
2327,12/31/1899,1/7/1900,7/15/1905,Tuesday,Samsung,8,52321.76,Kavita Goyal,31,Ranchi,Credit Card,2,Galaxy Note 20
2328,12/31/1899,1/7/1900,7/15/1905,Tuesday,Samsung,1,40792.94,Priya Reddy,28,Mumbai,Debit Card,4,Galaxy S21
2329,12/31/1899,1/7/1900,7/15/1905,Tuesday,OnePlus,3,45153.86,Ravi Gupta,56,Mumbai,Cash,4,OnePlus 8T
2330,1/1/1900,1/7/1900,7/15/1905,Wednesday,Vivo,6,20776.52,Sunil Gupta,39,Delhi,Cash,5,Vivo Y51
2331,1/1/1900,1/7/1900,7/15/1905,Wednesday,Apple,9,54101.39,Prashant Das,53,Ranchi,Credit Card,2,iPhone 12
2332,1/1/1900,1/7/1900,7/15/1905,Wednesday,Xiaomi,2,21317.23,Nikhil Patel,34,Ranchi,Cash,2,Redmi 9
2333,1/2/1900,1/7/1900,7/15/1905,Thursday,OnePlus,1,16808.42,Priya Prasad,49,Indore,UPI,5,OnePlus 9
2334,1/2/1900,1/7/1900,7/15/1905,Thursday,Xiaomi,3,42800.77,Sachin Joshi,31,Delhi,Credit Card,2,Redmi 9
2335,1/2/1900,1/7/1900,7/15/1905,Thursday,OnePlus,4,52557.83,Priya Dutta,59,Gorakhpur,Credit Card,2,OnePlus 8T
2336,1/2/1900,1/7/1900,7/15/1905,Thursday,Vivo,5,13002.15,Monika Bhatnagar,46,Ranchi,Cash,4,Vivo V20
2337,1/3/1900,1/7/1900,7/15/1905,Friday,Vivo,3,14163.72,Ravi Thakur,23,Lucknow,Credit Card,4,Vivo V20
2338,1/3/1900,1/7/1900,7/15/1905,Friday,Vivo,2,58160.75,Krishna Rao,21,Delhi,Debit Card,5,Vivo S1
2339,1/3/1900,1/7/1900,7/15/1905,Friday,Vivo,2,58541.96,Ramesh Jain,28,Delhi,UPI,2,Vivo V20
2340,1/4/1900,1/7/1900,7/15/1905,Saturday,Samsung,7,24718.28,Kiran Siddiqui,57,Delhi,Credit Card,4,Galaxy Note 20
2341,1/4/1900,1/7/1900,7/15/1905,Saturday,Samsung,9,46913.69,Tapan Chatterjee,27,Hyderabad,Debit Card,2,Galaxy S21
2342,1/4/1900,1/7/1900,7/15/1905,Saturday,Apple,2,36590.8,Amit Joshi,45,Bangalore,Cash,5,iPhone 12
2343,1/5/1900,1/7/1900,7/15/1905,Sunday,Xiaomi,7,47961.76,Tapan Mishra,28,Indore,Credit Card,3,Mi 11
2344,1/5/1900,1/7/1900,7/15/1905,Sunday,OnePlus,7,61772.76,Reena Goyal,52,Delhi,Debit Card,2,OnePlus Nord
2345,1/5/1900,1/7/1900,7/15/1905,Sunday,OnePlus,7,14791.39,Kunal Shah,32,Gorakhpur,Cash,2,OnePlus 9
2346,1/5/1900,1/7/1900,7/15/1905,Sunday,Samsung,3,56679.07,Krishna Goyal,25,Jodhpur,Debit Card,5,Galaxy A51
2347,1/6/1900,1/7/1900,7/15/1905,Monday,OnePlus,7,39581.75,Anand Joshi,37,Ludhiana,Cash,3,OnePlus 9
2348,1/6/1900,1/7/1900,7/15/1905,Monday,Samsung,1,43847.62,Amit Ghosh,38,Ranchi,UPI,4,Galaxy Note 20
2349,1/6/1900,1/7/1900,7/15/1905,Monday,Apple,1,49235.88,Bhavana Bhatnagar,18,Delhi,Credit Card,2,iPhone SE
2350,1/6/1900,1/7/1900,7/15/1905,Monday,Xiaomi,5,65357.39,Krishna Rawat,46,Delhi,UPI,5,Redmi Note 10
2351,1/7/1900,1/7/1900,7/15/1905,Tuesday,Apple,2,13403.2,Nikhil Yadav,41,Delhi,UPI,2,iPhone SE
2352,1/7/1900,1/7/1900,7/15/1905,Tuesday,Vivo,9,11768.58,Ravi Prasad,47,Coimbatore,Credit Card,3,Vivo V20
2353,1/7/1900,1/7/1900,7/15/1905,Tuesday,Vivo,7,20695.71,Anita Srivastava,57,Delhi,UPI,3,Vivo Y51
2354,1/8/1900,1/7/1900,7/15/1905,Wednesday,Vivo,4,69186.86,Monika Nambiar,52,Rajkot,UPI,2,Vivo Y51
2355,1/8/1900,1/7/1900,7/15/1905,Wednesday,Apple,4,52904.58,Monika Solanki,50,Mumbai,Debit Card,2,iPhone 12
2356,1/8/1900,1/7/1900,7/15/1905,Wednesday,OnePlus,2,46878.47,Sunita Sharma,37,Patna,Cash,2,OnePlus 9
2357,1/9/1900,1/7/1900,7/15/1905,Thursday,Xiaomi,5,12822.34,Anjali Desai,33,Jodhpur,UPI,3,Redmi 9
2358,1/9/1900,1/7/1900,7/15/1905,Thursday,Vivo,4,62746.61,Ayesha Dutta,26,Kanpur,Credit Card,2,Vivo V20
2359,1/9/1900,1/7/1900,7/15/1905,Thursday,Vivo,1,58765.41,Manoj Thakur,48,Bangalore,Debit Card,4,Vivo S1
2360,1/10/1900,1/7/1900,7/15/1905,Friday,Vivo,8,49888,Monika Goyal,34,Delhi,Cash,3,Vivo V20
2361,1/10/1900,1/7/1900,7/15/1905,Friday,Xiaomi,3,30347.85,Priyanka Ghosh,48,Mumbai,UPI,2,Mi 11
2362,1/10/1900,1/7/1900,7/15/1905,Friday,Vivo,6,14230.3,Pankaj Mehta,40,Vadodara,UPI,2,Vivo S1
2363,1/10/1900,1/7/1900,7/15/1905,Friday,Xiaomi,4,44802.31,Tanuja Dutta,23,Kanpur,Credit Card,2,Redmi 9
2364,1/11/1900,1/7/1900,7/15/1905,Saturday,Vivo,9,53181.67,Kiran Pathak,47,Jodhpur,UPI,2,Vivo Y51
2365,1/11/1900,1/7/1900,7/15/1905,Saturday,Apple,7,15654.42,Priya Varma,24,Kolkata,Credit Card,3,iPhone SE
2366,1/11/1900,1/7/1900,7/15/1905,Saturday,Apple,9,48026.06,Arun Sheth,57,Madurai,UPI,2,iPhone 11
2367,1/11/1900,1/7/1900,7/15/1905,Saturday,Xiaomi,3,27181.96,Vinod Joshi,59,Mumbai,UPI,3,Mi 11
2368,1/12/1900,1/7/1900,7/15/1905,Sunday,Apple,1,55854.65,Vivek Mehta,28,Hyderabad,Credit Card,2,iPhone 11
2369,1/12/1900,1/7/1900,7/15/1905,Sunday,Xiaomi,5,42376.95,Sanjay Jain,51,Mumbai,Cash,4,Redmi Note 10
2370,1/12/1900,1/7/1900,7/15/1905,Sunday,Apple,3,17742.21,Kiran Chaudhary,29,Jodhpur,Debit Card,4,iPhone 11
2371,1/12/1900,1/7/1900,7/15/1905,Sunday,Apple,6,41591.17,Jyoti Rawat,44,Lucknow,Credit Card,4,iPhone SE
2372,1/13/1900,1/7/1900,7/15/1905,Monday,Xiaomi,8,33744.21,Monika Rawat,29,Ranchi,Cash,2,Redmi Note 10
2373,1/13/1900,1/7/1900,7/15/1905,Monday,OnePlus,4,20821.36,Bina Solanki,30,Delhi,Cash,2,OnePlus 8T
2374,1/13/1900,1/7/1900,7/15/1905,Monday,Apple,5,60490.94,Lalita Patel,25,Mumbai,Credit Card,2,iPhone 11
2375,1/13/1900,1/7/1900,7/15/1905,Monday,Vivo,5,10661.71,Krishna Nambiar,33,Jodhpur,Debit Card,3,Vivo Y51
2376,1/14/1900,1/7/1900,7/15/1905,Tuesday,OnePlus,4,28727.7,Nikhil Reddy,46,Mumbai,Credit Card,4,OnePlus Nord
2377,1/14/1900,1/7/1900,7/15/1905,Tuesday,Xiaomi,4,10755.7,Harish Kaur,52,Kanpur,UPI,3,Redmi Note 10
2378,1/14/1900,1/7/1900,7/15/1905,Tuesday,OnePlus,4,15760.42,Meena Desai,46,Mumbai,UPI,2,OnePlus 9
2379,1/15/1900,1/7/1900,7/15/1905,Wednesday,Samsung,4,27825.77,Aditya Prasad,48,Mumbai,Cash,5,Galaxy S21
2380,1/15/1900,1/7/1900,7/15/1905,Wednesday,Samsung,4,13256.27,Pooja Srivastava,30,Indore,UPI,5,Galaxy A51
2381,1/15/1900,1/7/1900,7/15/1905,Wednesday,Apple,5,45797.83,Amit Srivastava,29,Mumbai,Debit Card,2,iPhone 11
2382,1/15/1900,1/7/1900,7/15/1905,Wednesday,Apple,2,15211.77,Meena Roy,19,Madurai,Credit Card,2,iPhone 12
2383,1/16/1900,1/7/1900,7/15/1905,Thursday,Vivo,2,52102.82,Amit Rathod,50,Ludhiana,Debit Card,3,Vivo Y51
2384,1/16/1900,1/7/1900,7/15/1905,Thursday,OnePlus,9,13158.53,Devendra Menon,25,Delhi,Cash,2,OnePlus Nord
2385,1/16/1900,1/7/1900,7/15/1905,Thursday,Samsung,2,13558.53,Sunita Thakur,58,Mumbai,UPI,2,Galaxy S21
2386,1/16/1900,1/7/1900,7/15/1905,Thursday,Apple,6,28319.55,Sneha Prasad,57,Mumbai,UPI,5,iPhone SE
2387,1/17/1900,1/7/1900,7/15/1905,Friday,OnePlus,2,63794.29,Ramesh Solanki,58,Ranchi,Credit Card,4,OnePlus 9
2388,1/17/1900,1/7/1900,7/15/1905,Friday,Apple,5,48483.59,Anjali Desai,49,Kolkata,Debit Card,4,iPhone 12
2389,1/17/1900,1/7/1900,7/15/1905,Friday,Apple,4,56207.88,Namita Siddiqui,55,Delhi,Debit Card,2,iPhone 11
2390,1/17/1900,1/7/1900,7/15/1905,Friday,Samsung,7,18493.13,Ravi Kumar,45,Bhopal,Credit Card,2,Galaxy A51
2391,1/18/1900,1/7/1900,7/15/1905,Saturday,Samsung,7,60047.53,Kavita Kumar,32,Rajkot,UPI,2,Galaxy S21
2392,1/18/1900,1/7/1900,7/15/1905,Saturday,Apple,6,10488.77,Vinod Dutta,40,Delhi,Cash,5,iPhone 12
2393,1/18/1900,1/7/1900,7/15/1905,Saturday,Xiaomi,5,22783.44,Namita Goyal,41,Delhi,Cash,2,Redmi 9
2394,1/18/1900,1/7/1900,7/15/1905,Saturday,Apple,1,46965.54,Kiran Rathod,30,Rajkot,Credit Card,2,iPhone 11
2395,1/19/1900,1/7/1900,7/15/1905,Sunday,Apple,3,32514.78,Priyanka Teja,38,Coimbatore,Credit Card,5,iPhone SE
2396,1/19/1900,1/7/1900,7/15/1905,Sunday,Vivo,9,69051.6,Sunil Menon,29,Ranchi,Credit Card,3,Vivo V20
2397,1/19/1900,1/7/1900,7/15/1905,Sunday,Vivo,1,11820.35,Neeta Deshmukh,30,Delhi,Debit Card,2,Vivo S1
2398,1/19/1900,1/7/1900,7/15/1905,Sunday,Vivo,5,69915.89,Krishna Goyal,56,Delhi,UPI,3,Vivo Y51
2399,1/20/1900,1/7/1900,7/15/1905,Monday,Xiaomi,2,47417.67,Anjali Roy,40,Bangalore,UPI,4,Mi 11
2400,1/20/1900,1/7/1900,7/15/1905,Monday,Xiaomi,4,43522.42,Lata Reddy,45,Delhi,Credit Card,4,Mi 11
2401,1/20/1900,1/7/1900,7/15/1905,Monday,Apple,1,13570.75,Lata Chatterjee,31,Ranchi,Cash,5,iPhone 11
2402,1/21/1900,1/7/1900,7/15/1905,Tuesday,Vivo,3,26399.73,Shruti Shah,34,Delhi,Debit Card,2,Vivo Y51
2403,1/21/1900,1/7/1900,7/15/1905,Tuesday,Xiaomi,7,65479.76,Kiran Joshi,41,Chennai,Credit Card,5,Mi 11
2404,1/21/1900,1/7/1900,7/15/1905,Tuesday,Samsung,3,31254.76,Priya Prasad,51,Gorakhpur,Debit Card,2,Galaxy Note 20
2405,1/22/1900,1/7/1900,7/15/1905,Wednesday,Apple,4,49699.19,Bina Joshi,39,Kolkata,Credit Card,4,iPhone 12
2406,1/22/1900,1/7/1900,7/15/1905,Wednesday,OnePlus,2,69969.78,Rajesh Mishra,27,Madurai,Debit Card,5,OnePlus Nord
2407,1/22/1900,1/7/1900,7/15/1905,Wednesday,Apple,3,25784.18,Namita Das,25,Coimbatore,Cash,5,iPhone 11
2408,1/22/1900,1/7/1900,7/15/1905,Wednesday,OnePlus,9,44564.85,Sachin Kaur,38,Hyderabad,Cash,2,OnePlus Nord
2409,1/23/1900,1/7/1900,7/15/1905,Thursday,Vivo,3,51786.27,Devendra Singh,54,Delhi,Cash,4,Vivo S1
2410,1/23/1900,1/7/1900,7/15/1905,Thursday,OnePlus,5,19877.63,Deepika Iyer,24,Delhi,Cash,4,OnePlus 9
2411,1/23/1900,1/7/1900,7/15/1905,Thursday,Vivo,2,18920.35,Pankaj Pathak,43,Mumbai,UPI,2,Vivo S1
2412,1/24/1900,1/7/1900,7/15/1905,Friday,Samsung,4,37378.47,Sunil Siddiqui,30,Bhopal,UPI,2,Galaxy A51
2413,1/24/1900,1/7/1900,7/15/1905,Friday,OnePlus,7,33148.75,Namita Roy,33,Lucknow,Debit Card,2,OnePlus 8T
2414,1/24/1900,1/7/1900,7/15/1905,Friday,Apple,7,52852.93,Navin Chaudhary,47,Indore,Credit Card,4,iPhone 11
2415,1/24/1900,1/7/1900,7/15/1905,Friday,Vivo,3,14170.53,Sunita Iyer,48,Delhi,UPI,4,Vivo S1
2416,1/25/1900,1/7/1900,7/15/1905,Saturday,Apple,5,68330,Kavita Mehta,22,Mumbai,Credit Card,5,iPhone 11
2417,1/25/1900,1/7/1900,7/15/1905,Saturday,Xiaomi,1,10856.62,Harish Goyal,49,Bhopal,Debit Card,4,Redmi Note 10
2418,1/25/1900,1/7/1900,7/15/1905,Saturday,Vivo,1,46079.01,Sachin Shah,33,Hyderabad,Credit Card,3,Vivo S1
2419,1/25/1900,1/7/1900,7/15/1905,Saturday,OnePlus,5,43757.96,Sumit Nambiar,26,Kanpur,Cash,3,OnePlus Nord
2420,1/26/1900,1/7/1900,7/15/1905,Sunday,Vivo,9,18082.94,Amit Patel,39,Hyderabad,Cash,2,Vivo V20
2421,1/26/1900,1/7/1900,7/15/1905,Sunday,Apple,1,19054.96,Vijay Bhattacharya,57,Chennai,UPI,2,iPhone 12
2422,1/26/1900,1/7/1900,7/15/1905,Sunday,Samsung,1,57560.65,Monika Deshmukh,54,Indore,Debit Card,2,Galaxy S21
2423,1/27/1900,1/7/1900,7/15/1905,Monday,Vivo,4,63253.75,Vinod Kaur,31,Patna,UPI,5,Vivo V20
2424,1/27/1900,1/7/1900,7/15/1905,Monday,OnePlus,4,26981.02,Namita Varma,33,Ranchi,UPI,3,OnePlus Nord
2425,1/27/1900,1/7/1900,7/15/1905,Monday,Xiaomi,2,36277.84,Pankaj Shah,37,Delhi,UPI,3,Mi 11
2426,1/28/1900,1/7/1900,7/15/1905,Tuesday,Samsung,9,31299.7,Lalita Rao,32,Delhi,Debit Card,4,Galaxy Note 20
2427,1/28/1900,1/7/1900,7/15/1905,Tuesday,Xiaomi,9,14352.82,Jyoti Alva,43,Mumbai,Cash,3,Mi 11
2428,1/28/1900,1/7/1900,7/15/1905,Tuesday,Vivo,2,50392.25,Jyoti Pillai,26,Mumbai,Cash,4,Vivo Y51
2429,1/28/1900,1/7/1900,7/15/1905,Tuesday,Apple,9,59511.58,Sneha Ghosh,18,Ranchi,UPI,5,iPhone 12
2430,1/29/1900,1/7/1900,7/15/1905,Wednesday,Apple,6,28292.76,Ayesha Bhattacharya,52,Kanpur,Credit Card,2,iPhone 11
2431,1/29/1900,1/7/1900,7/15/1905,Wednesday,OnePlus,8,69410.55,Pankaj Bhattacharya,37,Mumbai,Cash,2,OnePlus 8T
2432,1/29/1900,1/7/1900,7/15/1905,Wednesday,Apple,4,14551.09,Sanjay Mehta,23,Jodhpur,Cash,4,iPhone SE
2433,1/29/1900,1/7/1900,7/15/1905,Wednesday,Samsung,2,49707.44,Lalita Rao,59,Coimbatore,Debit Card,5,Galaxy A51
2434,1/30/1900,1/7/1900,7/15/1905,Thursday,Apple,2,36893.68,Devendra Varma,27,Kanpur,Cash,4,iPhone 11
2435,1/30/1900,1/7/1900,7/15/1905,Thursday,OnePlus,9,36796.11,Shruti Shah,50,Vadodara,Cash,5,OnePlus 9
2436,1/30/1900,1/7/1900,7/15/1905,Thursday,Vivo,1,37458.74,Tapan Varma,33,Delhi,UPI,3,Vivo Y51
2437,1/30/1900,1/7/1900,7/15/1905,Thursday,Vivo,7,25520.91,Manoj Iyer,53,Madurai,UPI,4,Vivo V20
2438,12/31/1899,1/8/1900,7/15/1905,Friday,Apple,3,52933.77,Kavita Desai,23,Mumbai,Debit Card,5,iPhone SE
2439,12/31/1899,1/8/1900,7/15/1905,Friday,Xiaomi,3,53294.59,Meena Srivastava,36,Delhi,Debit Card,2,Redmi Note 10
2440,12/31/1899,1/8/1900,7/15/1905,Friday,Vivo,2,26943.83,Jyoti Bhattacharya,48,Delhi,Credit Card,5,Vivo Y51
2441,1/1/1900,1/8/1900,7/15/1905,Saturday,Apple,6,60118.39,Amit Sheth,19,Indore,Cash,5,iPhone SE
2442,1/1/1900,1/8/1900,7/15/1905,Saturday,OnePlus,2,29010.7,Prashant Rathod,35,Mumbai,UPI,4,OnePlus 8T
2443,1/1/1900,1/8/1900,7/15/1905,Saturday,Apple,4,53505.59,Anjali Rao,59,Chennai,UPI,3,iPhone 11
2444,1/1/1900,1/8/1900,7/15/1905,Saturday,Vivo,9,17259.99,Prashant Rathod,45,Delhi,Cash,4,Vivo V20
2445,1/2/1900,1/8/1900,7/15/1905,Sunday,OnePlus,9,20122.1,Lata Rawat,21,Jodhpur,Debit Card,5,OnePlus 8T
2446,1/2/1900,1/8/1900,7/15/1905,Sunday,Apple,6,28947.74,Lata Dutta,18,Ranchi,UPI,5,iPhone 11
2447,1/2/1900,1/8/1900,7/15/1905,Sunday,Samsung,4,45632.43,Arun Kumar,59,Madurai,Debit Card,2,Galaxy A51
2448,1/2/1900,1/8/1900,7/15/1905,Sunday,OnePlus,7,48730.69,Sumit Joshi,33,Indore,UPI,3,OnePlus 9
2449,1/3/1900,1/8/1900,7/15/1905,Monday,Samsung,1,33781.37,Namita Sheth,19,Bangalore,UPI,3,Galaxy S21
2450,1/3/1900,1/8/1900,7/15/1905,Monday,Xiaomi,4,14670.35,Isha Dutta,53,Chennai,Credit Card,5,Redmi 9
2451,1/3/1900,1/8/1900,7/15/1905,Monday,OnePlus,5,32418.08,Vinod Nair,18,Ranchi,UPI,5,OnePlus Nord
2452,1/3/1900,1/8/1900,7/15/1905,Monday,Samsung,8,51326.05,Namita Kapoor,56,Mumbai,Cash,4,Galaxy S21
2453,1/4/1900,1/8/1900,7/15/1905,Tuesday,Vivo,2,50259.73,Kavita Kaur,40,Chennai,Cash,4,Vivo S1
2454,1/4/1900,1/8/1900,7/15/1905,Tuesday,Vivo,5,19611.78,Ramesh Joshi,43,Indore,Cash,2,Vivo V20
2455,1/4/1900,1/8/1900,7/15/1905,Tuesday,Xiaomi,6,10467.04,Reena Bhattacharya,28,Ludhiana,Debit Card,5,Redmi 9
2456,1/5/1900,1/8/1900,7/15/1905,Wednesday,OnePlus,5,55178.9,Shruti Shah,59,Delhi,UPI,4,OnePlus 9
2457,1/5/1900,1/8/1900,7/15/1905,Wednesday,OnePlus,9,16382.09,Lalita Thakur,18,Delhi,Debit Card,2,OnePlus 9
2458,1/5/1900,1/8/1900,7/15/1905,Wednesday,OnePlus,1,14940.95,Sachin Shah,28,Ranchi,Credit Card,3,OnePlus Nord
2459,1/5/1900,1/8/1900,7/15/1905,Wednesday,Xiaomi,3,10162.07,Pooja Kaur,41,Delhi,UPI,5,Mi 11
2460,1/6/1900,1/8/1900,7/15/1905,Thursday,OnePlus,2,35956.08,Bhavana Yadav,27,Delhi,Cash,5,OnePlus 8T
2461,1/6/1900,1/8/1900,7/15/1905,Thursday,Vivo,3,40195.83,Gita Rathod,31,Hyderabad,Credit Card,5,Vivo S1
2462,1/6/1900,1/8/1900,7/15/1905,Thursday,Samsung,9,48259.84,Kiran Pathak,31,Madurai,Credit Card,4,Galaxy S21
2463,1/6/1900,1/8/1900,7/15/1905,Thursday,Vivo,9,27763.83,Sanjay Malhotra,24,Mumbai,UPI,5,Vivo S1
2464,1/7/1900,1/8/1900,7/15/1905,Friday,Vivo,2,52625.48,Sachin Goyal,40,Hyderabad,Cash,5,Vivo Y51
2465,1/7/1900,1/8/1900,7/15/1905,Friday,Samsung,3,20159.91,Deepika Malhotra,39,Patna,Debit Card,5,Galaxy S21
2466,1/7/1900,1/8/1900,7/15/1905,Friday,Vivo,4,59919.4,Sunil Rao,53,Delhi,UPI,4,Vivo V20
2467,1/8/1900,1/8/1900,7/15/1905,Saturday,Xiaomi,9,44310.9,Isha Luthra,44,Delhi,Cash,3,Redmi Note 10
2468,1/8/1900,1/8/1900,7/15/1905,Saturday,Samsung,3,45033.39,Umesh Chaudhary,19,Mumbai,Credit Card,4,Galaxy Note 20
2469,1/8/1900,1/8/1900,7/15/1905,Saturday,Vivo,7,22586.52,Vinod Kaur,56,Indore,UPI,2,Vivo Y51
2470,1/8/1900,1/8/1900,7/15/1905,Saturday,Apple,3,14446.52,Sumit Solanki,36,Delhi,Credit Card,4,iPhone 12
2471,1/9/1900,1/8/1900,7/15/1905,Sunday,Vivo,7,37883.49,Radha Kumar,24,Madurai,Cash,2,Vivo V20
2472,1/9/1900,1/8/1900,7/15/1905,Sunday,Xiaomi,7,46936.72,Nikhil Deshmukh,29,Mumbai,Debit Card,5,Mi 11
2473,1/9/1900,1/8/1900,7/15/1905,Sunday,OnePlus,9,15702.79,Gita Mehta,20,Kanpur,Debit Card,2,OnePlus 8T
2474,1/9/1900,1/8/1900,7/15/1905,Sunday,Vivo,2,67032.07,Jyoti Kumar,22,Mumbai,Credit Card,5,Vivo V20
2475,1/10/1900,1/8/1900,7/15/1905,Monday,OnePlus,6,68824.86,Lata Kaur,25,Delhi,Credit Card,2,OnePlus Nord
2476,1/10/1900,1/8/1900,7/15/1905,Monday,Apple,9,42727.4,Isha Yadav,31,Hyderabad,Credit Card,4,iPhone SE
2477,1/10/1900,1/8/1900,7/15/1905,Monday,Vivo,2,67004.15,Namita Srivastava,53,Delhi,UPI,5,Vivo S1
2478,1/11/1900,1/8/1900,7/15/1905,Tuesday,Samsung,2,20766.71,Isha Menon,24,Delhi,Cash,5,Galaxy Note 20
2479,1/11/1900,1/8/1900,7/15/1905,Tuesday,OnePlus,5,11525.24,Sumit Alva,24,Rajkot,Credit Card,2,OnePlus Nord
2480,1/11/1900,1/8/1900,7/15/1905,Tuesday,Apple,8,12364.57,Lata Bhattacharya,49,Jodhpur,Credit Card,5,iPhone SE
2481,1/11/1900,1/8/1900,7/15/1905,Tuesday,Samsung,9,45250.75,Shruti Chaudhary,25,Mumbai,Credit Card,2,Galaxy Note 20
2482,1/12/1900,1/8/1900,7/15/1905,Wednesday,Samsung,2,13698.51,Rohan Mishra,29,Kolkata,Debit Card,2,Galaxy A51
2483,1/12/1900,1/8/1900,7/15/1905,Wednesday,Samsung,5,67512.74,Radha Kulkarni,27,Ranchi,Credit Card,2,Galaxy S21
2484,1/12/1900,1/8/1900,7/15/1905,Wednesday,Samsung,7,18515.99,Amit Sheth,31,Mumbai,Cash,4,Galaxy Note 20
2485,1/13/1900,1/8/1900,7/15/1905,Thursday,Vivo,6,28283.37,Vijay Mishra,26,Mumbai,Debit Card,2,Vivo V20
2486,1/13/1900,1/8/1900,7/15/1905,Thursday,Vivo,6,59351.07,Pankaj Nambiar,55,Gorakhpur,Cash,5,Vivo S1
2487,1/13/1900,1/8/1900,7/15/1905,Thursday,Vivo,7,23124.42,Jyoti Jain,47,Bangalore,Debit Card,2,Vivo V20
2488,1/14/1900,1/8/1900,7/15/1905,Friday,Apple,3,24578.11,Krishna Mehta,22,Gorakhpur,Debit Card,3,iPhone 11
2489,1/14/1900,1/8/1900,7/15/1905,Friday,Apple,3,48538.54,Lalita Thakur,18,Rajkot,UPI,5,iPhone SE
2490,1/14/1900,1/8/1900,7/15/1905,Friday,Apple,9,26565.17,Anita Shah,18,Gorakhpur,Debit Card,4,iPhone 11
2491,1/14/1900,1/8/1900,7/15/1905,Friday,Xiaomi,8,23046.86,Anjali Roy,37,Mumbai,Debit Card,3,Redmi 9
2492,1/15/1900,1/8/1900,7/15/1905,Saturday,Apple,5,25250.66,Jyoti Reddy,28,Mumbai,Cash,3,iPhone 11
2493,1/15/1900,1/8/1900,7/15/1905,Saturday,Vivo,6,39438.85,Tanuja Goyal,43,Kanpur,Cash,5,Vivo Y51
2494,1/15/1900,1/8/1900,7/15/1905,Saturday,Vivo,1,67965.99,Anand Kapoor,20,Kolkata,Credit Card,5,Vivo V20
2495,1/15/1900,1/8/1900,7/15/1905,Saturday,Xiaomi,1,59934.28,Umesh Ghosh,23,Gorakhpur,UPI,4,Mi 11
2496,1/16/1900,1/8/1900,7/15/1905,Sunday,Xiaomi,4,27076.62,Meena Menon,28,Delhi,Debit Card,4,Mi 11
2497,1/16/1900,1/8/1900,7/15/1905,Sunday,Apple,2,31802.39,Ayesha Solanki,25,Kolkata,UPI,5,iPhone 12
2498,1/16/1900,1/8/1900,7/15/1905,Sunday,OnePlus,7,37870.74,Sachin Kulkarni,46,Kolkata,Credit Card,2,OnePlus Nord
2499,1/16/1900,1/8/1900,7/15/1905,Sunday,Xiaomi,2,68735.78,Vivek Srivastava,27,Vadodara,UPI,4,Redmi 9
2500,1/17/1900,1/8/1900,7/15/1905,Monday,Samsung,2,20343.43,Sanjay Jain,51,Chennai,Debit Card,4,Galaxy Note 20
2501,1/17/1900,1/8/1900,7/15/1905,Monday,Vivo,5,31448.99,Anjali Thakur,41,Delhi,Cash,2,Vivo V20
2502,1/17/1900,1/8/1900,7/15/1905,Monday,Samsung,4,53765.57,Bina Roy,34,Delhi,UPI,5,Galaxy A51
2503,1/17/1900,1/8/1900,7/15/1905,Monday,Vivo,8,67836.62,Sachin Malhotra,49,Jodhpur,Debit Card,5,Vivo V20
2504,1/18/1900,1/8/1900,7/15/1905,Tuesday,Vivo,4,19340.51,Prashant Deshmukh,28,Kanpur,Credit Card,5,Vivo Y51
2505,1/18/1900,1/8/1900,7/15/1905,Tuesday,Xiaomi,6,23642.8,Deepika Deshmukh,51,Mumbai,Debit Card,2,Redmi Note 10
2506,1/18/1900,1/8/1900,7/15/1905,Tuesday,Xiaomi,5,23541.68,Ravi Prasad,41,Delhi,UPI,5,Mi 11
2507,1/19/1900,1/8/1900,7/15/1905,Wednesday,Samsung,2,11255.92,Sachin Malhotra,22,Gorakhpur,Debit Card,5,Galaxy A51
2508,1/19/1900,1/8/1900,7/15/1905,Wednesday,Vivo,8,46246.94,Vinod Goyal,46,Rajkot,Debit Card,5,Vivo S1
2509,1/19/1900,1/8/1900,7/15/1905,Wednesday,Samsung,2,50242.18,Arun Kaur,51,Ludhiana,UPI,5,Galaxy A51
2510,1/19/1900,1/8/1900,7/15/1905,Wednesday,OnePlus,9,46151.55,Priya Siddiqui,33,Lucknow,UPI,2,OnePlus Nord
2511,1/20/1900,1/8/1900,7/15/1905,Thursday,Samsung,9,14279.38,Neeta Singh,42,Mumbai,Credit Card,5,Galaxy S21
2512,1/20/1900,1/8/1900,7/15/1905,Thursday,Apple,3,14153.81,Isha Menon,54,Delhi,Debit Card,5,iPhone 12
2513,1/20/1900,1/8/1900,7/15/1905,Thursday,Samsung,4,22623.19,Sachin Ghosh,25,Gorakhpur,Cash,3,Galaxy S21
2514,1/21/1900,1/8/1900,7/15/1905,Friday,Apple,8,27417.67,Rohan Mishra,46,Mumbai,UPI,4,iPhone 11
2515,1/21/1900,1/8/1900,7/15/1905,Friday,Apple,9,57192.62,Ravi Patel,42,Ranchi,Debit Card,5,iPhone SE
2516,1/21/1900,1/8/1900,7/15/1905,Friday,Apple,3,19563.42,Ayesha Ghosh,59,Ranchi,Cash,3,iPhone SE
2517,1/21/1900,1/8/1900,7/15/1905,Friday,OnePlus,5,12645.53,Isha Nair,40,Mumbai,Cash,2,OnePlus Nord
2518,1/22/1900,1/8/1900,7/15/1905,Saturday,Samsung,8,33639.25,Lalita Ahuja,51,Delhi,Debit Card,3,Galaxy S21
2519,1/22/1900,1/8/1900,7/15/1905,Saturday,Samsung,3,34983.53,Anita Dutta,20,Hyderabad,Debit Card,5,Galaxy S21
2520,1/22/1900,1/8/1900,7/15/1905,Saturday,OnePlus,7,37054.44,Deepika Reddy,47,Delhi,Debit Card,2,OnePlus Nord
2521,1/22/1900,1/8/1900,7/15/1905,Saturday,Vivo,8,59614.21,Ramesh Das,51,Mumbai,Cash,3,Vivo Y51
2522,1/23/1900,1/8/1900,7/15/1905,Sunday,Xiaomi,3,15880.32,Ramesh Mishra,49,Delhi,Debit Card,5,Redmi Note 10
2523,1/23/1900,1/8/1900,7/15/1905,Sunday,Samsung,2,52236.52,Nikhil Yadav,46,Bhopal,UPI,2,Galaxy A51
2524,1/23/1900,1/8/1900,7/15/1905,Sunday,Xiaomi,7,30276.73,Lalita Luthra,26,Ranchi,Cash,2,Redmi 9
2525,1/23/1900,1/8/1900,7/15/1905,Sunday,OnePlus,9,28598.81,Mala Pillai,19,Mumbai,UPI,4,OnePlus Nord
2526,1/24/1900,1/8/1900,7/15/1905,Monday,Vivo,1,65952.59,Jyoti Ahuja,56,Mumbai,UPI,5,Vivo Y51
2527,1/24/1900,1/8/1900,7/15/1905,Monday,Vivo,3,24908.11,Ravi Malhotra,24,Delhi,Debit Card,4,Vivo S1
2528,1/24/1900,1/8/1900,7/15/1905,Monday,Vivo,5,48551.91,Pankaj Teja,22,Bhopal,UPI,2,Vivo V20
2529,1/25/1900,1/8/1900,7/15/1905,Tuesday,OnePlus,3,26507.67,Nikhil Rathod,25,Gorakhpur,Debit Card,2,OnePlus 8T
2530,1/25/1900,1/8/1900,7/15/1905,Tuesday,Apple,1,40428.63,Neeta Singh,49,Ranchi,Cash,3,iPhone 11
2531,1/25/1900,1/8/1900,7/15/1905,Tuesday,Apple,7,57177.57,Yogesh Ahuja,35,Bangalore,UPI,4,iPhone SE
2532,1/25/1900,1/8/1900,7/15/1905,Tuesday,Xiaomi,7,62903.35,Pooja Menon,55,Bangalore,Debit Card,5,Redmi Note 10
2533,1/26/1900,1/8/1900,7/15/1905,Wednesday,Apple,8,60321.83,Radha Sheth,35,Delhi,Credit Card,5,iPhone 12
2534,1/26/1900,1/8/1900,7/15/1905,Wednesday,Apple,5,44930.84,Tapan Bhattacharya,58,Delhi,Debit Card,4,iPhone SE
2535,1/26/1900,1/8/1900,7/15/1905,Wednesday,Vivo,5,24928.98,Pooja Deshmukh,33,Rajkot,Credit Card,2,Vivo S1
2536,1/26/1900,1/8/1900,7/15/1905,Wednesday,Vivo,5,49674,Namita Rao,38,Rajkot,Debit Card,3,Vivo V20
2537,1/27/1900,1/8/1900,7/15/1905,Thursday,Xiaomi,1,52594.3,Kavita Kaur,27,Delhi,Credit Card,5,Mi 11
2538,1/27/1900,1/8/1900,7/15/1905,Thursday,Samsung,5,10641.52,Neeta Pillai,59,Mumbai,UPI,5,Galaxy Note 20
2539,1/27/1900,1/8/1900,7/15/1905,Thursday,Xiaomi,6,36352.63,Namita Rao,21,Hyderabad,Credit Card,3,Redmi 9
2540,1/27/1900,1/8/1900,7/15/1905,Thursday,Xiaomi,1,60595.72,Yogesh Dutta,25,Delhi,UPI,2,Redmi 9
2541,1/28/1900,1/8/1900,7/15/1905,Friday,OnePlus,7,39375.26,Aditya Siddiqui,36,Bangalore,UPI,5,OnePlus 9
2542,1/28/1900,1/8/1900,7/15/1905,Friday,OnePlus,1,28682.53,Isha Thakur,57,Bangalore,Debit Card,3,OnePlus 9
2543,1/28/1900,1/8/1900,7/15/1905,Friday,Xiaomi,2,62307.87,Ravi Kumar,57,Hyderabad,UPI,5,Redmi Note 10
2544,1/28/1900,1/8/1900,7/15/1905,Friday,Xiaomi,2,19352.84,Shruti Menon,26,Indore,Cash,4,Redmi Note 10
2545,1/29/1900,1/8/1900,7/15/1905,Saturday,Xiaomi,5,22386.71,Harish Sharma,47,Delhi,Credit Card,5,Redmi 9
2546,1/29/1900,1/8/1900,7/15/1905,Saturday,Apple,7,51242.34,Isha Reddy,34,Delhi,Debit Card,2,iPhone SE
2547,1/29/1900,1/8/1900,7/15/1905,Saturday,OnePlus,1,31146.16,Mala Srivastava,57,Delhi,UPI,5,OnePlus 9
2548,12/31/1899,1/9/1900,7/15/1905,Sunday,Xiaomi,1,52781.01,Arun Shah,32,Delhi,Credit Card,2,Redmi 9
2549,12/31/1899,1/9/1900,7/15/1905,Sunday,Vivo,1,19462.22,Navin Malhotra,21,Mumbai,Credit Card,4,Vivo S1
2550,12/31/1899,1/9/1900,7/15/1905,Sunday,Vivo,6,25136.15,Meena Patel,23,Lucknow,Cash,5,Vivo V20
2551,12/31/1899,1/9/1900,7/15/1905,Sunday,Apple,2,19398.84,Vijay Solanki,33,Patna,Credit Card,2,iPhone 11
2552,1/1/1900,1/9/1900,7/15/1905,Monday,Apple,1,67174.62,Sanjay Malhotra,43,Ranchi,Debit Card,2,iPhone 11
2553,1/1/1900,1/9/1900,7/15/1905,Monday,Samsung,6,34324.24,Pooja Dutta,54,Vadodara,Debit Card,4,Galaxy S21
2554,1/1/1900,1/9/1900,7/15/1905,Monday,Samsung,2,30233.19,Anand Arora,40,Madurai,UPI,3,Galaxy Note 20
2555,1/2/1900,1/9/1900,7/15/1905,Tuesday,Samsung,6,10852.13,Priyanka Alva,30,Delhi,UPI,4,Galaxy A51
2556,1/2/1900,1/9/1900,7/15/1905,Tuesday,Apple,8,19205.05,Sumit Rathod,34,Mumbai,Debit Card,5,iPhone 11
2557,1/2/1900,1/9/1900,7/15/1905,Tuesday,Apple,2,35268.15,Rajesh Kulkarni,44,Delhi,Credit Card,5,iPhone 12
2558,1/3/1900,1/9/1900,7/15/1905,Wednesday,Apple,9,14110.17,Harish Solanki,39,Vadodara,Credit Card,5,iPhone 12
2559,1/3/1900,1/9/1900,7/15/1905,Wednesday,Vivo,8,40644.36,Sachin Prasad,54,Coimbatore,Cash,2,Vivo Y51
2560,1/3/1900,1/9/1900,7/15/1905,Wednesday,Apple,1,37300.93,Sneha Ghosh,36,Bangalore,UPI,5,iPhone 11
2561,1/4/1900,1/9/1900,7/15/1905,Thursday,Vivo,7,56030.09,Rajesh Kaur,56,Madurai,Credit Card,3,Vivo S1
2562,1/4/1900,1/9/1900,7/15/1905,Thursday,Samsung,6,49588.16,Ravi Reddy,52,Mumbai,Credit Card,3,Galaxy Note 20
2563,1/4/1900,1/9/1900,7/15/1905,Thursday,Samsung,6,36756.84,Manoj Patel,30,Delhi,UPI,4,Galaxy Note 20
2564,1/5/1900,1/9/1900,7/15/1905,Friday,Samsung,6,23479.64,Deepika Kulkarni,31,Chennai,Debit Card,5,Galaxy Note 20
2565,1/5/1900,1/9/1900,7/15/1905,Friday,Xiaomi,6,53611.81,Ravi Prasad,48,Delhi,Credit Card,5,Redmi 9
2566,1/5/1900,1/9/1900,7/15/1905,Friday,Xiaomi,7,52471.73,Reena Dutta,19,Delhi,Cash,5,Mi 11
2567,1/6/1900,1/9/1900,7/15/1905,Saturday,OnePlus,3,19197.77,Vinod Prasad,56,Gorakhpur,Credit Card,5,OnePlus Nord
2568,1/6/1900,1/9/1900,7/15/1905,Saturday,OnePlus,6,64885.11,Pankaj Nambiar,54,Ranchi,Credit Card,5,OnePlus Nord
2569,1/6/1900,1/9/1900,7/15/1905,Saturday,OnePlus,3,13864.31,Vivek Siddiqui,31,Kanpur,Cash,5,OnePlus 9
2570,1/7/1900,1/9/1900,7/15/1905,Sunday,Xiaomi,7,13302.26,Neeta Ahuja,26,Delhi,Debit Card,4,Redmi Note 10
2571,1/7/1900,1/9/1900,7/15/1905,Sunday,Xiaomi,7,21241.03,Gita Dutta,27,Chennai,Cash,4,Redmi 9
2572,1/7/1900,1/9/1900,7/15/1905,Sunday,OnePlus,8,64567.65,Bhavana Ghosh,24,Patna,Cash,4,OnePlus Nord
2573,1/7/1900,1/9/1900,7/15/1905,Sunday,OnePlus,2,41199.89,Monika Goyal,45,Delhi,UPI,4,OnePlus Nord
2574,1/8/1900,1/9/1900,7/15/1905,Monday,Apple,9,57276.46,Anand Kapoor,42,Patna,Credit Card,3,iPhone 12
2575,1/8/1900,1/9/1900,7/15/1905,Monday,OnePlus,5,23670.59,Sunil Rawat,45,Vadodara,Debit Card,5,OnePlus Nord
2576,1/8/1900,1/9/1900,7/15/1905,Monday,Apple,9,39413.32,Sunil Arora,19,Mumbai,Credit Card,2,iPhone 12
2577,1/9/1900,1/9/1900,7/15/1905,Tuesday,Vivo,5,31497.37,Sanjay Sheth,34,Delhi,Debit Card,5,Vivo V20
2578,1/9/1900,1/9/1900,7/15/1905,Tuesday,Xiaomi,7,59669.72,Pooja Goyal,21,Madurai,Cash,4,Redmi 9
2579,1/9/1900,1/9/1900,7/15/1905,Tuesday,OnePlus,9,11356.27,Rohan Goyal,30,Kanpur,UPI,3,OnePlus Nord
2580,1/10/1900,1/9/1900,7/15/1905,Wednesday,Xiaomi,4,24630.56,Anand Mishra,35,Delhi,Cash,3,Redmi 9
2581,1/10/1900,1/9/1900,7/15/1905,Wednesday,Xiaomi,2,19154.45,Bina Deshmukh,20,Bhopal,Credit Card,5,Redmi Note 10
2582,1/10/1900,1/9/1900,7/15/1905,Wednesday,Xiaomi,9,61551.34,Radha Sheth,54,Jodhpur,UPI,2,Mi 11
2583,1/11/1900,1/9/1900,7/15/1905,Thursday,Vivo,2,38052.63,Bhavana Malhotra,50,Mumbai,UPI,4,Vivo S1
2584,1/11/1900,1/9/1900,7/15/1905,Thursday,Samsung,3,34253.2,Vijay Singh,58,Gorakhpur,Credit Card,3,Galaxy Note 20
2585,1/11/1900,1/9/1900,7/15/1905,Thursday,OnePlus,2,36968.97,Radha Sharma,41,Kanpur,Debit Card,4,OnePlus 8T
2586,1/11/1900,1/9/1900,7/15/1905,Thursday,Samsung,3,68315.47,Priyanka Yadav,25,Bangalore,UPI,4,Galaxy Note 20
2587,1/12/1900,1/9/1900,7/15/1905,Friday,Samsung,6,61016.04,Shruti Joshi,52,Lucknow,Debit Card,4,Galaxy Note 20
2588,1/12/1900,1/9/1900,7/15/1905,Friday,Samsung,3,52382.13,Manoj Chatterjee,19,Mumbai,Debit Card,5,Galaxy Note 20
2589,1/12/1900,1/9/1900,7/15/1905,Friday,Xiaomi,8,27428.74,Arun Shah,50,Ranchi,Debit Card,4,Redmi Note 10
2590,1/12/1900,1/9/1900,7/15/1905,Friday,Apple,6,19910.38,Radha Kumar,29,Delhi,UPI,4,iPhone 12
2591,1/13/1900,1/9/1900,7/15/1905,Saturday,Xiaomi,7,65286.02,Yogesh Malhotra,39,Delhi,Cash,2,Redmi Note 10
2592,1/13/1900,1/9/1900,7/15/1905,Saturday,Xiaomi,1,35384.53,Mala Malhotra,30,Kanpur,UPI,2,Mi 11
2593,1/13/1900,1/9/1900,7/15/1905,Saturday,Samsung,3,26725.35,Priya Roy,27,Indore,Cash,5,Galaxy S21
2594,1/14/1900,1/9/1900,7/15/1905,Sunday,Xiaomi,3,38255.25,Pooja Roy,34,Madurai,UPI,5,Redmi 9
2595,1/14/1900,1/9/1900,7/15/1905,Sunday,Samsung,2,65070.85,Meena Srivastava,22,Delhi,Cash,4,Galaxy Note 20
2596,1/14/1900,1/9/1900,7/15/1905,Sunday,Apple,7,33224.04,Umesh Teja,26,Delhi,Cash,3,iPhone SE
2597,1/14/1900,1/9/1900,7/15/1905,Sunday,OnePlus,9,43758.46,Amit Patel,30,Delhi,UPI,3,OnePlus 8T
2598,1/15/1900,1/9/1900,7/15/1905,Monday,Samsung,4,58177.98,Lalita Nambiar,40,Kolkata,Debit Card,5,Galaxy Note 20
2599,1/15/1900,1/9/1900,7/15/1905,Monday,Apple,5,35627.95,Kiran Siddiqui,47,Hyderabad,Debit Card,3,iPhone 11
2600,1/15/1900,1/9/1900,7/15/1905,Monday,OnePlus,3,24012.51,Krishna Jain,21,Mumbai,Cash,3,OnePlus 8T
2601,1/16/1900,1/9/1900,7/15/1905,Tuesday,Vivo,9,69671.54,Kunal Singh,38,Chennai,Credit Card,2,Vivo S1
2602,1/16/1900,1/9/1900,7/15/1905,Tuesday,Samsung,4,67394.25,Priyanka Roy,26,Delhi,Credit Card,5,Galaxy Note 20
2603,1/16/1900,1/9/1900,7/15/1905,Tuesday,Samsung,5,60608.75,Meena Mathur,24,Kolkata,UPI,5,Galaxy Note 20
2604,1/17/1900,1/9/1900,7/15/1905,Wednesday,Vivo,1,51302.43,Kiran Siddiqui,33,Chennai,UPI,2,Vivo V20
2605,1/17/1900,1/9/1900,7/15/1905,Wednesday,Vivo,2,27691.94,Meena Malhotra,40,Coimbatore,UPI,3,Vivo Y51
2606,1/17/1900,1/9/1900,7/15/1905,Wednesday,Samsung,9,64804.78,Krishna Bhatnagar,40,Coimbatore,Credit Card,3,Galaxy Note 20
2607,1/17/1900,1/9/1900,7/15/1905,Wednesday,Vivo,2,26533.4,Prashant Sharma,48,Delhi,Debit Card,5,Vivo Y51
2608,1/18/1900,1/9/1900,7/15/1905,Thursday,Xiaomi,5,58048.57,Manoj Nambiar,22,Vadodara,UPI,3,Mi 11
2609,1/18/1900,1/9/1900,7/15/1905,Thursday,OnePlus,8,65095.49,Sumit Alva,23,Delhi,UPI,5,OnePlus 8T
2610,1/18/1900,1/9/1900,7/15/1905,Thursday,OnePlus,3,46180.23,Sunita Nair,18,Delhi,Debit Card,3,OnePlus 8T
2611,1/19/1900,1/9/1900,7/15/1905,Friday,OnePlus,6,58183.37,Bhavana Dutta,45,Jodhpur,Cash,4,OnePlus Nord
2612,1/19/1900,1/9/1900,7/15/1905,Friday,Xiaomi,4,57501.71,Bhavana Reddy,35,Delhi,UPI,2,Redmi 9
2613,1/19/1900,1/9/1900,7/15/1905,Friday,Vivo,7,21589.47,Umesh Bhattacharya,41,Mumbai,Credit Card,5,Vivo Y51
2614,1/19/1900,1/9/1900,7/15/1905,Friday,Apple,3,50075.47,Manoj Dutta,30,Mumbai,Credit Card,4,iPhone SE
2615,1/20/1900,1/9/1900,7/15/1905,Saturday,Vivo,6,15608.08,Yogesh Dutta,50,Mumbai,UPI,3,Vivo V20
2616,1/20/1900,1/9/1900,7/15/1905,Saturday,Samsung,9,40471.01,Vivek Rathod,27,Delhi,Credit Card,5,Galaxy S21
2617,1/20/1900,1/9/1900,7/15/1905,Saturday,OnePlus,1,19734.13,Sachin Malhotra,24,Gorakhpur,Debit Card,4,OnePlus 8T
2618,1/20/1900,1/9/1900,7/15/1905,Saturday,Vivo,3,34980.97,Tapan Kumar,54,Delhi,Cash,2,Vivo Y51
2619,1/21/1900,1/9/1900,7/15/1905,Sunday,Apple,2,59978.92,Yogesh Menon,49,Bhopal,Cash,5,iPhone SE
2620,1/21/1900,1/9/1900,7/15/1905,Sunday,Samsung,8,69230.07,Bina Teja,39,Patna,UPI,5,Galaxy S21
2621,1/21/1900,1/9/1900,7/15/1905,Sunday,Xiaomi,7,29077.59,Reena Menon,33,Delhi,UPI,2,Mi 11
2622,1/22/1900,1/9/1900,7/15/1905,Monday,Xiaomi,2,41917.34,Aditya Sheth,41,Indore,Cash,4,Redmi Note 10
2623,1/22/1900,1/9/1900,7/15/1905,Monday,Apple,6,40677.88,Anjali Das,31,Vadodara,Cash,5,iPhone SE
2624,1/22/1900,1/9/1900,7/15/1905,Monday,Samsung,3,67264.09,Rohan Rao,28,Mumbai,UPI,2,Galaxy Note 20
2625,1/23/1900,1/9/1900,7/15/1905,Tuesday,OnePlus,8,38715.02,Tapan Deshmukh,36,Delhi,Credit Card,4,OnePlus 8T
2626,1/23/1900,1/9/1900,7/15/1905,Tuesday,Vivo,3,51946.37,Rajesh Prasad,40,Mumbai,UPI,3,Vivo Y51
2627,1/23/1900,1/9/1900,7/15/1905,Tuesday,Samsung,9,65307.35,Anand Nair,51,Kolkata,Debit Card,5,Galaxy S21
2628,1/23/1900,1/9/1900,7/15/1905,Tuesday,Xiaomi,1,32402.71,Umesh Srivastava,57,Bangalore,UPI,3,Redmi 9
2629,1/24/1900,1/9/1900,7/15/1905,Wednesday,Apple,5,64127.33,Manoj Dutta,30,Ludhiana,UPI,3,iPhone 12
2630,1/24/1900,1/9/1900,7/15/1905,Wednesday,Apple,3,65047.37,Krishna Roy,56,Bangalore,UPI,5,iPhone 12
2631,1/24/1900,1/9/1900,7/15/1905,Wednesday,Vivo,6,65839.75,Jyoti Jain,45,Mumbai,UPI,3,Vivo Y51
2632,1/25/1900,1/9/1900,7/15/1905,Thursday,Apple,2,26226.77,Priya Roy,57,Delhi,UPI,3,iPhone SE
2633,1/25/1900,1/9/1900,7/15/1905,Thursday,Apple,9,34021.34,Lata Patel,33,Chennai,UPI,2,iPhone SE
2634,1/25/1900,1/9/1900,7/15/1905,Thursday,Samsung,6,62223.75,Pooja Ahuja,45,Delhi,Credit Card,2,Galaxy Note 20
2635,1/26/1900,1/9/1900,7/15/1905,Friday,OnePlus,7,31549.71,Namita Rao,21,Indore,UPI,4,OnePlus Nord
2636,1/26/1900,1/9/1900,7/15/1905,Friday,Vivo,5,46015.18,Kiran Alva,45,Bhopal,Cash,5,Vivo Y51
2637,1/26/1900,1/9/1900,7/15/1905,Friday,Samsung,9,17083.27,Monika Solanki,29,Lucknow,UPI,4,Galaxy Note 20
2638,1/27/1900,1/9/1900,7/15/1905,Saturday,OnePlus,1,13376.5,Neeta Solanki,33,Hyderabad,Credit Card,2,OnePlus Nord
2639,1/27/1900,1/9/1900,7/15/1905,Saturday,Samsung,5,34719.64,Anita Arora,53,Ludhiana,Debit Card,2,Galaxy A51
2640,1/27/1900,1/9/1900,7/15/1905,Saturday,Samsung,6,44734.99,Ayesha Menon,37,Hyderabad,Cash,5,Galaxy A51
2641,1/27/1900,1/9/1900,7/15/1905,Saturday,Apple,7,33561.95,Vijay Malhotra,43,Mumbai,UPI,5,iPhone SE
2642,1/28/1900,1/9/1900,7/15/1905,Sunday,OnePlus,4,44664.15,Sunil Siddiqui,43,Bangalore,UPI,2,OnePlus 9
2643,1/28/1900,1/9/1900,7/15/1905,Sunday,Vivo,1,40905.06,Radha Dutta,39,Patna,Cash,3,Vivo Y51
2644,1/28/1900,1/9/1900,7/15/1905,Sunday,Vivo,8,51142.43,Radha Varma,26,Coimbatore,UPI,4,Vivo Y51
2645,1/28/1900,1/9/1900,7/15/1905,Sunday,OnePlus,4,48971.95,Reena Deshmukh,22,Vadodara,Credit Card,2,OnePlus 8T
2646,1/29/1900,1/9/1900,7/15/1905,Monday,Apple,3,35454.74,Vinod Chatterjee,34,Mumbai,UPI,2,iPhone 11
2647,1/29/1900,1/9/1900,7/15/1905,Monday,Xiaomi,7,35499.71,Ramesh Joshi,51,Delhi,Debit Card,5,Redmi Note 10
2648,1/29/1900,1/9/1900,7/15/1905,Monday,Samsung,2,18446.7,Vinod Srivastava,19,Delhi,Credit Card,4,Galaxy A51
2649,1/30/1900,1/9/1900,7/15/1905,Tuesday,Apple,8,40794.31,Meena Das,24,Mumbai,UPI,4,iPhone SE
2650,1/30/1900,1/9/1900,7/15/1905,Tuesday,OnePlus,6,45230.75,Lalita Desai,53,Bangalore,Debit Card,5,OnePlus Nord
2651,1/30/1900,1/9/1900,7/15/1905,Tuesday,Samsung,7,38589.36,Rajesh Nambiar,30,Mumbai,Cash,2,Galaxy Note 20
2652,1/30/1900,1/9/1900,7/15/1905,Tuesday,Vivo,5,29542.44,Meena Yadav,37,Madurai,Credit Card,5,Vivo V20
2653,12/31/1899,1/10/1900,7/15/1905,Wednesday,Xiaomi,9,53298.91,Ravi Patel,47,Rajkot,UPI,5,Redmi Note 10
2654,12/31/1899,1/10/1900,7/15/1905,Wednesday,Vivo,5,14479.7,Lalita Dutta,47,Delhi,UPI,5,Vivo S1
2655,12/31/1899,1/10/1900,7/15/1905,Wednesday,OnePlus,5,64866.42,Ravi Prasad,28,Kolkata,Cash,3,OnePlus 8T
2656,12/31/1899,1/10/1900,7/15/1905,Wednesday,Samsung,3,11238.61,Shruti Menon,48,Mumbai,Cash,2,Galaxy A51
2657,1/1/1900,1/10/1900,7/15/1905,Thursday,OnePlus,1,67741.01,Sneha Malhotra,20,Delhi,Credit Card,2,OnePlus 8T
2658,1/1/1900,1/10/1900,7/15/1905,Thursday,Samsung,2,37741.34,Anand Pillai,19,Jodhpur,Credit Card,4,Galaxy A51
2659,1/1/1900,1/10/1900,7/15/1905,Thursday,Apple,8,34760.2,Prashant Gupta,20,Delhi,Credit Card,5,iPhone SE
2660,1/1/1900,1/10/1900,7/15/1905,Thursday,Xiaomi,1,25386.64,Kavita Iyer,32,Rajkot,UPI,4,Redmi Note 10
2661,1/2/1900,1/10/1900,7/15/1905,Friday,Apple,7,10604.27,Pankaj Jain,34,Coimbatore,UPI,5,iPhone 11
2662,1/2/1900,1/10/1900,7/15/1905,Friday,Apple,5,26487.42,Priya Mehta,24,Mumbai,Credit Card,5,iPhone 12
2663,1/2/1900,1/10/1900,7/15/1905,Friday,OnePlus,3,16564,Tanuja Ahuja,22,Kolkata,UPI,5,OnePlus 9
2664,1/2/1900,1/10/1900,7/15/1905,Friday,Xiaomi,7,49589.25,Kiran Mathur,51,Delhi,Cash,5,Redmi 9
2665,1/3/1900,1/10/1900,7/15/1905,Saturday,Samsung,9,29144.5,Harish Patel,50,Mumbai,Debit Card,4,Galaxy Note 20
2666,1/3/1900,1/10/1900,7/15/1905,Saturday,Samsung,2,56030.76,Krishna Nambiar,33,Indore,UPI,5,Galaxy Note 20
2667,1/3/1900,1/10/1900,7/15/1905,Saturday,Vivo,8,22414.97,Anjali Varma,54,Madurai,Credit Card,5,Vivo S1
2668,1/3/1900,1/10/1900,7/15/1905,Saturday,Samsung,9,64014.09,Shruti Ahuja,20,Delhi,UPI,2,Galaxy A51
2669,1/4/1900,1/10/1900,7/15/1905,Sunday,OnePlus,3,41378.89,Anand Siddiqui,38,Vadodara,Cash,2,OnePlus Nord
2670,1/4/1900,1/10/1900,7/15/1905,Sunday,Apple,2,16870.37,Sanjay Jain,58,Mumbai,Credit Card,2,iPhone 11
2671,1/4/1900,1/10/1900,7/15/1905,Sunday,Apple,7,34050.71,Pankaj Gupta,25,Delhi,Debit Card,3,iPhone SE
2672,1/5/1900,1/10/1900,7/15/1905,Monday,Apple,5,22405.63,Vijay Rawat,39,Delhi,Credit Card,2,iPhone SE
2673,1/5/1900,1/10/1900,7/15/1905,Monday,Xiaomi,5,21981.13,Sachin Varma,22,Delhi,Credit Card,3,Redmi Note 10
2674,1/5/1900,1/10/1900,7/15/1905,Monday,Samsung,5,40382.18,Sunil Reddy,34,Lucknow,Credit Card,3,Galaxy A51
2675,1/6/1900,1/10/1900,7/15/1905,Tuesday,OnePlus,4,50313.52,Prashant Deshmukh,54,Madurai,UPI,4,OnePlus Nord
2676,1/6/1900,1/10/1900,7/15/1905,Tuesday,Xiaomi,5,64697.09,Reena Goyal,31,Chennai,Debit Card,2,Mi 11
2677,1/6/1900,1/10/1900,7/15/1905,Tuesday,Vivo,4,40129.72,Manoj Dutta,56,Bangalore,Cash,5,Vivo S1
2678,1/7/1900,1/10/1900,7/15/1905,Wednesday,OnePlus,6,67950.33,Rajesh Desai,58,Delhi,UPI,5,OnePlus 8T
2679,1/7/1900,1/10/1900,7/15/1905,Wednesday,OnePlus,4,66498.09,Namita Malhotra,45,Hyderabad,Debit Card,5,OnePlus 9
2680,1/7/1900,1/10/1900,7/15/1905,Wednesday,OnePlus,2,61903.75,Lata Joshi,48,Bangalore,Debit Card,2,OnePlus 9
2681,1/7/1900,1/10/1900,7/15/1905,Wednesday,Apple,9,39998.64,Anita Menon,34,Ranchi,UPI,5,iPhone 11
2682,1/8/1900,1/10/1900,7/15/1905,Thursday,OnePlus,2,18454.24,Neeta Mishra,52,Mumbai,Credit Card,2,OnePlus Nord
2683,1/8/1900,1/10/1900,7/15/1905,Thursday,Samsung,9,23074.27,Bina Nair,57,Ranchi,Debit Card,2,Galaxy Note 20
2684,1/8/1900,1/10/1900,7/15/1905,Thursday,OnePlus,6,48860.2,Bhavana Desai,39,Kolkata,Cash,5,OnePlus Nord
2685,1/8/1900,1/10/1900,7/15/1905,Thursday,Apple,9,35305.3,Krishna Ahuja,46,Delhi,UPI,3,iPhone SE
2686,1/9/1900,1/10/1900,7/15/1905,Friday,OnePlus,9,18808.1,Vinod Nambiar,27,Vadodara,Debit Card,4,OnePlus Nord
2687,1/9/1900,1/10/1900,7/15/1905,Friday,Vivo,3,38739.64,Anjali Varma,35,Chennai,Cash,4,Vivo Y51
2688,1/9/1900,1/10/1900,7/15/1905,Friday,Vivo,1,11045.83,Shruti Joshi,52,Delhi,Cash,4,Vivo V20
2689,1/10/1900,1/10/1900,7/15/1905,Saturday,Apple,1,54033.72,Prashant Arora,33,Ludhiana,Cash,4,iPhone 11
2690,1/10/1900,1/10/1900,7/15/1905,Saturday,Samsung,3,14414.88,Deepika Gupta,24,Indore,Cash,5,Galaxy A51
2691,1/10/1900,1/10/1900,7/15/1905,Saturday,Samsung,5,47746.82,Shruti Joshi,47,Jodhpur,UPI,2,Galaxy Note 20
2692,1/10/1900,1/10/1900,7/15/1905,Saturday,Xiaomi,3,57580.62,Vinod Nambiar,36,Chennai,Cash,5,Redmi Note 10
2693,1/11/1900,1/10/1900,7/15/1905,Sunday,Apple,9,17958.63,Sneha Jain,40,Indore,UPI,4,iPhone 11
2694,1/11/1900,1/10/1900,7/15/1905,Sunday,OnePlus,9,41118.32,Lata Joshi,25,Delhi,Cash,4,OnePlus 9
2695,1/11/1900,1/10/1900,7/15/1905,Sunday,Apple,3,56744.05,Reena Chatterjee,34,Delhi,Cash,5,iPhone 12
2696,1/12/1900,1/10/1900,7/15/1905,Monday,Xiaomi,3,25638.01,Lalita Siddiqui,38,Delhi,UPI,4,Redmi 9
2697,1/12/1900,1/10/1900,7/15/1905,Monday,Apple,5,19775,Meena Thakur,43,Mumbai,Credit Card,2,iPhone 12
2698,1/12/1900,1/10/1900,7/15/1905,Monday,Apple,2,30209.15,Pankaj Deshmukh,45,Kanpur,Debit Card,4,iPhone 11
2699,1/13/1900,1/10/1900,7/15/1905,Tuesday,Xiaomi,6,43281.95,Krishna Reddy,56,Lucknow,Debit Card,4,Mi 11
2700,1/13/1900,1/10/1900,7/15/1905,Tuesday,Samsung,7,44516.78,Kavita Desai,50,Delhi,UPI,5,Galaxy A51
2701,1/13/1900,1/10/1900,7/15/1905,Tuesday,OnePlus,9,17852.58,Bhavana Mathur,57,Delhi,Cash,2,OnePlus 8T
2702,1/14/1900,1/10/1900,7/15/1905,Wednesday,Xiaomi,6,37454.13,Anand Joshi,36,Mumbai,UPI,3,Redmi 9
2703,1/14/1900,1/10/1900,7/15/1905,Wednesday,Vivo,3,26096.93,Gita Mehta,46,Indore,Cash,5,Vivo Y51
2704,1/14/1900,1/10/1900,7/15/1905,Wednesday,Samsung,5,60521.45,Krishna Sharma,37,Gorakhpur,UPI,3,Galaxy Note 20
2705,1/14/1900,1/10/1900,7/15/1905,Wednesday,Vivo,4,28814.51,Priya Kaur,37,Hyderabad,Debit Card,5,Vivo V20
2706,1/15/1900,1/10/1900,7/15/1905,Thursday,Samsung,5,60322.27,Shruti Deshmukh,27,Delhi,UPI,4,Galaxy S21
2707,1/15/1900,1/10/1900,7/15/1905,Thursday,OnePlus,8,35713.88,Deepika Das,29,Kolkata,Debit Card,5,OnePlus 9
2708,1/15/1900,1/10/1900,7/15/1905,Thursday,OnePlus,8,53595.15,Navin Kaur,50,Kanpur,Debit Card,2,OnePlus 8T
2709,1/15/1900,1/10/1900,7/15/1905,Thursday,Apple,6,40603.61,Pooja Rao,42,Bangalore,Debit Card,5,iPhone SE
2710,1/16/1900,1/10/1900,7/15/1905,Friday,Vivo,1,47317.76,Lata Mathur,42,Mumbai,UPI,5,Vivo S1
2711,1/16/1900,1/10/1900,7/15/1905,Friday,Samsung,8,33721.39,Deepika Gupta,21,Vadodara,Credit Card,4,Galaxy A51
2712,1/16/1900,1/10/1900,7/15/1905,Friday,OnePlus,8,56092.41,Priya Roy,21,Delhi,UPI,5,OnePlus 9
2713,1/17/1900,1/10/1900,7/15/1905,Saturday,Xiaomi,2,35511.36,Ayesha Arora,26,Delhi,UPI,2,Mi 11
2714,1/17/1900,1/10/1900,7/15/1905,Saturday,OnePlus,4,37447.7,Bina Mathur,32,Gorakhpur,Credit Card,3,OnePlus 9
2715,1/17/1900,1/10/1900,7/15/1905,Saturday,Xiaomi,2,41060.72,Anita Bhattacharya,43,Coimbatore,Credit Card,4,Mi 11
2716,1/18/1900,1/10/1900,7/15/1905,Sunday,Samsung,4,59909.45,Amit Teja,32,Mumbai,Debit Card,4,Galaxy Note 20
2717,1/18/1900,1/10/1900,7/15/1905,Sunday,OnePlus,7,49562.74,Sumit Verma,43,Ranchi,Cash,5,OnePlus 8T
2718,1/18/1900,1/10/1900,7/15/1905,Sunday,OnePlus,9,30949.62,Priyanka Menon,45,Chennai,Cash,5,OnePlus 9
2719,1/19/1900,1/10/1900,7/15/1905,Monday,Samsung,8,50219.18,Kiran Mishra,24,Rajkot,Debit Card,5,Galaxy Note 20
2720,1/19/1900,1/10/1900,7/15/1905,Monday,OnePlus,9,48545.59,Priyanka Mishra,49,Gorakhpur,UPI,4,OnePlus 9
2721,1/19/1900,1/10/1900,7/15/1905,Monday,Xiaomi,8,65861.16,Namita Deshmukh,29,Mumbai,Cash,5,Redmi Note 10
2722,1/20/1900,1/10/1900,7/15/1905,Tuesday,OnePlus,2,60484.99,Priya Prasad,52,Delhi,UPI,5,OnePlus 8T
2723,1/20/1900,1/10/1900,7/15/1905,Tuesday,Vivo,7,48846.82,Anita Shah,49,Rajkot,Credit Card,5,Vivo Y51
2724,1/20/1900,1/10/1900,7/15/1905,Tuesday,Apple,2,30490.43,Sunil Patel,26,Bhopal,Credit Card,5,iPhone 11
2725,1/20/1900,1/10/1900,7/15/1905,Tuesday,Xiaomi,2,56774.59,Jyoti Reddy,31,Chennai,Debit Card,4,Redmi Note 10
2726,1/21/1900,1/10/1900,7/15/1905,Wednesday,Vivo,4,44512.5,Vinod Kaur,30,Delhi,UPI,5,Vivo Y51
2727,1/21/1900,1/10/1900,7/15/1905,Wednesday,Samsung,1,69116.2,Sachin Jain,50,Ludhiana,Debit Card,2,Galaxy Note 20
2728,1/21/1900,1/10/1900,7/15/1905,Wednesday,Xiaomi,5,24850.37,Kiran Nair,49,Mumbai,Cash,5,Redmi 9
2729,1/21/1900,1/10/1900,7/15/1905,Wednesday,Apple,6,14779.35,Vijay Chatterjee,36,Rajkot,Cash,4,iPhone SE
2730,1/22/1900,1/10/1900,7/15/1905,Thursday,Apple,9,14193.51,Vinod Srivastava,47,Delhi,Cash,5,iPhone SE
2731,1/22/1900,1/10/1900,7/15/1905,Thursday,Samsung,8,48401.82,Anita Dutta,33,Lucknow,UPI,4,Galaxy Note 20
2732,1/22/1900,1/10/1900,7/15/1905,Thursday,Samsung,2,66355.61,Navin Gupta,29,Coimbatore,Debit Card,5,Galaxy S21
2733,1/23/1900,1/10/1900,7/15/1905,Friday,Xiaomi,1,10115.91,Vivek Bhatnagar,27,Delhi,Debit Card,4,Redmi 9
2734,1/23/1900,1/10/1900,7/15/1905,Friday,OnePlus,2,53546.26,Sanjay Roy,19,Indore,Cash,2,OnePlus 9
2735,1/23/1900,1/10/1900,7/15/1905,Friday,Samsung,7,49423.91,Aditya Mishra,35,Chennai,Debit Card,4,Galaxy A51
2736,1/24/1900,1/10/1900,7/15/1905,Saturday,OnePlus,4,53938.25,Deepika Pathak,30,Lucknow,Credit Card,3,OnePlus Nord
2737,1/24/1900,1/10/1900,7/15/1905,Saturday,Vivo,5,31324.32,Umesh Nair,46,Delhi,Credit Card,4,Vivo V20
2738,1/24/1900,1/10/1900,7/15/1905,Saturday,Apple,7,59229.79,Mala Roy,41,Delhi,Credit Card,5,iPhone SE
2739,1/24/1900,1/10/1900,7/15/1905,Saturday,OnePlus,3,12682.42,Rohan Deshmukh,55,Chennai,Credit Card,3,OnePlus 9
2740,1/25/1900,1/10/1900,7/15/1905,Sunday,Apple,2,55325.87,Pankaj Singh,29,Delhi,Debit Card,5,iPhone 11
2741,1/25/1900,1/10/1900,7/15/1905,Sunday,OnePlus,7,26024.32,Prashant Chatterjee,46,Delhi,Credit Card,5,OnePlus 8T
2742,1/25/1900,1/10/1900,7/15/1905,Sunday,Vivo,5,38610.27,Rohan Nambiar,39,Delhi,Credit Card,2,Vivo V20
2743,1/25/1900,1/10/1900,7/15/1905,Sunday,Samsung,1,59358.18,Sanjay Joshi,53,Lucknow,Credit Card,4,Galaxy S21
2744,1/26/1900,1/10/1900,7/15/1905,Monday,Vivo,1,26281.54,Radha Kulkarni,18,Coimbatore,Credit Card,4,Vivo Y51
2745,1/26/1900,1/10/1900,7/15/1905,Monday,Samsung,9,21112.45,Devendra Jain,57,Ludhiana,Credit Card,5,Galaxy S21
2746,1/26/1900,1/10/1900,7/15/1905,Monday,Samsung,5,50878.79,Rajesh Verma,51,Rajkot,UPI,4,Galaxy Note 20
2747,1/27/1900,1/10/1900,7/15/1905,Tuesday,Apple,1,42003.69,Manoj Sharma,51,Delhi,UPI,4,iPhone 11
2748,1/27/1900,1/10/1900,7/15/1905,Tuesday,Vivo,7,40864.23,Rajesh Shah,50,Vadodara,Credit Card,5,Vivo V20
2749,1/27/1900,1/10/1900,7/15/1905,Tuesday,OnePlus,9,25406.17,Aditya Singh,21,Mumbai,Credit Card,4,OnePlus Nord
2750,1/28/1900,1/10/1900,7/15/1905,Wednesday,Vivo,1,12092.82,Tanuja Roy,55,Mumbai,Debit Card,4,Vivo V20
2751,1/28/1900,1/10/1900,7/15/1905,Wednesday,Apple,4,34616.15,Prashant Mishra,47,Coimbatore,Credit Card,5,iPhone 11
2752,1/28/1900,1/10/1900,7/15/1905,Wednesday,Samsung,3,16393.57,Nikhil Ahuja,37,Jodhpur,Cash,4,Galaxy A51
2753,1/29/1900,1/10/1900,7/15/1905,Thursday,Apple,5,64359.35,Sneha Rao,43,Mumbai,UPI,5,iPhone SE
2754,1/29/1900,1/10/1900,7/15/1905,Thursday,Xiaomi,7,12475.02,Bina Kumar,32,Patna,Credit Card,2,Mi 11
2755,1/29/1900,1/10/1900,7/15/1905,Thursday,Xiaomi,8,35899.05,Vinod Sharma,24,Coimbatore,UPI,4,Redmi 9
2756,1/29/1900,1/10/1900,7/15/1905,Thursday,OnePlus,2,13134.74,Priyanka Mishra,24,Jodhpur,Credit Card,5,OnePlus Nord
2757,12/31/1899,1/11/1900,7/15/1905,Friday,Apple,7,15732.63,Neeta Nair,46,Hyderabad,Cash,3,iPhone 12
2758,12/31/1899,1/11/1900,7/15/1905,Friday,OnePlus,1,49532,Neeta Prasad,40,Delhi,Credit Card,2,OnePlus 8T
2759,12/31/1899,1/11/1900,7/15/1905,Friday,OnePlus,7,48826.68,Sneha Jain,51,Indore,UPI,4,OnePlus Nord
2760,12/31/1899,1/11/1900,7/15/1905,Friday,Xiaomi,8,11983.13,Prashant Gupta,37,Bhopal,UPI,5,Mi 11
2761,1/1/1900,1/11/1900,7/15/1905,Saturday,OnePlus,2,10067.89,Anjali Das,32,Delhi,UPI,3,OnePlus 9
2762,1/1/1900,1/11/1900,7/15/1905,Saturday,Xiaomi,9,14729.08,Anjali Desai,50,Ludhiana,Debit Card,5,Redmi Note 10
2763,1/1/1900,1/11/1900,7/15/1905,Saturday,Samsung,1,55779.93,Priyanka Nambiar,34,Mumbai,UPI,4,Galaxy S21
2764,1/1/1900,1/11/1900,7/15/1905,Saturday,Apple,6,45074.59,Anjali Kulkarni,37,Delhi,Credit Card,5,iPhone SE
2765,1/2/1900,1/11/1900,7/15/1905,Sunday,OnePlus,1,12287.09,Ravi Kaur,30,Ludhiana,Cash,2,OnePlus 9
2766,1/2/1900,1/11/1900,7/15/1905,Sunday,Xiaomi,3,39285.82,Ravi Thakur,41,Ludhiana,Cash,3,Mi 11
2767,1/2/1900,1/11/1900,7/15/1905,Sunday,Vivo,6,52721.76,Kavita Teja,54,Mumbai,Credit Card,3,Vivo V20
2768,1/3/1900,1/11/1900,7/15/1905,Monday,OnePlus,3,62137.08,Jyoti Bhattacharya,24,Madurai,Debit Card,5,OnePlus Nord
2769,1/3/1900,1/11/1900,7/15/1905,Monday,Samsung,8,66042.19,Vinod Nair,25,Rajkot,Credit Card,5,Galaxy S21
2770,1/3/1900,1/11/1900,7/15/1905,Monday,Samsung,5,29646.43,Rajesh Singh,40,Delhi,UPI,2,Galaxy A51
2771,1/4/1900,1/11/1900,7/15/1905,Tuesday,Vivo,2,18149.95,Lata Verma,31,Indore,Debit Card,5,Vivo Y51
2772,1/4/1900,1/11/1900,7/15/1905,Tuesday,Xiaomi,4,24215.56,Priya Teja,21,Delhi,Credit Card,4,Redmi Note 10
2773,1/4/1900,1/11/1900,7/15/1905,Tuesday,OnePlus,9,56570.29,Pooja Srivastava,38,Mumbai,Debit Card,5,OnePlus 9
2774,1/4/1900,1/11/1900,7/15/1905,Tuesday,Xiaomi,4,68289.05,Kiran Alva,27,Jodhpur,Cash,3,Mi 11
2775,1/5/1900,1/11/1900,7/15/1905,Wednesday,Samsung,8,37983.62,Kunal Malhotra,39,Delhi,Credit Card,4,Galaxy Note 20
2776,1/5/1900,1/11/1900,7/15/1905,Wednesday,Xiaomi,5,28321.19,Rajesh Desai,47,Delhi,Credit Card,2,Redmi 9
2777,1/5/1900,1/11/1900,7/15/1905,Wednesday,Samsung,1,35751.43,Yogesh Menon,47,Delhi,Cash,5,Galaxy S21
2778,1/5/1900,1/11/1900,7/15/1905,Wednesday,Xiaomi,7,28288.79,Vijay Rawat,33,Chennai,Debit Card,5,Redmi Note 10
2779,1/6/1900,1/11/1900,7/15/1905,Thursday,Vivo,3,25389.25,Sumit Verma,28,Hyderabad,Cash,4,Vivo V20
2780,1/6/1900,1/11/1900,7/15/1905,Thursday,Apple,8,45625.05,Ayesha Patel,39,Delhi,Debit Card,2,iPhone 12
2781,1/6/1900,1/11/1900,7/15/1905,Thursday,Vivo,3,10944.16,Namita Desai,46,Jodhpur,Credit Card,2,Vivo Y51
2782,1/7/1900,1/11/1900,7/15/1905,Friday,Vivo,1,25573.13,Bina Kumar,42,Vadodara,Debit Card,5,Vivo V20
2783,1/7/1900,1/11/1900,7/15/1905,Friday,Apple,5,49682.92,Vijay Mishra,31,Patna,Debit Card,5,iPhone 12
2784,1/7/1900,1/11/1900,7/15/1905,Friday,Apple,2,11923.76,Sumit Arora,31,Bangalore,UPI,5,iPhone 12
2785,1/7/1900,1/11/1900,7/15/1905,Friday,OnePlus,4,14992.11,Meena Thakur,19,Delhi,UPI,4,OnePlus Nord
2786,1/8/1900,1/11/1900,7/15/1905,Saturday,OnePlus,1,27603.77,Umesh Kumar,30,Bangalore,UPI,2,OnePlus Nord
2787,1/8/1900,1/11/1900,7/15/1905,Saturday,Vivo,9,62668.29,Monika Kumar,20,Patna,Cash,3,Vivo S1
2788,1/8/1900,1/11/1900,7/15/1905,Saturday,Vivo,6,55893.17,Vivek Yadav,47,Delhi,Cash,4,Vivo Y51
2789,1/8/1900,1/11/1900,7/15/1905,Saturday,Samsung,8,11329.4,Kavita Srivastava,35,Bangalore,UPI,5,Galaxy Note 20
2790,1/9/1900,1/11/1900,7/15/1905,Sunday,Samsung,4,40102.77,Anand Pillai,53,Mumbai,Credit Card,4,Galaxy Note 20
2791,1/9/1900,1/11/1900,7/15/1905,Sunday,OnePlus,9,26481.25,Anita Arora,38,Hyderabad,Credit Card,5,OnePlus 9
2792,1/9/1900,1/11/1900,7/15/1905,Sunday,OnePlus,2,48918.74,Aditya Prasad,36,Ludhiana,Credit Card,4,OnePlus 9
2793,1/10/1900,1/11/1900,7/15/1905,Monday,Samsung,9,53293.23,Yogesh Menon,33,Mumbai,Cash,4,Galaxy Note 20
2794,1/10/1900,1/11/1900,7/15/1905,Monday,Samsung,5,61771.75,Sunita Mathur,45,Bangalore,Debit Card,4,Galaxy A51
2795,1/10/1900,1/11/1900,7/15/1905,Monday,Xiaomi,6,38524.97,Vinod Srivastava,21,Delhi,Cash,3,Redmi Note 10
2796,1/10/1900,1/11/1900,7/15/1905,Monday,Xiaomi,3,69667.01,Bhavana Malhotra,32,Hyderabad,UPI,5,Redmi 9
2797,1/11/1900,1/11/1900,7/15/1905,Tuesday,Samsung,4,68799.17,Lalita Patel,18,Delhi,Debit Card,4,Galaxy S21
2798,1/11/1900,1/11/1900,7/15/1905,Tuesday,Xiaomi,6,62930,Anita Prasad,33,Delhi,Credit Card,4,Redmi Note 10
2799,1/11/1900,1/11/1900,7/15/1905,Tuesday,Apple,7,44492.17,Ayesha Ahuja,37,Bhopal,Cash,3,iPhone SE
2800,1/12/1900,1/11/1900,7/15/1905,Wednesday,OnePlus,1,33880.39,Vijay Rawat,50,Bangalore,Cash,2,OnePlus 8T
2801,1/12/1900,1/11/1900,7/15/1905,Wednesday,OnePlus,7,31863.18,Anita Sharma,34,Delhi,UPI,4,OnePlus Nord
2802,1/12/1900,1/11/1900,7/15/1905,Wednesday,Samsung,1,10727.49,Sumit Malhotra,22,Lucknow,Credit Card,4,Galaxy Note 20
2803,1/13/1900,1/11/1900,7/15/1905,Thursday,Vivo,5,24950.47,Lata Mehta,22,Gorakhpur,Cash,2,Vivo Y51
2804,1/13/1900,1/11/1900,7/15/1905,Thursday,Samsung,6,53128.49,Reena Kulkarni,56,Delhi,Cash,4,Galaxy S21
2805,1/13/1900,1/11/1900,7/15/1905,Thursday,Xiaomi,2,46217.93,Amit Goyal,30,Bangalore,Debit Card,4,Redmi Note 10
2806,1/14/1900,1/11/1900,7/15/1905,Friday,Vivo,9,64985.33,Kavita Rawat,53,Delhi,Cash,4,Vivo V20
2807,1/14/1900,1/11/1900,7/15/1905,Friday,Xiaomi,6,13001.34,Bina Rawat,47,Mumbai,Debit Card,5,Mi 11
2808,1/14/1900,1/11/1900,7/15/1905,Friday,Apple,7,19316.6,Sunita Iyer,21,Delhi,Cash,2,iPhone 11
2809,1/15/1900,1/11/1900,7/15/1905,Saturday,Xiaomi,8,57354.63,Sumit Teja,40,Vadodara,Credit Card,5,Redmi 9
2810,1/15/1900,1/11/1900,7/15/1905,Saturday,Apple,1,31510.46,Monika Solanki,38,Lucknow,UPI,2,iPhone 12
2811,1/15/1900,1/11/1900,7/15/1905,Saturday,Apple,8,17100.72,Jyoti Pillai,38,Mumbai,Credit Card,5,iPhone 12
2812,1/16/1900,1/11/1900,7/15/1905,Sunday,Xiaomi,4,69787.03,Vinod Nair,23,Mumbai,UPI,5,Mi 11
2813,1/16/1900,1/11/1900,7/15/1905,Sunday,Xiaomi,8,57235.02,Sanjay Ghosh,41,Madurai,Cash,3,Redmi Note 10
2814,1/16/1900,1/11/1900,7/15/1905,Sunday,Apple,6,34524.46,Vijay Mishra,48,Hyderabad,Credit Card,2,iPhone 11
2815,1/17/1900,1/11/1900,7/15/1905,Monday,Vivo,9,59400.85,Krishna Sharma,36,Delhi,Debit Card,2,Vivo S1
2816,1/17/1900,1/11/1900,7/15/1905,Monday,Apple,4,50836.23,Lata Reddy,55,Mumbai,UPI,2,iPhone SE
2817,1/17/1900,1/11/1900,7/15/1905,Monday,OnePlus,2,57398.49,Prashant Luthra,29,Lucknow,UPI,5,OnePlus 9
2818,1/18/1900,1/11/1900,7/15/1905,Tuesday,Apple,2,58912.38,Rajesh Mathur,31,Delhi,Cash,2,iPhone SE
2819,1/18/1900,1/11/1900,7/15/1905,Tuesday,Vivo,5,15083.72,Vinod Arora,29,Vadodara,UPI,3,Vivo V20
2820,1/18/1900,1/11/1900,7/15/1905,Tuesday,OnePlus,9,47378.37,Umesh Kaur,32,Mumbai,UPI,4,OnePlus 9
2821,1/18/1900,1/11/1900,7/15/1905,Tuesday,Samsung,3,10407.13,Radha Sharma,36,Vadodara,UPI,5,Galaxy Note 20
2822,1/19/1900,1/11/1900,7/15/1905,Wednesday,Samsung,8,12607.37,Harish Patel,45,Rajkot,Cash,4,Galaxy Note 20
2823,1/19/1900,1/11/1900,7/15/1905,Wednesday,Vivo,4,64238.8,Manoj Patel,57,Bhopal,Credit Card,4,Vivo V20
2824,1/19/1900,1/11/1900,7/15/1905,Wednesday,Apple,6,41653.82,Harish Mehta,58,Delhi,Cash,5,iPhone SE
2825,1/20/1900,1/11/1900,7/15/1905,Thursday,Xiaomi,6,54154.12,Bhavana Varma,22,Coimbatore,Debit Card,5,Redmi 9
2826,1/20/1900,1/11/1900,7/15/1905,Thursday,Vivo,3,60310.06,Ravi Teja,22,Lucknow,UPI,2,Vivo V20
2827,1/20/1900,1/11/1900,7/15/1905,Thursday,OnePlus,5,66975.21,Anjali Desai,23,Hyderabad,UPI,3,OnePlus 9
2828,1/21/1900,1/11/1900,7/15/1905,Friday,OnePlus,3,62161.17,Harish Mishra,40,Chennai,Credit Card,5,OnePlus Nord
2829,1/21/1900,1/11/1900,7/15/1905,Friday,Samsung,1,38998.69,Meena Kumar,20,Kolkata,UPI,4,Galaxy A51
2830,1/21/1900,1/11/1900,7/15/1905,Friday,OnePlus,7,30158.22,Anita Mathur,54,Coimbatore,Credit Card,5,OnePlus 8T
2831,1/21/1900,1/11/1900,7/15/1905,Friday,Vivo,4,19269.59,Harish Kaur,50,Delhi,UPI,3,Vivo Y51
2832,1/22/1900,1/11/1900,7/15/1905,Saturday,OnePlus,7,34019.29,Krishna Sharma,38,Indore,UPI,2,OnePlus Nord
2833,1/22/1900,1/11/1900,7/15/1905,Saturday,Vivo,3,31989.61,Anand Reddy,37,Ranchi,Cash,4,Vivo Y51
2834,1/22/1900,1/11/1900,7/15/1905,Saturday,Xiaomi,5,43574.49,Mala Chatterjee,18,Hyderabad,Cash,2,Mi 11
2835,1/22/1900,1/11/1900,7/15/1905,Saturday,Samsung,5,49930.56,Priya Varma,56,Delhi,Debit Card,2,Galaxy S21
2836,1/23/1900,1/11/1900,7/15/1905,Sunday,OnePlus,2,68699.53,Ramesh Dutta,34,Gorakhpur,Credit Card,3,OnePlus 8T
2837,1/23/1900,1/11/1900,7/15/1905,Sunday,Vivo,2,53703.17,Jyoti Bhattacharya,46,Indore,Debit Card,5,Vivo Y51
2838,1/23/1900,1/11/1900,7/15/1905,Sunday,Apple,4,48624.91,Reena Menon,25,Madurai,Cash,2,iPhone 12
2839,1/23/1900,1/11/1900,7/15/1905,Sunday,Samsung,4,30105.55,Amit Teja,43,Kolkata,Credit Card,2,Galaxy A51
2840,1/24/1900,1/11/1900,7/15/1905,Monday,Xiaomi,4,12070.23,Kiran Joshi,45,Delhi,Cash,5,Mi 11
2841,1/24/1900,1/11/1900,7/15/1905,Monday,Vivo,6,27287.51,Ayesha Sheth,51,Mumbai,Credit Card,4,Vivo Y51
2842,1/24/1900,1/11/1900,7/15/1905,Monday,Xiaomi,2,56106.87,Neeta Desai,43,Ranchi,UPI,5,Redmi 9
2843,1/25/1900,1/11/1900,7/15/1905,Tuesday,Xiaomi,6,22316.32,Vijay Prasad,30,Coimbatore,Debit Card,3,Mi 11
2844,1/25/1900,1/11/1900,7/15/1905,Tuesday,OnePlus,7,52731.29,Priyanka Yadav,54,Gorakhpur,Debit Card,3,OnePlus Nord
2845,1/25/1900,1/11/1900,7/15/1905,Tuesday,OnePlus,3,44786.79,Radha Solanki,30,Rajkot,Credit Card,4,OnePlus 9
2846,1/25/1900,1/11/1900,7/15/1905,Tuesday,Vivo,8,20311.41,Priya Prasad,55,Ludhiana,Debit Card,4,Vivo S1
2847,1/26/1900,1/11/1900,7/15/1905,Wednesday,Apple,2,25697.49,Radha Nair,42,Coimbatore,Cash,4,iPhone SE
2848,1/26/1900,1/11/1900,7/15/1905,Wednesday,Vivo,8,39778.22,Navin Solanki,40,Lucknow,Debit Card,3,Vivo S1
2849,1/26/1900,1/11/1900,7/15/1905,Wednesday,Apple,5,35102.48,Ravi Sharma,39,Mumbai,Credit Card,5,iPhone 12
2850,1/27/1900,1/11/1900,7/15/1905,Thursday,Xiaomi,2,56713.83,Priyanka Sharma,38,Indore,Debit Card,2,Redmi 9
2851,1/27/1900,1/11/1900,7/15/1905,Thursday,Samsung,7,54064.28,Sunil Kapoor,47,Ranchi,Debit Card,2,Galaxy A51
2852,1/27/1900,1/11/1900,7/15/1905,Thursday,Vivo,2,44474.47,Namita Desai,28,Delhi,Cash,2,Vivo V20
2853,1/28/1900,1/11/1900,7/15/1905,Friday,Vivo,6,59336.48,Namita Teja,21,Chennai,UPI,3,Vivo Y51
2854,1/28/1900,1/11/1900,7/15/1905,Friday,Apple,3,43760.17,Yogesh Menon,50,Kanpur,Cash,4,iPhone 11
2855,1/28/1900,1/11/1900,7/15/1905,Friday,Xiaomi,9,67863.36,Gita Rao,29,Ludhiana,Debit Card,5,Redmi 9
2856,1/29/1900,1/11/1900,7/15/1905,Saturday,Xiaomi,3,23033.45,Sanjay Jain,26,Jodhpur,Debit Card,3,Redmi Note 10
2857,1/29/1900,1/11/1900,7/15/1905,Saturday,Apple,3,52847.92,Monika Chatterjee,49,Kolkata,UPI,2,iPhone 12
2858,1/29/1900,1/11/1900,7/15/1905,Saturday,Xiaomi,5,32196.65,Umesh Nair,28,Mumbai,UPI,2,Redmi 9
2859,1/30/1900,1/11/1900,7/15/1905,Sunday,OnePlus,7,26737.97,Kavita Desai,54,Madurai,Cash,5,OnePlus Nord
2860,1/30/1900,1/11/1900,7/15/1905,Sunday,Samsung,8,20823.25,Arun Jain,41,Vadodara,UPI,2,Galaxy Note 20
2861,1/30/1900,1/11/1900,7/15/1905,Sunday,Vivo,7,43150.21,Radha Mathur,24,Bangalore,Cash,5,Vivo Y51
2862,1/30/1900,1/11/1900,7/15/1905,Sunday,Samsung,9,22928.17,Kiran Prasad,25,Mumbai,Credit Card,4,Galaxy A51
2863,12/31/1899,12/31/1899,7/16/1905,Monday,Vivo,5,22021.05,Prashant Gupta,50,Madurai,Debit Card,5,Vivo V20
2864,12/31/1899,12/31/1899,7/16/1905,Monday,OnePlus,3,69431.91,Aditya Luthra,42,Coimbatore,UPI,4,OnePlus Nord
2865,12/31/1899,12/31/1899,7/16/1905,Monday,Xiaomi,6,58104.85,Vivek Mathur,18,Mumbai,Credit Card,3,Redmi Note 10
2866,12/31/1899,12/31/1899,7/16/1905,Monday,Apple,5,54896.61,Ramesh Mishra,20,Delhi,Credit Card,2,iPhone 11
2867,1/1/1900,12/31/1899,7/16/1905,Tuesday,OnePlus,4,57643.64,Anand Arora,57,Delhi,Cash,5,OnePlus Nord
2868,1/1/1900,12/31/1899,7/16/1905,Tuesday,Samsung,2,68135.37,Manoj Mehta,45,Vadodara,Cash,5,Galaxy S21
2869,1/1/1900,12/31/1899,7/16/1905,Tuesday,Apple,7,44396.6,Krishna Iyer,50,Patna,UPI,2,iPhone 11
2870,1/2/1900,12/31/1899,7/16/1905,Wednesday,Xiaomi,5,23214.63,Kiran Prasad,18,Rajkot,Cash,2,Redmi 9
2871,1/2/1900,12/31/1899,7/16/1905,Wednesday,OnePlus,4,61732.58,Bina Das,55,Mumbai,Credit Card,3,OnePlus Nord
2872,1/2/1900,12/31/1899,7/16/1905,Wednesday,Apple,8,54563.84,Shruti Alva,44,Vadodara,Credit Card,4,iPhone 11
2873,1/3/1900,12/31/1899,7/16/1905,Thursday,OnePlus,9,34858.5,Kavita Rawat,55,Ranchi,Debit Card,3,OnePlus Nord
2874,1/3/1900,12/31/1899,7/16/1905,Thursday,OnePlus,9,38414.17,Vijay Singh,52,Mumbai,Credit Card,2,OnePlus 8T
2875,1/3/1900,12/31/1899,7/16/1905,Thursday,Xiaomi,3,34675.14,Reena Sheth,27,Chennai,UPI,3,Redmi Note 10
2876,1/4/1900,12/31/1899,7/16/1905,Friday,Vivo,3,65796.53,Vinod Pathak,29,Lucknow,Debit Card,4,Vivo S1
2877,1/4/1900,12/31/1899,7/16/1905,Friday,Apple,5,30611.9,Ayesha Singh,27,Mumbai,Cash,2,iPhone 11
2878,1/4/1900,12/31/1899,7/16/1905,Friday,Xiaomi,5,67809.06,Rohan Prasad,51,Patna,Debit Card,2,Mi 11
2879,1/4/1900,12/31/1899,7/16/1905,Friday,OnePlus,2,64616.31,Umesh Kaur,41,Bhopal,Credit Card,5,OnePlus 9
2880,1/5/1900,12/31/1899,7/16/1905,Saturday,Xiaomi,1,47831.27,Sunil Malhotra,45,Jodhpur,UPI,5,Redmi 9
2881,1/5/1900,12/31/1899,7/16/1905,Saturday,Vivo,8,44789.31,Yogesh Kaur,39,Gorakhpur,Cash,2,Vivo Y51
2882,1/5/1900,12/31/1899,7/16/1905,Saturday,Apple,3,32205.36,Yogesh Dutta,33,Ludhiana,Cash,3,iPhone 11
2883,1/6/1900,12/31/1899,7/16/1905,Sunday,Vivo,1,11100.3,Arun Ghosh,30,Chennai,Credit Card,5,Vivo Y51
2884,1/6/1900,12/31/1899,7/16/1905,Sunday,Samsung,1,17657.39,Nikhil Rathod,53,Mumbai,UPI,2,Galaxy A51
2885,1/6/1900,12/31/1899,7/16/1905,Sunday,Apple,2,55253.88,Sumit Sheth,53,Delhi,Credit Card,4,iPhone SE
2886,1/7/1900,12/31/1899,7/16/1905,Monday,Vivo,6,38292.41,Tapan Ahuja,40,Mumbai,Credit Card,3,Vivo V20
2887,1/7/1900,12/31/1899,7/16/1905,Monday,OnePlus,6,18990.29,Sumit Chatterjee,31,Kolkata,UPI,4,OnePlus 9
2888,1/7/1900,12/31/1899,7/16/1905,Monday,Apple,3,25837.65,Priya Varma,49,Mumbai,Credit Card,3,iPhone 12
2889,1/7/1900,12/31/1899,7/16/1905,Monday,Apple,4,66870.21,Anita Mathur,20,Madurai,UPI,2,iPhone SE
2890,1/8/1900,12/31/1899,7/16/1905,Tuesday,Xiaomi,2,32027.97,Harish Pillai,44,Delhi,UPI,4,Mi 11
2891,1/8/1900,12/31/1899,7/16/1905,Tuesday,OnePlus,2,64460.92,Shruti Iyer,36,Hyderabad,Credit Card,2,OnePlus Nord
2892,1/8/1900,12/31/1899,7/16/1905,Tuesday,Samsung,7,28278.15,Rajesh Kapoor,39,Delhi,Credit Card,4,Galaxy A51
2893,1/8/1900,12/31/1899,7/16/1905,Tuesday,Vivo,1,42593.21,Bina Teja,18,Delhi,Debit Card,3,Vivo S1
2894,1/9/1900,12/31/1899,7/16/1905,Wednesday,Xiaomi,7,11228.63,Lata Rawat,22,Delhi,Cash,2,Redmi Note 10
2895,1/9/1900,12/31/1899,7/16/1905,Wednesday,Vivo,1,41312.51,Deepika Pathak,50,Indore,Cash,3,Vivo Y51
2896,1/9/1900,12/31/1899,7/16/1905,Wednesday,Samsung,6,48216.52,Monika Patel,36,Mumbai,UPI,3,Galaxy A51
2897,1/10/1900,12/31/1899,7/16/1905,Thursday,Samsung,3,24058.31,Monika Goyal,53,Delhi,Debit Card,4,Galaxy S21
2898,1/10/1900,12/31/1899,7/16/1905,Thursday,Apple,8,44736.23,Lalita Verma,23,Delhi,UPI,4,iPhone SE
2899,1/10/1900,12/31/1899,7/16/1905,Thursday,Samsung,6,48830.07,Arun Shah,32,Ranchi,Debit Card,2,Galaxy Note 20
2900,1/10/1900,12/31/1899,7/16/1905,Thursday,Vivo,2,51213.16,Jyoti Menon,53,Lucknow,UPI,5,Vivo V20
2901,1/11/1900,12/31/1899,7/16/1905,Friday,OnePlus,8,56584.2,Kavita Singh,50,Coimbatore,Cash,2,OnePlus Nord
2902,1/11/1900,12/31/1899,7/16/1905,Friday,OnePlus,5,28680.35,Sachin Jain,41,Mumbai,Debit Card,4,OnePlus 9
2903,1/11/1900,12/31/1899,7/16/1905,Friday,Apple,8,44066.62,Deepika Patel,44,Bhopal,Credit Card,3,iPhone 11
2904,1/11/1900,12/31/1899,7/16/1905,Friday,Vivo,8,68894.74,Krishna Alva,28,Delhi,Credit Card,2,Vivo Y51
2905,1/12/1900,12/31/1899,7/16/1905,Saturday,Vivo,6,63888.65,Vivek Luthra,40,Ludhiana,Cash,2,Vivo V20
2906,1/12/1900,12/31/1899,7/16/1905,Saturday,Samsung,2,67159.93,Sanjay Sheth,50,Delhi,Debit Card,2,Galaxy A51
2907,1/12/1900,12/31/1899,7/16/1905,Saturday,Vivo,8,33168.18,Ramesh Srivastava,58,Delhi,Credit Card,2,Vivo Y51
2908,1/13/1900,12/31/1899,7/16/1905,Sunday,Xiaomi,6,57215.69,Vinod Nair,46,Mumbai,Credit Card,5,Mi 11
2909,1/13/1900,12/31/1899,7/16/1905,Sunday,Samsung,6,47193.88,Sneha Deshmukh,48,Patna,Credit Card,5,Galaxy A51
2910,1/13/1900,12/31/1899,7/16/1905,Sunday,Xiaomi,8,14964.1,Devendra Menon,18,Mumbai,Cash,2,Redmi Note 10
2911,1/13/1900,12/31/1899,7/16/1905,Sunday,Apple,1,59438.82,Anjali Jain,51,Ludhiana,UPI,5,iPhone 12
2912,1/14/1900,12/31/1899,7/16/1905,Monday,OnePlus,2,50626.08,Umesh Goyal,35,Mumbai,Credit Card,5,OnePlus Nord
2913,1/14/1900,12/31/1899,7/16/1905,Monday,Apple,9,21935.04,Umesh Reddy,35,Madurai,Credit Card,2,iPhone 11
2914,1/14/1900,12/31/1899,7/16/1905,Monday,OnePlus,8,14784.31,Deepika Solanki,23,Delhi,UPI,4,OnePlus 8T
2915,1/15/1900,12/31/1899,7/16/1905,Tuesday,Apple,7,60221.33,Vivek Nair,57,Delhi,Credit Card,5,iPhone SE
2916,1/15/1900,12/31/1899,7/16/1905,Tuesday,Vivo,7,14734.11,Anita Shah,18,Rajkot,Debit Card,2,Vivo S1
2917,1/15/1900,12/31/1899,7/16/1905,Tuesday,Xiaomi,5,15481.23,Sunita Singh,59,Mumbai,Credit Card,4,Redmi Note 10
2918,1/15/1900,12/31/1899,7/16/1905,Tuesday,OnePlus,2,35644.5,Lalita Verma,47,Vadodara,UPI,5,OnePlus 9
2919,1/16/1900,12/31/1899,7/16/1905,Wednesday,Samsung,6,18087.87,Monika Mathur,21,Delhi,Cash,2,Galaxy A51
2920,1/16/1900,12/31/1899,7/16/1905,Wednesday,Xiaomi,3,64820.18,Amit Prasad,49,Mumbai,Cash,5,Mi 11
2921,1/16/1900,12/31/1899,7/16/1905,Wednesday,Samsung,4,38217.04,Tanuja Roy,27,Delhi,Debit Card,4,Galaxy S21
2922,1/17/1900,12/31/1899,7/16/1905,Thursday,Xiaomi,2,44149.06,Mala Srivastava,22,Delhi,Credit Card,2,Redmi 9
2923,1/17/1900,12/31/1899,7/16/1905,Thursday,Xiaomi,2,65686.37,Sachin Kaur,26,Mumbai,Credit Card,4,Mi 11
2924,1/17/1900,12/31/1899,7/16/1905,Thursday,Apple,8,41815.79,Gita Roy,22,Ludhiana,UPI,3,iPhone 12
2925,1/18/1900,12/31/1899,7/16/1905,Friday,OnePlus,8,31215.47,Pooja Deshmukh,28,Delhi,UPI,2,OnePlus Nord
2926,1/18/1900,12/31/1899,7/16/1905,Friday,OnePlus,6,57829.31,Sumit Siddiqui,52,Delhi,Debit Card,3,OnePlus Nord
2927,1/18/1900,12/31/1899,7/16/1905,Friday,Xiaomi,5,36571.01,Rohan Pathak,44,Mumbai,Debit Card,5,Mi 11
2928,1/19/1900,12/31/1899,7/16/1905,Saturday,Vivo,8,29108.17,Vivek Teja,21,Mumbai,Credit Card,4,Vivo Y51
2929,1/19/1900,12/31/1899,7/16/1905,Saturday,Vivo,4,53393.77,Vivek Nair,27,Gorakhpur,Credit Card,2,Vivo S1
2930,1/19/1900,12/31/1899,7/16/1905,Saturday,Samsung,4,58096.34,Radha Ghosh,56,Lucknow,Debit Card,4,Galaxy Note 20
2931,1/19/1900,12/31/1899,7/16/1905,Saturday,Samsung,5,57502.97,Vivek Mishra,50,Ludhiana,Cash,5,Galaxy A51
2932,1/20/1900,12/31/1899,7/16/1905,Sunday,Apple,1,68660.46,Vijay Rao,55,Delhi,Cash,2,iPhone 11
2933,1/20/1900,12/31/1899,7/16/1905,Sunday,Xiaomi,1,57200.02,Vivek Mehta,25,Delhi,Cash,3,Mi 11
2934,1/20/1900,12/31/1899,7/16/1905,Sunday,Samsung,2,56196.01,Sunil Iyer,41,Gorakhpur,Cash,4,Galaxy S21
2935,1/21/1900,12/31/1899,7/16/1905,Monday,Samsung,8,61449.12,Shruti Iyer,56,Ranchi,Debit Card,2,Galaxy S21
2936,1/21/1900,12/31/1899,7/16/1905,Monday,Xiaomi,7,10011.11,Arun Jain,50,Lucknow,UPI,5,Mi 11
2937,1/21/1900,12/31/1899,7/16/1905,Monday,Apple,9,31745.88,Nikhil Solanki,58,Delhi,Cash,5,iPhone SE
2938,1/21/1900,12/31/1899,7/16/1905,Monday,Samsung,5,54256.19,Reena Dutta,36,Rajkot,Debit Card,4,Galaxy Note 20
2939,1/22/1900,12/31/1899,7/16/1905,Tuesday,Apple,2,45983.14,Bhavana Dutta,19,Delhi,Cash,3,iPhone 12
2940,1/22/1900,12/31/1899,7/16/1905,Tuesday,OnePlus,7,20654.32,Ayesha Ahuja,28,Delhi,Credit Card,3,OnePlus Nord
2941,1/22/1900,12/31/1899,7/16/1905,Tuesday,Apple,8,28223.99,Sumit Sharma,52,Lucknow,Cash,2,iPhone 11
2942,1/23/1900,12/31/1899,7/16/1905,Wednesday,Vivo,7,30207.56,Gita Iyer,34,Mumbai,Debit Card,2,Vivo Y51
2943,1/23/1900,12/31/1899,7/16/1905,Wednesday,Vivo,7,44069.69,Pankaj Arora,59,Delhi,Credit Card,4,Vivo Y51
2944,1/23/1900,12/31/1899,7/16/1905,Wednesday,Apple,5,59895.9,Aditya Luthra,20,Bangalore,Credit Card,2,iPhone 11
2945,1/24/1900,12/31/1899,7/16/1905,Thursday,Vivo,2,65949.51,Rohan Shah,39,Delhi,Cash,3,Vivo V20
2946,1/24/1900,12/31/1899,7/16/1905,Thursday,OnePlus,6,55005.54,Anand Bhattacharya,52,Delhi,Cash,2,OnePlus 9
2947,1/24/1900,12/31/1899,7/16/1905,Thursday,Xiaomi,4,60577.02,Sneha Sharma,38,Madurai,Credit Card,2,Redmi Note 10
2948,1/24/1900,12/31/1899,7/16/1905,Thursday,Vivo,2,38205.76,Neeta Yadav,42,Mumbai,UPI,4,Vivo V20
2949,1/25/1900,12/31/1899,7/16/1905,Friday,Vivo,9,33386.52,Priya Kaur,56,Delhi,Debit Card,2,Vivo S1
2950,1/25/1900,12/31/1899,7/16/1905,Friday,Apple,7,33562.51,Mala Teja,19,Bhopal,Debit Card,2,iPhone SE
2951,1/25/1900,12/31/1899,7/16/1905,Friday,OnePlus,6,46962.31,Pooja Pathak,18,Chennai,Debit Card,4,OnePlus Nord
2952,1/26/1900,12/31/1899,7/16/1905,Saturday,Xiaomi,5,17454.2,Rajesh Mishra,24,Hyderabad,Debit Card,2,Mi 11
2953,1/26/1900,12/31/1899,7/16/1905,Saturday,Apple,3,44769.65,Neeta Arora,37,Delhi,Debit Card,2,iPhone SE
2954,1/26/1900,12/31/1899,7/16/1905,Saturday,Apple,4,49907.97,Neeta Deshmukh,23,Mumbai,Credit Card,2,iPhone 12
2955,1/27/1900,12/31/1899,7/16/1905,Sunday,OnePlus,3,36334.52,Anita Sharma,53,Mumbai,Debit Card,2,OnePlus 9
2956,1/27/1900,12/31/1899,7/16/1905,Sunday,Xiaomi,8,67190.03,Sachin Joshi,38,Delhi,UPI,2,Mi 11
2957,1/27/1900,12/31/1899,7/16/1905,Sunday,OnePlus,3,46492.8,Tanuja Roy,52,Vadodara,UPI,5,OnePlus Nord
2958,1/27/1900,12/31/1899,7/16/1905,Sunday,Xiaomi,7,23199.97,Kiran Alva,53,Kolkata,Cash,5,Mi 11
2959,1/28/1900,12/31/1899,7/16/1905,Monday,OnePlus,7,38752.98,Manoj Mehta,25,Delhi,Cash,4,OnePlus 8T
2960,1/28/1900,12/31/1899,7/16/1905,Monday,Apple,7,50524.27,Harish Prasad,21,Mumbai,Cash,4,iPhone SE
2961,1/28/1900,12/31/1899,7/16/1905,Monday,Apple,7,29417.75,Krishna Patel,33,Delhi,Cash,3,iPhone 11
2962,1/29/1900,12/31/1899,7/16/1905,Tuesday,Samsung,2,14778.5,Meena Chatterjee,20,Coimbatore,Credit Card,5,Galaxy A51
2963,1/29/1900,12/31/1899,7/16/1905,Tuesday,Vivo,3,45006.14,Shruti Ahuja,24,Delhi,UPI,2,Vivo S1
2964,1/29/1900,12/31/1899,7/16/1905,Tuesday,OnePlus,9,66872.21,Gita Kulkarni,19,Rajkot,Credit Card,5,OnePlus 8T
2965,1/30/1900,12/31/1899,7/16/1905,Wednesday,Samsung,3,39104.32,Gita Mehta,18,Gorakhpur,UPI,4,Galaxy S21
2966,1/30/1900,12/31/1899,7/16/1905,Wednesday,Vivo,2,64366.54,Bina Joshi,18,Ranchi,Credit Card,4,Vivo S1
2967,1/30/1900,12/31/1899,7/16/1905,Wednesday,OnePlus,9,60101.42,Tapan Rathod,55,Madurai,UPI,4,OnePlus 9
2968,12/31/1899,1/1/1900,7/16/1905,Thursday,Xiaomi,9,18844.77,Deepika Kulkarni,24,Gorakhpur,Cash,2,Redmi Note 10
2969,12/31/1899,1/1/1900,7/16/1905,Thursday,Vivo,4,52490.2,Namita Bhatnagar,41,Rajkot,UPI,1,Vivo S1
2970,12/31/1899,1/1/1900,7/16/1905,Thursday,Apple,9,36127.93,Pooja Pillai,22,Mumbai,Cash,4,iPhone 12
2971,1/1/1900,1/1/1900,7/16/1905,Friday,Samsung,3,25014.78,Pankaj Mathur,38,Mumbai,UPI,5,Galaxy Note 20
2972,1/1/1900,1/1/1900,7/16/1905,Friday,Vivo,7,51216.3,Shruti Iyer,45,Patna,Credit Card,1,Vivo Y51
2973,1/1/1900,1/1/1900,7/16/1905,Friday,Vivo,7,54559.64,Nikhil Arora,35,Madurai,Debit Card,5,Vivo V20
2974,1/1/1900,1/1/1900,7/16/1905,Friday,Apple,8,20793.78,Monika Mathur,41,Rajkot,UPI,4,iPhone 11
2975,1/2/1900,1/1/1900,7/16/1905,Saturday,OnePlus,4,64866.68,Bhavana Rawat,49,Chennai,Credit Card,2,OnePlus Nord
2976,1/2/1900,1/1/1900,7/16/1905,Saturday,Xiaomi,3,55068.83,Aditya Roy,50,Delhi,Debit Card,1,Redmi 9
2977,1/2/1900,1/1/1900,7/16/1905,Saturday,Apple,3,66002.53,Neeta Mathur,27,Bhopal,Credit Card,1,iPhone 12
2978,1/2/1900,1/1/1900,7/16/1905,Saturday,Xiaomi,5,29024.39,Kiran Siddiqui,26,Delhi,Debit Card,4,Mi 11
2979,1/3/1900,1/1/1900,7/16/1905,Sunday,OnePlus,1,66360.1,Reena Chatterjee,50,Mumbai,Cash,4,OnePlus 9
2980,1/3/1900,1/1/1900,7/16/1905,Sunday,Vivo,3,32111.06,Pooja Rao,50,Bangalore,UPI,4,Vivo Y51
2981,1/3/1900,1/1/1900,7/16/1905,Sunday,Xiaomi,6,13238.19,Meena Dutta,24,Delhi,Credit Card,3,Redmi 9
2982,1/4/1900,1/1/1900,7/16/1905,Monday,Samsung,3,55778.16,Sunita Ahuja,21,Hyderabad,UPI,2,Galaxy Note 20
2983,1/4/1900,1/1/1900,7/16/1905,Monday,Samsung,5,52210.49,Rohan Shah,45,Bhopal,Cash,2,Galaxy Note 20
2984,1/4/1900,1/1/1900,7/16/1905,Monday,Apple,9,45874.66,Lalita Dutta,40,Patna,Cash,4,iPhone 12
2985,1/4/1900,1/1/1900,7/16/1905,Monday,OnePlus,2,39393.62,Yogesh Menon,49,Delhi,UPI,3,OnePlus Nord
2986,1/5/1900,1/1/1900,7/16/1905,Tuesday,Apple,2,11929.92,Pankaj Roy,33,Delhi,Credit Card,4,iPhone 11
2987,1/5/1900,1/1/1900,7/16/1905,Tuesday,Apple,6,47475.84,Vijay Das,27,Mumbai,Credit Card,4,iPhone SE
2988,1/5/1900,1/1/1900,7/16/1905,Tuesday,Apple,6,35010.08,Reena Kulkarni,31,Kolkata,Credit Card,2,iPhone 11
2989,1/6/1900,1/1/1900,7/16/1905,Wednesday,Samsung,8,43612.56,Yogesh Luthra,56,Mumbai,UPI,3,Galaxy A51
2990,1/6/1900,1/1/1900,7/16/1905,Wednesday,Samsung,2,35759.28,Navin Verma,53,Delhi,Credit Card,2,Galaxy Note 20
2991,1/6/1900,1/1/1900,7/16/1905,Wednesday,Apple,9,67963.37,Pooja Patel,51,Madurai,Credit Card,4,iPhone SE
2992,1/6/1900,1/1/1900,7/16/1905,Wednesday,Samsung,2,46246.53,Pooja Deshmukh,41,Patna,Debit Card,5,Galaxy Note 20
2993,1/7/1900,1/1/1900,7/16/1905,Thursday,OnePlus,1,54954.18,Kavita Bhatnagar,35,Ranchi,Credit Card,1,OnePlus Nord
2994,1/7/1900,1/1/1900,7/16/1905,Thursday,Apple,2,66180.82,Vivek Nair,33,Mumbai,Cash,4,iPhone 11
2995,1/7/1900,1/1/1900,7/16/1905,Thursday,Samsung,7,45495.96,Sunil Dutta,58,Bangalore,Credit Card,3,Galaxy Note 20
2996,1/8/1900,1/1/1900,7/16/1905,Friday,Xiaomi,8,10723.75,Manoj Gupta,54,Jodhpur,UPI,5,Redmi 9
2997,1/8/1900,1/1/1900,7/16/1905,Friday,Apple,5,12057.5,Pooja Roy,58,Delhi,UPI,3,iPhone 12
2998,1/8/1900,1/1/1900,7/16/1905,Friday,Apple,6,52140.31,Vinod Kaur,42,Kanpur,Credit Card,4,iPhone 11
2999,1/9/1900,1/1/1900,7/16/1905,Saturday,OnePlus,1,26745.11,Yogesh Luthra,25,Delhi,UPI,4,OnePlus 8T
3000,1/9/1900,1/1/1900,7/16/1905,Saturday,Vivo,6,44762.78,Isha Kaur,41,Delhi,UPI,1,Vivo V20
3001,1/9/1900,1/1/1900,7/16/1905,Saturday,Vivo,8,22136.63,Krishna Pillai,37,Hyderabad,Credit Card,3,Vivo Y51
3002,1/10/1900,1/1/1900,7/16/1905,Sunday,OnePlus,3,26214.93,Ramesh Srivastava,47,Rajkot,Debit Card,5,OnePlus Nord
3003,1/10/1900,1/1/1900,7/16/1905,Sunday,OnePlus,1,40278.46,Kiran Joshi,37,Ludhiana,Debit Card,1,OnePlus 9
3004,1/10/1900,1/1/1900,7/16/1905,Sunday,OnePlus,4,68534.17,Arun Ghosh,35,Jodhpur,Debit Card,3,OnePlus 8T
3005,1/11/1900,1/1/1900,7/16/1905,Monday,Vivo,1,46976.23,Anita Prasad,21,Mumbai,Debit Card,4,Vivo S1
3006,1/11/1900,1/1/1900,7/16/1905,Monday,OnePlus,8,66168.89,Shruti Verma,53,Rajkot,Cash,1,OnePlus Nord
3007,1/11/1900,1/1/1900,7/16/1905,Monday,Samsung,5,67562.79,Pankaj Srivastava,23,Mumbai,Credit Card,4,Galaxy S21
3008,1/12/1900,1/1/1900,7/16/1905,Tuesday,Apple,1,22486.6,Meena Dutta,20,Delhi,UPI,2,iPhone 12
3009,1/12/1900,1/1/1900,7/16/1905,Tuesday,Apple,8,28671.62,Vinod Kumar,35,Delhi,UPI,2,iPhone 12
3010,1/12/1900,1/1/1900,7/16/1905,Tuesday,Xiaomi,9,56199.54,Meena Malhotra,57,Coimbatore,Credit Card,1,Redmi 9
3011,1/13/1900,1/1/1900,7/16/1905,Wednesday,Xiaomi,2,62005.84,Lalita Nambiar,35,Hyderabad,UPI,1,Mi 11
3012,1/13/1900,1/1/1900,7/16/1905,Wednesday,Apple,9,41153.6,Manoj Nambiar,40,Jodhpur,Cash,3,iPhone SE
3013,1/13/1900,1/1/1900,7/16/1905,Wednesday,Samsung,8,69593.56,Lalita Alva,52,Mumbai,Debit Card,5,Galaxy A51
3014,1/13/1900,1/1/1900,7/16/1905,Wednesday,Vivo,7,10694.33,Tanuja Reddy,23,Indore,Credit Card,5,Vivo V20
3015,1/14/1900,1/1/1900,7/16/1905,Thursday,Vivo,3,27975.56,Kiran Alva,43,Mumbai,UPI,2,Vivo Y51
3016,1/14/1900,1/1/1900,7/16/1905,Thursday,Samsung,2,47389.71,Rajesh Arora,38,Lucknow,Cash,2,Galaxy A51
3017,1/14/1900,1/1/1900,7/16/1905,Thursday,Vivo,7,38157.39,Kavita Solanki,41,Gorakhpur,UPI,2,Vivo V20
3018,1/15/1900,1/1/1900,7/16/1905,Friday,OnePlus,5,16996.18,Anjali Nambiar,32,Mumbai,Cash,4,OnePlus 9
3019,1/15/1900,1/1/1900,7/16/1905,Friday,Apple,6,32067.23,Mala Ghosh,44,Bhopal,UPI,5,iPhone 11
3020,1/15/1900,1/1/1900,7/16/1905,Friday,Apple,4,11526.83,Monika Chatterjee,49,Coimbatore,Debit Card,1,iPhone 11
3021,1/15/1900,1/1/1900,7/16/1905,Friday,Samsung,2,48564.76,Ravi Ghosh,29,Mumbai,Credit Card,2,Galaxy S21
3022,1/16/1900,1/1/1900,7/16/1905,Saturday,Vivo,9,63564.55,Vijay Chatterjee,22,Jodhpur,Debit Card,3,Vivo Y51
3023,1/16/1900,1/1/1900,7/16/1905,Saturday,Xiaomi,3,63092.45,Reena Sharma,24,Delhi,Debit Card,1,Mi 11
3024,1/16/1900,1/1/1900,7/16/1905,Saturday,Xiaomi,7,51972.67,Navin Chaudhary,39,Kanpur,UPI,1,Redmi 9
3025,1/17/1900,1/1/1900,7/16/1905,Sunday,Vivo,8,37946.21,Vivek Ghosh,44,Mumbai,Debit Card,1,Vivo Y51
3026,1/17/1900,1/1/1900,7/16/1905,Sunday,Xiaomi,2,40721.9,Gita Sheth,32,Jodhpur,Credit Card,5,Redmi Note 10
3027,1/17/1900,1/1/1900,7/16/1905,Sunday,Samsung,6,18215.13,Nikhil Reddy,56,Mumbai,Cash,2,Galaxy Note 20
3028,1/17/1900,1/1/1900,7/16/1905,Sunday,Samsung,8,30461.03,Ramesh Kumar,52,Rajkot,Cash,3,Galaxy A51
3029,1/18/1900,1/1/1900,7/16/1905,Monday,Vivo,7,21263.68,Harish Prasad,43,Delhi,UPI,4,Vivo Y51
3030,1/18/1900,1/1/1900,7/16/1905,Monday,Xiaomi,3,59272.01,Vivek Nambiar,40,Delhi,Credit Card,3,Redmi 9
3031,1/18/1900,1/1/1900,7/16/1905,Monday,Samsung,1,64885.23,Ravi Malhotra,30,Kolkata,Credit Card,3,Galaxy Note 20
3032,1/18/1900,1/1/1900,7/16/1905,Monday,Samsung,6,42215.4,Vijay Chatterjee,43,Delhi,Cash,3,Galaxy Note 20
3033,1/19/1900,1/1/1900,7/16/1905,Tuesday,OnePlus,8,53665.84,Navin Sharma,20,Madurai,Cash,4,OnePlus 9
3034,1/19/1900,1/1/1900,7/16/1905,Tuesday,OnePlus,6,17287.89,Ravi Ghosh,46,Patna,Debit Card,3,OnePlus 9
3035,1/19/1900,1/1/1900,7/16/1905,Tuesday,Samsung,5,46512.08,Aditya Kulkarni,19,Kanpur,UPI,3,Galaxy Note 20
3036,1/19/1900,1/1/1900,7/16/1905,Tuesday,Vivo,8,52167.46,Arun Desai,45,Kanpur,Cash,2,Vivo Y51
3037,1/20/1900,1/1/1900,7/16/1905,Wednesday,Apple,2,37166.09,Isha Desai,40,Ranchi,Cash,2,iPhone SE
3038,1/20/1900,1/1/1900,7/16/1905,Wednesday,Apple,1,24596.39,Navin Malhotra,53,Delhi,Credit Card,2,iPhone SE
3039,1/20/1900,1/1/1900,7/16/1905,Wednesday,Samsung,1,62642.47,Kunal Singh,23,Ranchi,Credit Card,1,Galaxy S21
3040,1/21/1900,1/1/1900,7/16/1905,Thursday,Samsung,4,54574.52,Aditya Jain,28,Rajkot,Credit Card,3,Galaxy Note 20
3041,1/21/1900,1/1/1900,7/16/1905,Thursday,Samsung,6,63991.44,Shruti Pathak,55,Delhi,Cash,5,Galaxy Note 20
3042,1/21/1900,1/1/1900,7/16/1905,Thursday,Vivo,9,59104.16,Sunita Iyer,51,Chennai,UPI,5,Vivo S1
3043,1/22/1900,1/1/1900,7/16/1905,Friday,OnePlus,1,69422.47,Nikhil Ahuja,34,Delhi,Debit Card,5,OnePlus 8T
3044,1/22/1900,1/1/1900,7/16/1905,Friday,Samsung,1,21530.36,Pankaj Verma,20,Delhi,UPI,4,Galaxy Note 20
3045,1/22/1900,1/1/1900,7/16/1905,Friday,Samsung,5,15204.87,Sneha Thakur,51,Lucknow,Cash,2,Galaxy Note 20
3046,1/22/1900,1/1/1900,7/16/1905,Friday,Xiaomi,5,30220.17,Krishna Ahuja,39,Mumbai,Debit Card,2,Redmi 9
3047,1/23/1900,1/1/1900,7/16/1905,Saturday,Vivo,5,17740.25,Rajesh Kulkarni,46,Bangalore,UPI,2,Vivo S1
3048,1/23/1900,1/1/1900,7/16/1905,Saturday,Samsung,6,41387.81,Shruti Shah,46,Jodhpur,Cash,4,Galaxy A51
3049,1/23/1900,1/1/1900,7/16/1905,Saturday,Xiaomi,8,47981.73,Sachin Sheth,22,Delhi,UPI,3,Mi 11
3050,1/24/1900,1/1/1900,7/16/1905,Sunday,Apple,3,44697.32,Anita Dutta,27,Kanpur,Cash,1,iPhone SE
3051,1/24/1900,1/1/1900,7/16/1905,Sunday,Samsung,9,25554.41,Pooja Deshmukh,27,Mumbai,Credit Card,2,Galaxy S21
3052,1/24/1900,1/1/1900,7/16/1905,Sunday,Samsung,1,64529.44,Pankaj Mathur,26,Kolkata,UPI,3,Galaxy S21
3053,1/24/1900,1/1/1900,7/16/1905,Sunday,Xiaomi,4,11270.34,Meena Patel,38,Rajkot,Credit Card,5,Redmi 9
3054,1/25/1900,1/1/1900,7/16/1905,Monday,Vivo,9,30880.8,Devendra Varma,30,Chennai,Credit Card,1,Vivo S1
3055,1/25/1900,1/1/1900,7/16/1905,Monday,Samsung,8,53139.55,Arun Mathur,27,Coimbatore,Debit Card,5,Galaxy Note 20
3056,1/25/1900,1/1/1900,7/16/1905,Monday,Apple,9,56015.74,Manoj Kaur,55,Kolkata,Debit Card,3,iPhone SE
3057,1/26/1900,1/1/1900,7/16/1905,Tuesday,Samsung,1,34967.11,Vinod Malhotra,28,Indore,UPI,3,Galaxy A51
3058,1/26/1900,1/1/1900,7/16/1905,Tuesday,Apple,9,11014.59,Neeta Patel,21,Kanpur,Cash,5,iPhone 12
3059,1/26/1900,1/1/1900,7/16/1905,Tuesday,OnePlus,3,47082.62,Anita Dutta,48,Madurai,Debit Card,1,OnePlus 9
3060,1/26/1900,1/1/1900,7/16/1905,Tuesday,OnePlus,9,13785.68,Krishna Reddy,51,Mumbai,Debit Card,5,OnePlus 9
3061,1/27/1900,1/1/1900,7/16/1905,Wednesday,Apple,1,16471.35,Pankaj Jain,59,Mumbai,Credit Card,5,iPhone 12
3062,1/27/1900,1/1/1900,7/16/1905,Wednesday,Vivo,1,49015.04,Bhavana Kapoor,52,Bhopal,Credit Card,5,Vivo S1
3063,1/27/1900,1/1/1900,7/16/1905,Wednesday,Samsung,9,28749.3,Pankaj Patel,56,Delhi,Cash,1,Galaxy S21
3064,1/27/1900,1/1/1900,7/16/1905,Wednesday,Samsung,6,30881.81,Tanuja Srivastava,56,Delhi,Debit Card,4,Galaxy Note 20
3065,1/28/1900,1/1/1900,7/16/1905,Thursday,OnePlus,4,39208.42,Prashant Luthra,50,Delhi,Debit Card,1,OnePlus 8T
3066,1/28/1900,1/1/1900,7/16/1905,Thursday,Apple,7,68714.7,Jyoti Alva,25,Madurai,Cash,5,iPhone SE
3067,1/28/1900,1/1/1900,7/16/1905,Thursday,Samsung,5,67926.53,Harish Kapoor,49,Kanpur,Debit Card,2,Galaxy Note 20
3068,12/31/1899,1/2/1900,7/16/1905,Friday,Samsung,7,34975.66,Sumit Dutta,50,Delhi,UPI,2,Galaxy S21
3069,12/31/1899,1/2/1900,7/16/1905,Friday,Vivo,8,25929.95,Sachin Rawat,25,Vadodara,UPI,3,Vivo V20
3070,12/31/1899,1/2/1900,7/16/1905,Friday,Xiaomi,8,28155.53,Reena Goyal,31,Delhi,Cash,4,Mi 11
3071,12/31/1899,1/2/1900,7/16/1905,Friday,OnePlus,1,26126.88,Kiran Ghosh,51,Delhi,Credit Card,3,OnePlus Nord
3072,1/1/1900,1/2/1900,7/16/1905,Saturday,OnePlus,8,41934.75,Gita Mehta,25,Mumbai,Cash,3,OnePlus 9
3073,1/1/1900,1/2/1900,7/16/1905,Saturday,Xiaomi,6,46411.59,Rajesh Pathak,59,Bangalore,UPI,2,Redmi Note 10
3074,1/1/1900,1/2/1900,7/16/1905,Saturday,Samsung,4,39326.76,Priyanka Sharma,24,Kolkata,Debit Card,1,Galaxy Note 20
3075,1/2/1900,1/2/1900,7/16/1905,Sunday,Vivo,8,34479.66,Sumit Siddiqui,30,Lucknow,Debit Card,3,Vivo S1
3076,1/2/1900,1/2/1900,7/16/1905,Sunday,Vivo,3,22677.1,Priyanka Pathak,38,Bangalore,Credit Card,3,Vivo S1
3077,1/2/1900,1/2/1900,7/16/1905,Sunday,OnePlus,4,38950.34,Bhavana Kapoor,49,Delhi,Credit Card,4,OnePlus 8T
3078,1/2/1900,1/2/1900,7/16/1905,Sunday,Vivo,6,30466.16,Harish Kapoor,28,Rajkot,UPI,2,Vivo V20
3079,1/3/1900,1/2/1900,7/16/1905,Monday,Xiaomi,7,42495.73,Ayesha Rathod,31,Mumbai,Credit Card,1,Mi 11
3080,1/3/1900,1/2/1900,7/16/1905,Monday,Samsung,4,50511.36,Sunil Menon,28,Coimbatore,Cash,4,Galaxy Note 20
3081,1/3/1900,1/2/1900,7/16/1905,Monday,Xiaomi,4,47998.73,Aditya Patel,19,Bhopal,UPI,1,Mi 11
3082,1/3/1900,1/2/1900,7/16/1905,Monday,Apple,7,37749.41,Aditya Jain,51,Gorakhpur,Debit Card,1,iPhone 12
3083,1/4/1900,1/2/1900,7/16/1905,Tuesday,OnePlus,6,43363.15,Prashant Arora,34,Gorakhpur,Debit Card,3,OnePlus 9
3084,1/4/1900,1/2/1900,7/16/1905,Tuesday,Vivo,8,27091.37,Mala Das,31,Bhopal,Debit Card,4,Vivo Y51
3085,1/4/1900,1/2/1900,7/16/1905,Tuesday,Apple,1,11454.42,Neeta Patel,42,Coimbatore,Credit Card,3,iPhone SE
3086,1/5/1900,1/2/1900,7/16/1905,Wednesday,Vivo,7,47501.17,Vijay Sheth,44,Mumbai,UPI,5,Vivo Y51
3087,1/5/1900,1/2/1900,7/16/1905,Wednesday,Samsung,7,25154.11,Isha Ghosh,25,Delhi,Credit Card,1,Galaxy S21
3088,1/5/1900,1/2/1900,7/16/1905,Wednesday,Samsung,7,50137.22,Ayesha Thakur,34,Coimbatore,Cash,4,Galaxy A51
3089,1/6/1900,1/2/1900,7/16/1905,Thursday,Samsung,7,54820.51,Prashant Gupta,22,Delhi,UPI,2,Galaxy A51
3090,1/6/1900,1/2/1900,7/16/1905,Thursday,Vivo,8,64955.66,Pooja Chatterjee,29,Kanpur,Credit Card,3,Vivo V20
3091,1/6/1900,1/2/1900,7/16/1905,Thursday,Apple,9,67487.37,Meena Prasad,55,Bhopal,Debit Card,5,iPhone 12
3092,1/7/1900,1/2/1900,7/16/1905,Friday,Samsung,9,10631.56,Bhavana Siddiqui,35,Bhopal,Debit Card,5,Galaxy Note 20
3093,1/7/1900,1/2/1900,7/16/1905,Friday,Apple,2,69422.45,Vivek Alva,43,Delhi,Cash,5,iPhone 12
3094,1/7/1900,1/2/1900,7/16/1905,Friday,Vivo,7,50981.1,Kavita Desai,48,Kolkata,Cash,3,Vivo S1
3095,1/7/1900,1/2/1900,7/16/1905,Friday,Apple,7,48611.45,Anjali Jain,54,Delhi,Cash,2,iPhone 11
3096,1/8/1900,1/2/1900,7/16/1905,Saturday,Vivo,4,10912.79,Arun Luthra,23,Mumbai,Debit Card,4,Vivo Y51
3097,1/8/1900,1/2/1900,7/16/1905,Saturday,Vivo,9,61674,Meena Malhotra,58,Kolkata,Credit Card,1,Vivo S1
3098,1/8/1900,1/2/1900,7/16/1905,Saturday,OnePlus,8,18729.49,Anita Ghosh,32,Ranchi,Debit Card,2,OnePlus 9
3099,1/9/1900,1/2/1900,7/16/1905,Sunday,Vivo,1,60239.81,Priya Roy,59,Ludhiana,Debit Card,3,Vivo Y51
3100,1/9/1900,1/2/1900,7/16/1905,Sunday,Vivo,2,10933.75,Nikhil Pathak,43,Lucknow,Debit Card,4,Vivo S1
3101,1/9/1900,1/2/1900,7/16/1905,Sunday,Xiaomi,2,48757.86,Ayesha Dutta,29,Ranchi,Credit Card,1,Redmi 9
3102,1/9/1900,1/2/1900,7/16/1905,Sunday,Samsung,8,36088.09,Bhavana Mathur,58,Mumbai,Debit Card,4,Galaxy A51
3103,1/10/1900,1/2/1900,7/16/1905,Monday,OnePlus,1,22046,Sumit Goyal,31,Delhi,Cash,1,OnePlus 9
3104,1/10/1900,1/2/1900,7/16/1905,Monday,OnePlus,4,16453.68,Manoj Shah,18,Chennai,Cash,1,OnePlus 9
3105,1/10/1900,1/2/1900,7/16/1905,Monday,OnePlus,5,36407.66,Shruti Menon,34,Mumbai,Cash,5,OnePlus 9
3106,1/10/1900,1/2/1900,7/16/1905,Monday,Xiaomi,9,17398.35,Amit Prasad,50,Bangalore,Cash,3,Redmi Note 10
3107,1/11/1900,1/2/1900,7/16/1905,Tuesday,Vivo,7,39186.8,Vivek Deshmukh,46,Delhi,Debit Card,2,Vivo S1
3108,1/11/1900,1/2/1900,7/16/1905,Tuesday,Samsung,8,47513.02,Aditya Luthra,48,Patna,Debit Card,5,Galaxy Note 20
3109,1/11/1900,1/2/1900,7/16/1905,Tuesday,Apple,9,59643.05,Amit Teja,25,Lucknow,Debit Card,5,iPhone SE
3110,1/12/1900,1/2/1900,7/16/1905,Wednesday,Vivo,7,50718.97,Mala Malhotra,47,Delhi,Cash,4,Vivo Y51
3111,1/12/1900,1/2/1900,7/16/1905,Wednesday,Xiaomi,5,13911.99,Pankaj Bhattacharya,30,Mumbai,Credit Card,1,Mi 11
3112,1/12/1900,1/2/1900,7/16/1905,Wednesday,Vivo,5,28445.95,Devendra Mathur,33,Delhi,UPI,1,Vivo Y51
3113,1/13/1900,1/2/1900,7/16/1905,Thursday,Vivo,6,27278.72,Harish Kaur,19,Kolkata,UPI,4,Vivo V20
3114,1/13/1900,1/2/1900,7/16/1905,Thursday,Xiaomi,5,64901.95,Pankaj Varma,35,Delhi,UPI,3,Redmi 9
3115,1/13/1900,1/2/1900,7/16/1905,Thursday,OnePlus,9,62066.92,Anita Mathur,52,Madurai,Credit Card,1,OnePlus 8T
3116,1/13/1900,1/2/1900,7/16/1905,Thursday,OnePlus,3,32208.88,Priyanka Dutta,36,Mumbai,Debit Card,5,OnePlus Nord
3117,1/14/1900,1/2/1900,7/16/1905,Friday,Samsung,3,14269.32,Priyanka Teja,30,Indore,UPI,5,Galaxy S21
3118,1/14/1900,1/2/1900,7/16/1905,Friday,Samsung,7,63646.44,Nikhil Menon,21,Delhi,UPI,1,Galaxy Note 20
3119,1/14/1900,1/2/1900,7/16/1905,Friday,OnePlus,7,63291.4,Kavita Teja,36,Delhi,Debit Card,1,OnePlus 9
3120,1/14/1900,1/2/1900,7/16/1905,Friday,Apple,6,61284.77,Rohan Dutta,42,Gorakhpur,UPI,3,iPhone 12
3121,1/15/1900,1/2/1900,7/16/1905,Saturday,Vivo,3,60704.9,Namita Reddy,55,Mumbai,Debit Card,1,Vivo S1
3122,1/15/1900,1/2/1900,7/16/1905,Saturday,Apple,7,38815.24,Monika Nambiar,48,Delhi,UPI,3,iPhone 11
3123,1/15/1900,1/2/1900,7/16/1905,Saturday,Vivo,5,20645.9,Ravi Dutta,53,Bangalore,Debit Card,5,Vivo V20
3124,1/16/1900,1/2/1900,7/16/1905,Sunday,OnePlus,7,38649.28,Anita Pillai,21,Mumbai,Cash,3,OnePlus Nord
3125,1/16/1900,1/2/1900,7/16/1905,Sunday,Samsung,2,39675.87,Priya Thakur,56,Delhi,Credit Card,1,Galaxy Note 20
3126,1/16/1900,1/2/1900,7/16/1905,Sunday,Samsung,6,39395.91,Harish Mishra,24,Jodhpur,UPI,2,Galaxy Note 20
3127,1/17/1900,1/2/1900,7/16/1905,Monday,Apple,8,42326.36,Bhavana Luthra,33,Delhi,Debit Card,1,iPhone 12
3128,1/17/1900,1/2/1900,7/16/1905,Monday,Samsung,1,25459.42,Monika Ahuja,22,Madurai,Cash,2,Galaxy S21
3129,1/17/1900,1/2/1900,7/16/1905,Monday,OnePlus,4,31974.47,Vijay Rawat,40,Delhi,Debit Card,5,OnePlus 9
3130,1/18/1900,1/2/1900,7/16/1905,Tuesday,Apple,1,36051.2,Arun Gupta,53,Madurai,UPI,4,iPhone 12
3131,1/18/1900,1/2/1900,7/16/1905,Tuesday,Vivo,1,17867.27,Radha Sheth,49,Delhi,UPI,5,Vivo Y51
3132,1/18/1900,1/2/1900,7/16/1905,Tuesday,Samsung,8,37321.85,Nikhil Arora,41,Kanpur,UPI,5,Galaxy S21
3133,1/19/1900,1/2/1900,7/16/1905,Wednesday,Xiaomi,7,58628.18,Meena Prasad,42,Mumbai,UPI,5,Redmi Note 10
3134,1/19/1900,1/2/1900,7/16/1905,Wednesday,Samsung,1,59683.57,Umesh Nair,45,Delhi,UPI,3,Galaxy S21
3135,1/19/1900,1/2/1900,7/16/1905,Wednesday,Vivo,2,34693.83,Harish Mehta,36,Hyderabad,Cash,5,Vivo Y51
3136,1/20/1900,1/2/1900,7/16/1905,Thursday,Apple,4,41128.5,Sunita Singh,24,Delhi,Debit Card,4,iPhone SE
3137,1/20/1900,1/2/1900,7/16/1905,Thursday,Vivo,1,12019.02,Nikhil Luthra,58,Indore,Debit Card,1,Vivo S1
3138,1/20/1900,1/2/1900,7/16/1905,Thursday,Xiaomi,3,50465.95,Priyanka Patel,34,Vadodara,UPI,2,Mi 11
3139,1/20/1900,1/2/1900,7/16/1905,Thursday,OnePlus,8,34276.35,Shruti Sharma,19,Mumbai,Debit Card,5,OnePlus Nord
3140,1/21/1900,1/2/1900,7/16/1905,Friday,Samsung,8,36728.66,Priyanka Pillai,33,Delhi,Cash,2,Galaxy Note 20
3141,1/21/1900,1/2/1900,7/16/1905,Friday,Apple,8,62420.36,Ravi Sharma,56,Mumbai,UPI,5,iPhone 12
3142,1/21/1900,1/2/1900,7/16/1905,Friday,OnePlus,6,37710.07,Reena Dutta,35,Delhi,Credit Card,3,OnePlus Nord
3143,1/21/1900,1/2/1900,7/16/1905,Friday,Vivo,6,11271.53,Arun Deshmukh,56,Mumbai,Cash,2,Vivo Y51
3144,1/22/1900,1/2/1900,7/16/1905,Saturday,Apple,5,23649.45,Harish Solanki,18,Mumbai,UPI,5,iPhone 11
3145,1/22/1900,1/2/1900,7/16/1905,Saturday,OnePlus,9,38537.24,Harish Teja,20,Delhi,Debit Card,5,OnePlus 9
3146,1/22/1900,1/2/1900,7/16/1905,Saturday,Apple,4,35463.78,Tapan Kulkarni,38,Rajkot,Cash,4,iPhone 11
3147,1/22/1900,1/2/1900,7/16/1905,Saturday,Xiaomi,7,61622.21,Rajesh Mathur,47,Chennai,UPI,4,Redmi 9
3148,1/23/1900,1/2/1900,7/16/1905,Sunday,Xiaomi,1,42528.25,Monika Rawat,28,Delhi,Debit Card,4,Redmi Note 10
3149,1/23/1900,1/2/1900,7/16/1905,Sunday,Samsung,9,51378.14,Sunita Teja,39,Kanpur,Debit Card,3,Galaxy Note 20
3150,1/23/1900,1/2/1900,7/16/1905,Sunday,Samsung,7,38159.4,Monika Rathod,42,Mumbai,UPI,2,Galaxy S21
3151,1/23/1900,1/2/1900,7/16/1905,Sunday,Xiaomi,9,36379.34,Lalita Ahuja,20,Delhi,Cash,3,Mi 11
3152,1/24/1900,1/2/1900,7/16/1905,Monday,Apple,7,36777.2,Yogesh Malhotra,47,Indore,UPI,1,iPhone SE
3153,1/24/1900,1/2/1900,7/16/1905,Monday,Xiaomi,2,34655.29,Aditya Jain,41,Delhi,UPI,5,Redmi 9
3154,1/24/1900,1/2/1900,7/16/1905,Monday,Samsung,6,42315,Deepika Desai,53,Kanpur,UPI,5,Galaxy S21
3155,1/25/1900,1/2/1900,7/16/1905,Tuesday,Xiaomi,4,25026.6,Devendra Arora,40,Ranchi,UPI,5,Mi 11
3156,1/25/1900,1/2/1900,7/16/1905,Tuesday,Xiaomi,3,63463.31,Devendra Rao,25,Mumbai,UPI,4,Redmi Note 10
3157,1/25/1900,1/2/1900,7/16/1905,Tuesday,Apple,2,29985.13,Arun Dutta,21,Kolkata,Debit Card,5,iPhone 12
3158,1/26/1900,1/2/1900,7/16/1905,Wednesday,OnePlus,6,18851.43,Bhavana Siddiqui,56,Mumbai,UPI,4,OnePlus Nord
3159,1/26/1900,1/2/1900,7/16/1905,Wednesday,Samsung,8,15793.03,Aditya Patel,48,Delhi,Cash,1,Galaxy S21
3160,1/26/1900,1/2/1900,7/16/1905,Wednesday,Apple,6,10805.37,Monika Rathod,46,Bhopal,Credit Card,3,iPhone 11
3161,1/27/1900,1/2/1900,7/16/1905,Thursday,Xiaomi,9,35371.36,Nikhil Bhatnagar,53,Gorakhpur,UPI,3,Redmi 9
3162,1/27/1900,1/2/1900,7/16/1905,Thursday,Xiaomi,5,21256.66,Sneha Kaur,30,Gorakhpur,Cash,3,Mi 11
3163,1/27/1900,1/2/1900,7/16/1905,Thursday,OnePlus,2,11298.87,Umesh Dutta,58,Delhi,Credit Card,4,OnePlus 9
3164,1/27/1900,1/2/1900,7/16/1905,Thursday,Samsung,8,41201.17,Arun Iyer,26,Chennai,Cash,2,Galaxy A51
3165,1/28/1900,1/2/1900,7/16/1905,Friday,Samsung,9,50798.71,Anand Chatterjee,38,Chennai,Debit Card,2,Galaxy Note 20
3166,1/28/1900,1/2/1900,7/16/1905,Friday,Vivo,4,15145.06,Kiran Solanki,20,Delhi,Debit Card,1,Vivo Y51
3167,1/28/1900,1/2/1900,7/16/1905,Friday,Samsung,6,37655.25,Ramesh Chatterjee,42,Vadodara,Credit Card,2,Galaxy S21
3168,1/28/1900,1/2/1900,7/16/1905,Friday,OnePlus,8,54617.72,Lalita Desai,42,Bangalore,Credit Card,1,OnePlus 8T
3169,1/29/1900,1/2/1900,7/16/1905,Saturday,Vivo,9,69148.41,Kiran Malhotra,29,Delhi,Credit Card,5,Vivo V20
3170,1/29/1900,1/2/1900,7/16/1905,Saturday,Vivo,5,50031.42,Bhavana Rawat,46,Jodhpur,Debit Card,3,Vivo V20
3171,1/29/1900,1/2/1900,7/16/1905,Saturday,Xiaomi,6,24690.37,Nikhil Bhattacharya,28,Mumbai,Debit Card,4,Redmi Note 10
3172,1/30/1900,1/2/1900,7/16/1905,Sunday,Xiaomi,4,52993.22,Pooja Sharma,28,Delhi,Cash,1,Redmi Note 10
3173,1/30/1900,1/2/1900,7/16/1905,Sunday,Samsung,5,45875.77,Manoj Jain,43,Delhi,Debit Card,4,Galaxy A51
3174,1/30/1900,1/2/1900,7/16/1905,Sunday,Vivo,7,22707.96,Aditya Nair,31,Vadodara,Credit Card,4,Vivo Y51
3175,12/31/1899,1/3/1900,7/16/1905,Monday,Xiaomi,9,61066.65,Jyoti Ghosh,33,Madurai,UPI,3,Mi 11
3176,12/31/1899,1/3/1900,7/16/1905,Monday,OnePlus,6,35644.27,Namita Mehta,27,Kanpur,UPI,5,OnePlus Nord
3177,12/31/1899,1/3/1900,7/16/1905,Monday,Xiaomi,6,67718.66,Reena Deshmukh,48,Delhi,Credit Card,5,Redmi Note 10
3178,12/31/1899,1/3/1900,7/16/1905,Monday,Xiaomi,8,53374.06,Tanuja Dutta,48,Delhi,Debit Card,2,Redmi Note 10
3179,1/1/1900,1/3/1900,7/16/1905,Tuesday,Vivo,4,48673.79,Neeta Patel,53,Mumbai,Credit Card,5,Vivo V20
3180,1/1/1900,1/3/1900,7/16/1905,Tuesday,Vivo,3,53701.17,Mala Kulkarni,27,Vadodara,Debit Card,3,Vivo V20
3181,1/1/1900,1/3/1900,7/16/1905,Tuesday,Apple,7,38685.82,Vinod Dutta,43,Ludhiana,UPI,4,iPhone SE
3182,1/1/1900,1/3/1900,7/16/1905,Tuesday,OnePlus,5,40313.59,Umesh Patel,37,Rajkot,Cash,1,OnePlus 8T
3183,1/2/1900,1/3/1900,7/16/1905,Wednesday,Vivo,2,61072.44,Pooja Menon,26,Gorakhpur,Debit Card,1,Vivo V20
3184,1/2/1900,1/3/1900,7/16/1905,Wednesday,Samsung,2,50855.71,Sumit Goyal,32,Ranchi,Cash,5,Galaxy S21
3185,1/2/1900,1/3/1900,7/16/1905,Wednesday,OnePlus,6,63834.6,Nikhil Menon,26,Delhi,UPI,2,OnePlus 9
3186,1/3/1900,1/3/1900,7/16/1905,Thursday,OnePlus,8,63449.61,Sumit Goyal,24,Coimbatore,Cash,1,OnePlus 8T
3187,1/3/1900,1/3/1900,7/16/1905,Thursday,Vivo,1,68589.4,Aditya Alva,43,Delhi,Cash,2,Vivo Y51
3188,1/3/1900,1/3/1900,7/16/1905,Thursday,OnePlus,6,52012.88,Bhavana Malhotra,41,Coimbatore,Credit Card,1,OnePlus Nord
3189,1/4/1900,1/3/1900,7/16/1905,Friday,Vivo,2,40138.1,Kavita Kapoor,29,Mumbai,Cash,2,Vivo Y51
3190,1/4/1900,1/3/1900,7/16/1905,Friday,Xiaomi,2,19978.7,Arun Kaur,37,Mumbai,UPI,2,Mi 11
3191,1/4/1900,1/3/1900,7/16/1905,Friday,Apple,7,52322.83,Pooja Goyal,31,Bangalore,Debit Card,4,iPhone 12
3192,1/4/1900,1/3/1900,7/16/1905,Friday,Xiaomi,1,27494.66,Anita Varma,39,Mumbai,Cash,3,Mi 11
3193,1/5/1900,1/3/1900,7/16/1905,Saturday,Vivo,6,26976.85,Shruti Thakur,33,Mumbai,Debit Card,1,Vivo V20
3194,1/5/1900,1/3/1900,7/16/1905,Saturday,Vivo,7,24297.27,Lalita Desai,46,Madurai,Credit Card,5,Vivo S1
3195,1/5/1900,1/3/1900,7/16/1905,Saturday,Xiaomi,8,62507.32,Sunil Kumar,49,Jodhpur,UPI,3,Redmi Note 10
3196,1/6/1900,1/3/1900,7/16/1905,Sunday,Samsung,7,62077.87,Navin Mathur,36,Mumbai,UPI,4,Galaxy A51
3197,1/6/1900,1/3/1900,7/16/1905,Sunday,Samsung,6,47858.23,Ramesh Solanki,52,Mumbai,Debit Card,4,Galaxy Note 20
3198,1/6/1900,1/3/1900,7/16/1905,Sunday,Samsung,9,38378.86,Vivek Luthra,49,Hyderabad,UPI,4,Galaxy A51
3199,1/7/1900,1/3/1900,7/16/1905,Monday,Vivo,3,50326.87,Navin Pathak,37,Chennai,Credit Card,5,Vivo V20
3200,1/7/1900,1/3/1900,7/16/1905,Monday,OnePlus,6,46433.77,Rajesh Siddiqui,57,Ludhiana,Debit Card,1,OnePlus 8T
3201,1/7/1900,1/3/1900,7/16/1905,Monday,Vivo,4,34944.05,Rajesh Kulkarni,37,Delhi,UPI,1,Vivo Y51
3202,1/8/1900,1/3/1900,7/16/1905,Tuesday,OnePlus,2,32777.85,Pankaj Jain,25,Delhi,Credit Card,2,OnePlus 9
3203,1/8/1900,1/3/1900,7/16/1905,Tuesday,Xiaomi,1,32967.66,Manoj Mehta,52,Delhi,Credit Card,2,Mi 11
3204,1/8/1900,1/3/1900,7/16/1905,Tuesday,Apple,1,45348,Namita Roy,59,Indore,Cash,2,iPhone 12
3205,1/8/1900,1/3/1900,7/16/1905,Tuesday,OnePlus,3,48860.16,Sumit Nambiar,30,Delhi,UPI,5,OnePlus Nord
3206,1/9/1900,1/3/1900,7/16/1905,Wednesday,Samsung,4,37104.51,Radha Pathak,58,Delhi,Debit Card,3,Galaxy A51
3207,1/9/1900,1/3/1900,7/16/1905,Wednesday,Vivo,2,68121.49,Krishna Jain,23,Delhi,Cash,1,Vivo Y51
3208,1/9/1900,1/3/1900,7/16/1905,Wednesday,Xiaomi,1,15030.74,Sachin Sheth,33,Kolkata,Debit Card,2,Redmi Note 10
3209,1/9/1900,1/3/1900,7/16/1905,Wednesday,Samsung,4,30822.82,Sumit Malhotra,22,Coimbatore,Cash,5,Galaxy S21
3210,1/10/1900,1/3/1900,7/16/1905,Thursday,Xiaomi,7,35144.48,Pankaj Sheth,51,Delhi,Credit Card,5,Redmi 9
3211,1/10/1900,1/3/1900,7/16/1905,Thursday,Apple,6,11015.28,Deepika Desai,23,Kanpur,Cash,2,iPhone 12
3212,1/10/1900,1/3/1900,7/16/1905,Thursday,Vivo,6,31897.43,Lata Chatterjee,50,Rajkot,Cash,4,Vivo Y51
3213,1/10/1900,1/3/1900,7/16/1905,Thursday,Vivo,9,26422.6,Meena Menon,32,Lucknow,Cash,4,Vivo Y51
3214,1/11/1900,1/3/1900,7/16/1905,Friday,Apple,2,40362.18,Prashant Verma,32,Delhi,UPI,4,iPhone SE
3215,1/11/1900,1/3/1900,7/16/1905,Friday,Vivo,4,30184.63,Harish Kaur,31,Kolkata,Cash,2,Vivo V20
3216,1/11/1900,1/3/1900,7/16/1905,Friday,OnePlus,5,53570.93,Nikhil Chaudhary,56,Chennai,Credit Card,5,OnePlus 8T
3217,1/11/1900,1/3/1900,7/16/1905,Friday,Xiaomi,1,40595.95,Pankaj Roy,22,Indore,Debit Card,5,Mi 11
3218,1/12/1900,1/3/1900,7/16/1905,Saturday,Samsung,8,17785.73,Priyanka Jain,43,Mumbai,UPI,1,Galaxy Note 20
3219,1/12/1900,1/3/1900,7/16/1905,Saturday,Apple,8,55003.68,Bina Das,34,Mumbai,Credit Card,4,iPhone 12
3220,1/12/1900,1/3/1900,7/16/1905,Saturday,OnePlus,6,15953.73,Aditya Rao,33,Indore,UPI,2,OnePlus Nord
3221,1/12/1900,1/3/1900,7/16/1905,Saturday,Samsung,5,60342.95,Pooja Goyal,52,Mumbai,Debit Card,1,Galaxy A51
3222,1/13/1900,1/3/1900,7/16/1905,Sunday,Samsung,8,65885.33,Isha Singh,55,Delhi,Debit Card,5,Galaxy Note 20
3223,1/13/1900,1/3/1900,7/16/1905,Sunday,Apple,3,29346.72,Tapan Ahuja,40,Gorakhpur,Debit Card,1,iPhone SE
3224,1/13/1900,1/3/1900,7/16/1905,Sunday,OnePlus,3,65568.56,Ramesh Sharma,30,Coimbatore,UPI,4,OnePlus 8T
3225,1/13/1900,1/3/1900,7/16/1905,Sunday,Samsung,2,57580.49,Sunil Das,50,Coimbatore,UPI,3,Galaxy Note 20
3226,1/14/1900,1/3/1900,7/16/1905,Monday,Samsung,5,65346.14,Tanuja Malhotra,46,Bangalore,Debit Card,4,Galaxy S21
3227,1/14/1900,1/3/1900,7/16/1905,Monday,OnePlus,3,49976.21,Lalita Shah,51,Rajkot,Debit Card,4,OnePlus 8T
3228,1/14/1900,1/3/1900,7/16/1905,Monday,Vivo,3,24138.64,Pankaj Verma,51,Vadodara,Credit Card,2,Vivo Y51
3229,1/14/1900,1/3/1900,7/16/1905,Monday,Samsung,6,63671.39,Mala Menon,44,Lucknow,Debit Card,3,Galaxy S21
3230,1/15/1900,1/3/1900,7/16/1905,Tuesday,Xiaomi,8,21055.9,Priyanka Sharma,32,Bhopal,Cash,3,Redmi Note 10
3231,1/15/1900,1/3/1900,7/16/1905,Tuesday,OnePlus,2,22783.63,Deepika Gupta,26,Bhopal,UPI,3,OnePlus Nord
3232,1/15/1900,1/3/1900,7/16/1905,Tuesday,Samsung,4,26263.78,Radha Mathur,43,Mumbai,Credit Card,5,Galaxy S21
3233,1/16/1900,1/3/1900,7/16/1905,Wednesday,Apple,7,28254.78,Lalita Rathod,20,Madurai,UPI,1,iPhone 11
3234,1/16/1900,1/3/1900,7/16/1905,Wednesday,Xiaomi,1,40868.78,Prashant Mishra,53,Ludhiana,Debit Card,5,Redmi Note 10
3235,1/16/1900,1/3/1900,7/16/1905,Wednesday,Samsung,1,52807.44,Ravi Teja,22,Mumbai,Cash,3,Galaxy S21
3236,1/17/1900,1/3/1900,7/16/1905,Thursday,Xiaomi,7,65572.49,Ravi Teja,37,Kolkata,Debit Card,2,Redmi 9
3237,1/17/1900,1/3/1900,7/16/1905,Thursday,Xiaomi,7,15306.26,Kavita Singh,37,Chennai,UPI,4,Redmi Note 10
3238,1/17/1900,1/3/1900,7/16/1905,Thursday,Vivo,1,67262.16,Vinod Kulkarni,22,Bangalore,Credit Card,4,Vivo Y51
3239,1/18/1900,1/3/1900,7/16/1905,Friday,Xiaomi,1,65279.38,Ayesha Ahuja,27,Madurai,UPI,5,Mi 11
3240,1/18/1900,1/3/1900,7/16/1905,Friday,Vivo,4,13239.96,Jyoti Kumar,33,Hyderabad,Credit Card,5,Vivo Y51
3241,1/18/1900,1/3/1900,7/16/1905,Friday,OnePlus,5,31619.27,Manoj Dutta,42,Kanpur,Cash,2,OnePlus 9
3242,1/19/1900,1/3/1900,7/16/1905,Saturday,Vivo,5,58788.6,Namita Gupta,42,Delhi,Debit Card,4,Vivo V20
3243,1/19/1900,1/3/1900,7/16/1905,Saturday,Apple,4,46694.59,Nikhil Solanki,47,Hyderabad,Debit Card,5,iPhone 11
3244,1/19/1900,1/3/1900,7/16/1905,Saturday,Samsung,8,56745.64,Pooja Solanki,31,Chennai,Cash,1,Galaxy S21
3245,1/20/1900,1/3/1900,7/16/1905,Sunday,OnePlus,7,53142,Sumit Sheth,39,Ludhiana,UPI,5,OnePlus Nord
3246,1/20/1900,1/3/1900,7/16/1905,Sunday,OnePlus,9,39806.21,Krishna Bhattacharya,45,Mumbai,Cash,5,OnePlus Nord
3247,1/20/1900,1/3/1900,7/16/1905,Sunday,Apple,7,12473.08,Ayesha Bhattacharya,47,Mumbai,Debit Card,3,iPhone SE
3248,1/21/1900,1/3/1900,7/16/1905,Monday,Vivo,1,45056.09,Vivek Mishra,36,Ludhiana,Credit Card,1,Vivo S1
3249,1/21/1900,1/3/1900,7/16/1905,Monday,Samsung,7,12914,Priya Ahuja,55,Delhi,Debit Card,1,Galaxy Note 20
3250,1/21/1900,1/3/1900,7/16/1905,Monday,Vivo,1,46223.6,Vijay Rao,59,Mumbai,UPI,2,Vivo V20
3251,1/22/1900,1/3/1900,7/16/1905,Tuesday,Xiaomi,7,58024.65,Priya Ahuja,37,Ranchi,Credit Card,3,Redmi 9
3252,1/22/1900,1/3/1900,7/16/1905,Tuesday,Vivo,8,45099.5,Lata Rawat,52,Chennai,UPI,1,Vivo Y51
3253,1/22/1900,1/3/1900,7/16/1905,Tuesday,OnePlus,9,69821.31,Prashant Verma,39,Gorakhpur,Debit Card,3,OnePlus Nord
3254,1/22/1900,1/3/1900,7/16/1905,Tuesday,Samsung,3,37351.99,Sunil Kapoor,32,Kanpur,Debit Card,3,Galaxy S21
3255,1/23/1900,1/3/1900,7/16/1905,Wednesday,Vivo,4,54929.65,Bhavana Varma,28,Coimbatore,Credit Card,4,Vivo S1
3256,1/23/1900,1/3/1900,7/16/1905,Wednesday,Samsung,4,50032.8,Ramesh Nambiar,51,Mumbai,UPI,1,Galaxy A51
3257,1/23/1900,1/3/1900,7/16/1905,Wednesday,Samsung,9,69485.9,Gita Dutta,41,Delhi,Credit Card,4,Galaxy A51
3258,1/23/1900,1/3/1900,7/16/1905,Wednesday,Xiaomi,7,52793.14,Isha Gupta,23,Bangalore,Credit Card,5,Redmi 9
3259,1/24/1900,1/3/1900,7/16/1905,Thursday,Xiaomi,3,19841.84,Kiran Gupta,34,Delhi,UPI,5,Redmi Note 10
3260,1/24/1900,1/3/1900,7/16/1905,Thursday,OnePlus,5,67331.06,Manoj Siddiqui,45,Rajkot,Credit Card,4,OnePlus 8T
3261,1/24/1900,1/3/1900,7/16/1905,Thursday,Apple,7,50066.63,Mala Pathak,48,Mumbai,Cash,5,iPhone SE
3262,1/25/1900,1/3/1900,7/16/1905,Friday,Samsung,8,13560.29,Mala Roy,53,Lucknow,Credit Card,4,Galaxy Note 20
3263,1/25/1900,1/3/1900,7/16/1905,Friday,Apple,1,49454.1,Nikhil Menon,26,Gorakhpur,Debit Card,2,iPhone 12
3264,1/25/1900,1/3/1900,7/16/1905,Friday,OnePlus,2,62987.16,Meena Mathur,27,Mumbai,UPI,3,OnePlus 9
3265,1/26/1900,1/3/1900,7/16/1905,Saturday,Samsung,7,44622.51,Kiran Singh,38,Patna,Debit Card,2,Galaxy A51
3266,1/26/1900,1/3/1900,7/16/1905,Saturday,Samsung,2,31241.18,Priyanka Menon,51,Madurai,Cash,1,Galaxy Note 20
3267,1/26/1900,1/3/1900,7/16/1905,Saturday,Apple,7,59254.58,Nikhil Ahuja,48,Delhi,Cash,2,iPhone SE
3268,1/26/1900,1/3/1900,7/16/1905,Saturday,Vivo,9,56950.72,Ayesha Roy,46,Bangalore,Credit Card,2,Vivo V20
3269,1/27/1900,1/3/1900,7/16/1905,Sunday,Xiaomi,2,42650.93,Sunil Dutta,28,Lucknow,Debit Card,5,Redmi 9
3270,1/27/1900,1/3/1900,7/16/1905,Sunday,Vivo,7,19261.71,Priya Patel,50,Delhi,Credit Card,4,Vivo S1
3271,1/27/1900,1/3/1900,7/16/1905,Sunday,Apple,4,25059.19,Anita Malhotra,18,Bhopal,Credit Card,1,iPhone 11
3272,1/28/1900,1/3/1900,7/16/1905,Monday,Xiaomi,2,54309.04,Anita Joshi,38,Vadodara,Debit Card,5,Redmi Note 10
3273,1/28/1900,1/3/1900,7/16/1905,Monday,Vivo,7,58364.93,Sunil Dutta,40,Indore,Cash,1,Vivo S1
3274,1/28/1900,1/3/1900,7/16/1905,Monday,Xiaomi,5,26755.92,Pankaj Pathak,26,Hyderabad,Cash,3,Redmi 9
3275,1/29/1900,1/3/1900,7/16/1905,Tuesday,Samsung,1,32079.1,Manoj Jain,18,Coimbatore,Cash,4,Galaxy A51
3276,1/29/1900,1/3/1900,7/16/1905,Tuesday,Vivo,5,14657.91,Bhavana Rathod,38,Delhi,UPI,5,Vivo Y51
3277,1/29/1900,1/3/1900,7/16/1905,Tuesday,Xiaomi,3,52807.72,Rajesh Mishra,39,Mumbai,UPI,2,Redmi Note 10
3278,1/29/1900,1/3/1900,7/16/1905,Tuesday,Xiaomi,7,10214.65,Namita Mehta,21,Delhi,Credit Card,3,Redmi 9
3279,12/31/1899,1/4/1900,7/16/1905,Wednesday,Xiaomi,6,12792.49,Neeta Mathur,18,Mumbai,UPI,2,Redmi 9
3280,12/31/1899,1/4/1900,7/16/1905,Wednesday,Vivo,8,10260.64,Rajesh Singh,27,Bangalore,UPI,1,Vivo S1
3281,12/31/1899,1/4/1900,7/16/1905,Wednesday,OnePlus,5,48719.18,Sunita Das,32,Chennai,Debit Card,3,OnePlus 9
3282,1/1/1900,1/4/1900,7/16/1905,Thursday,Vivo,2,35043.23,Krishna Reddy,53,Mumbai,Credit Card,5,Vivo Y51
3283,1/1/1900,1/4/1900,7/16/1905,Thursday,Apple,9,27852.81,Vijay Siddiqui,46,Delhi,Credit Card,2,iPhone 11
3284,1/1/1900,1/4/1900,7/16/1905,Thursday,Vivo,8,64762.06,Sunita Teja,22,Mumbai,Debit Card,2,Vivo S1
3285,1/1/1900,1/4/1900,7/16/1905,Thursday,Xiaomi,6,21568.17,Devendra Thakur,46,Delhi,Cash,1,Redmi 9
3286,1/2/1900,1/4/1900,7/16/1905,Friday,Samsung,7,33362.08,Namita Siddiqui,44,Chennai,Debit Card,1,Galaxy Note 20
3287,1/2/1900,1/4/1900,7/16/1905,Friday,Vivo,9,66418.71,Kiran Mishra,42,Bhopal,Cash,4,Vivo Y51
3288,1/2/1900,1/4/1900,7/16/1905,Friday,Vivo,7,35626.39,Aditya Singh,33,Jodhpur,Credit Card,4,Vivo Y51
3289,1/3/1900,1/4/1900,7/16/1905,Saturday,Xiaomi,3,43281.62,Priyanka Joshi,33,Hyderabad,Credit Card,1,Redmi 9
3290,1/3/1900,1/4/1900,7/16/1905,Saturday,Samsung,6,14820.21,Pankaj Singh,53,Delhi,UPI,4,Galaxy A51
3291,1/3/1900,1/4/1900,7/16/1905,Saturday,Samsung,7,57409.98,Sunita Prasad,42,Rajkot,UPI,2,Galaxy Note 20
3292,1/3/1900,1/4/1900,7/16/1905,Saturday,Apple,2,35365.53,Radha Solanki,58,Bhopal,Debit Card,1,iPhone 11
3293,1/4/1900,1/4/1900,7/16/1905,Sunday,Vivo,3,58030.91,Arun Shah,18,Indore,UPI,3,Vivo V20
3294,1/4/1900,1/4/1900,7/16/1905,Sunday,Samsung,4,25227.86,Reena Bhatnagar,22,Mumbai,Credit Card,1,Galaxy A51
3295,1/4/1900,1/4/1900,7/16/1905,Sunday,Samsung,6,35348.73,Lata Chatterjee,58,Mumbai,Credit Card,5,Galaxy S21
3296,1/4/1900,1/4/1900,7/16/1905,Sunday,OnePlus,1,57192.94,Rohan Sheth,37,Ranchi,Cash,5,OnePlus 8T
3297,1/5/1900,1/4/1900,7/16/1905,Monday,OnePlus,9,68432.67,Kiran Pathak,22,Mumbai,UPI,1,OnePlus Nord
3298,1/5/1900,1/4/1900,7/16/1905,Monday,Samsung,5,13577.53,Amit Pillai,53,Mumbai,Cash,3,Galaxy A51
3299,1/5/1900,1/4/1900,7/16/1905,Monday,Apple,7,58747.37,Lalita Patel,46,Delhi,Credit Card,1,iPhone 12
3300,1/5/1900,1/4/1900,7/16/1905,Monday,Samsung,9,28041.34,Sanjay Patel,51,Delhi,UPI,3,Galaxy S21
3301,1/6/1900,1/4/1900,7/16/1905,Tuesday,Xiaomi,9,43044.6,Pankaj Patel,35,Delhi,Cash,2,Redmi Note 10
3302,1/6/1900,1/4/1900,7/16/1905,Tuesday,Vivo,1,27405.54,Anjali Nambiar,19,Madurai,Credit Card,2,Vivo V20
3303,1/6/1900,1/4/1900,7/16/1905,Tuesday,Apple,1,46806.73,Monika Sharma,33,Gorakhpur,Cash,3,iPhone SE
3304,1/7/1900,1/4/1900,7/16/1905,Wednesday,Xiaomi,3,31228.17,Meena Kaur,46,Kolkata,UPI,4,Mi 11
3305,1/7/1900,1/4/1900,7/16/1905,Wednesday,Apple,6,30016.89,Sachin Rao,50,Jodhpur,Cash,2,iPhone 11
3306,1/7/1900,1/4/1900,7/16/1905,Wednesday,Xiaomi,2,12276.3,Sanjay Jain,33,Delhi,Cash,5,Mi 11
3307,1/7/1900,1/4/1900,7/16/1905,Wednesday,Vivo,1,18817.62,Vivek Sharma,52,Jodhpur,Credit Card,1,Vivo V20
3308,1/8/1900,1/4/1900,7/16/1905,Thursday,Vivo,1,65024.69,Anjali Thakur,59,Kolkata,UPI,4,Vivo Y51
3309,1/8/1900,1/4/1900,7/16/1905,Thursday,OnePlus,5,69896.65,Bhavana Rawat,34,Delhi,Debit Card,5,OnePlus 9
3310,1/8/1900,1/4/1900,7/16/1905,Thursday,Xiaomi,4,56831.23,Radha Sharma,21,Bangalore,Debit Card,1,Redmi Note 10
3311,1/9/1900,1/4/1900,7/16/1905,Friday,OnePlus,1,27208.76,Yogesh Bhattacharya,21,Mumbai,Cash,5,OnePlus 8T
3312,1/9/1900,1/4/1900,7/16/1905,Friday,Xiaomi,4,34146.71,Tapan Siddiqui,42,Ludhiana,Credit Card,4,Mi 11
3313,1/9/1900,1/4/1900,7/16/1905,Friday,OnePlus,3,54370.21,Manoj Ahuja,50,Mumbai,UPI,3,OnePlus 8T
3314,1/10/1900,1/4/1900,7/16/1905,Saturday,Vivo,2,68110.81,Namita Goyal,31,Mumbai,Credit Card,1,Vivo S1
3315,1/10/1900,1/4/1900,7/16/1905,Saturday,Apple,9,37328.27,Harish Prasad,41,Patna,UPI,5,iPhone 12
3316,1/10/1900,1/4/1900,7/16/1905,Saturday,OnePlus,1,59771.34,Pankaj Pathak,28,Vadodara,Credit Card,5,OnePlus Nord
3317,1/11/1900,1/4/1900,7/16/1905,Sunday,Xiaomi,7,68504.14,Aditya Roy,42,Delhi,Debit Card,4,Mi 11
3318,1/11/1900,1/4/1900,7/16/1905,Sunday,Xiaomi,4,62408.39,Vijay Varma,45,Delhi,Debit Card,4,Redmi 9
3319,1/11/1900,1/4/1900,7/16/1905,Sunday,Vivo,5,23628.98,Arun Mehta,24,Gorakhpur,Debit Card,4,Vivo S1
3320,1/12/1900,1/4/1900,7/16/1905,Monday,Xiaomi,5,10481.91,Tapan Singh,53,Mumbai,Credit Card,3,Mi 11
3321,1/12/1900,1/4/1900,7/16/1905,Monday,Samsung,1,39524.9,Sumit Sheth,27,Kolkata,Credit Card,2,Galaxy Note 20
3322,1/12/1900,1/4/1900,7/16/1905,Monday,Apple,6,41881.65,Anita Luthra,53,Jodhpur,Cash,5,iPhone 12
3323,1/12/1900,1/4/1900,7/16/1905,Monday,OnePlus,9,22075.02,Prashant Gupta,48,Kolkata,Debit Card,3,OnePlus 9
3324,1/13/1900,1/4/1900,7/16/1905,Tuesday,Apple,2,27080.46,Amit Ahuja,36,Patna,Cash,5,iPhone SE
3325,1/13/1900,1/4/1900,7/16/1905,Tuesday,Vivo,7,55909.19,Sanjay Mehta,35,Ranchi,Credit Card,3,Vivo Y51
3326,1/13/1900,1/4/1900,7/16/1905,Tuesday,OnePlus,6,38220.84,Yogesh Rao,23,Indore,UPI,1,OnePlus 9
3327,1/13/1900,1/4/1900,7/16/1905,Tuesday,OnePlus,5,29041.25,Tanuja Mathur,45,Ranchi,Debit Card,2,OnePlus 9
3328,1/14/1900,1/4/1900,7/16/1905,Wednesday,Samsung,4,47357.56,Tapan Kumar,24,Jodhpur,Debit Card,5,Galaxy A51
3329,1/14/1900,1/4/1900,7/16/1905,Wednesday,Vivo,4,49165.59,Pankaj Sheth,55,Kanpur,Debit Card,4,Vivo S1
3330,1/14/1900,1/4/1900,7/16/1905,Wednesday,Xiaomi,6,56163.75,Umesh Reddy,29,Mumbai,Debit Card,2,Redmi 9
3331,1/15/1900,1/4/1900,7/16/1905,Thursday,Samsung,4,19402.56,Radha Kumar,58,Delhi,Debit Card,5,Galaxy Note 20
3332,1/15/1900,1/4/1900,7/16/1905,Thursday,Samsung,5,54491.04,Lata Rathod,51,Kanpur,Credit Card,1,Galaxy S21
3333,1/15/1900,1/4/1900,7/16/1905,Thursday,Apple,6,45965.7,Isha Dutta,42,Lucknow,Debit Card,5,iPhone 12
3334,1/16/1900,1/4/1900,7/16/1905,Friday,Apple,5,13454.31,Arun Mehta,34,Delhi,Debit Card,5,iPhone 12
3335,1/16/1900,1/4/1900,7/16/1905,Friday,Apple,7,56646.74,Manoj Kulkarni,50,Mumbai,Cash,5,iPhone SE
3336,1/16/1900,1/4/1900,7/16/1905,Friday,Samsung,9,32984.82,Krishna Iyer,40,Bhopal,UPI,2,Galaxy Note 20
3337,1/16/1900,1/4/1900,7/16/1905,Friday,Xiaomi,7,29822.86,Sunil Reddy,26,Indore,Debit Card,5,Redmi 9
3338,1/17/1900,1/4/1900,7/16/1905,Saturday,OnePlus,7,36884.51,Neeta Mishra,23,Kolkata,Cash,4,OnePlus Nord
3339,1/17/1900,1/4/1900,7/16/1905,Saturday,Apple,4,30770.5,Radha Kumar,19,Bhopal,Credit Card,3,iPhone 11
3340,1/17/1900,1/4/1900,7/16/1905,Saturday,Xiaomi,1,30297.14,Deepika Das,55,Mumbai,Cash,4,Mi 11
3341,1/18/1900,1/4/1900,7/16/1905,Sunday,Vivo,8,58484.66,Radha Sharma,26,Delhi,Debit Card,1,Vivo S1
3342,1/18/1900,1/4/1900,7/16/1905,Sunday,Apple,4,17470.32,Harish Mishra,20,Mumbai,Cash,2,iPhone 11
3343,1/18/1900,1/4/1900,7/16/1905,Sunday,OnePlus,1,68236,Nikhil Kapoor,33,Rajkot,Cash,3,OnePlus Nord
3344,1/18/1900,1/4/1900,7/16/1905,Sunday,Vivo,5,43295.9,Navin Pathak,42,Delhi,Credit Card,2,Vivo V20
3345,1/19/1900,1/4/1900,7/16/1905,Monday,Vivo,8,20975.44,Ayesha Sheth,41,Bangalore,Cash,2,Vivo Y51
3346,1/19/1900,1/4/1900,7/16/1905,Monday,OnePlus,4,17872.93,Tanuja Malhotra,46,Ludhiana,Credit Card,5,OnePlus 9
3347,1/19/1900,1/4/1900,7/16/1905,Monday,Apple,8,45490.57,Radha Kapoor,57,Indore,Credit Card,4,iPhone 11
3348,1/20/1900,1/4/1900,7/16/1905,Tuesday,Samsung,8,47979.97,Priyanka Patel,43,Rajkot,Cash,3,Galaxy A51
3349,1/20/1900,1/4/1900,7/16/1905,Tuesday,OnePlus,3,13181.55,Priyanka Dutta,55,Mumbai,Debit Card,5,OnePlus Nord
3350,1/20/1900,1/4/1900,7/16/1905,Tuesday,OnePlus,9,24580.11,Umesh Patel,52,Kolkata,UPI,3,OnePlus Nord
3351,1/21/1900,1/4/1900,7/16/1905,Wednesday,OnePlus,3,57727.72,Prashant Das,40,Ranchi,Cash,4,OnePlus Nord
3352,1/21/1900,1/4/1900,7/16/1905,Wednesday,Vivo,1,12977.48,Vinod Ahuja,21,Kolkata,Cash,5,Vivo S1
3353,1/21/1900,1/4/1900,7/16/1905,Wednesday,Xiaomi,2,61305.32,Anjali Nambiar,59,Mumbai,Cash,3,Redmi 9
3354,1/21/1900,1/4/1900,7/16/1905,Wednesday,Samsung,6,49489.75,Radha Pathak,31,Chennai,UPI,5,Galaxy Note 20
3355,1/22/1900,1/4/1900,7/16/1905,Thursday,Apple,2,36065.4,Ravi Reddy,56,Mumbai,UPI,2,iPhone 11
3356,1/22/1900,1/4/1900,7/16/1905,Thursday,Apple,6,30785.97,Ravi Jain,24,Ludhiana,Credit Card,1,iPhone 12
3357,1/22/1900,1/4/1900,7/16/1905,Thursday,Xiaomi,1,11154.94,Lalita Ahuja,25,Vadodara,UPI,3,Mi 11
3358,1/23/1900,1/4/1900,7/16/1905,Friday,OnePlus,1,59512.9,Priyanka Mishra,59,Kolkata,UPI,4,OnePlus 8T
3359,1/23/1900,1/4/1900,7/16/1905,Friday,Samsung,5,18563.31,Vinod Srivastava,36,Lucknow,Cash,3,Galaxy S21
3360,1/23/1900,1/4/1900,7/16/1905,Friday,Apple,9,28572.52,Anita Srivastava,19,Delhi,Credit Card,1,iPhone 12
3361,1/23/1900,1/4/1900,7/16/1905,Friday,Apple,8,44146.42,Neeta Ghosh,18,Coimbatore,Debit Card,3,iPhone SE
3362,1/24/1900,1/4/1900,7/16/1905,Saturday,OnePlus,3,24759.56,Gita Bhattacharya,59,Chennai,Credit Card,3,OnePlus 9
3363,1/24/1900,1/4/1900,7/16/1905,Saturday,Xiaomi,3,39828.43,Nikhil Bhattacharya,55,Delhi,UPI,3,Redmi Note 10
3364,1/24/1900,1/4/1900,7/16/1905,Saturday,Samsung,1,58560.57,Umesh Dutta,30,Kanpur,UPI,4,Galaxy Note 20
3365,1/25/1900,1/4/1900,7/16/1905,Sunday,Xiaomi,3,38232.28,Jyoti Menon,59,Delhi,Cash,1,Redmi 9
3366,1/25/1900,1/4/1900,7/16/1905,Sunday,Xiaomi,1,66938.64,Jyoti Mishra,41,Rajkot,Debit Card,1,Redmi Note 10
3367,1/25/1900,1/4/1900,7/16/1905,Sunday,Samsung,8,60850.04,Krishna Iyer,49,Mumbai,Debit Card,4,Galaxy A51
3368,1/26/1900,1/4/1900,7/16/1905,Monday,Samsung,1,29982.35,Tanuja Srivastava,47,Rajkot,Debit Card,3,Galaxy A51
3369,1/26/1900,1/4/1900,7/16/1905,Monday,Apple,5,33997.73,Tapan Rawat,23,Bhopal,UPI,3,iPhone 12
3370,1/26/1900,1/4/1900,7/16/1905,Monday,Apple,9,35399.6,Aditya Sheth,55,Madurai,UPI,1,iPhone 12
3371,1/27/1900,1/4/1900,7/16/1905,Tuesday,Samsung,7,47570.77,Yogesh Mishra,50,Chennai,Credit Card,3,Galaxy S21
3372,1/27/1900,1/4/1900,7/16/1905,Tuesday,Vivo,4,27207.74,Vivek Nair,40,Madurai,UPI,2,Vivo V20
3373,1/27/1900,1/4/1900,7/16/1905,Tuesday,Apple,9,68154.95,Namita Siddiqui,27,Delhi,Debit Card,3,iPhone SE
3374,1/27/1900,1/4/1900,7/16/1905,Tuesday,Vivo,9,46521.05,Isha Sheth,32,Mumbai,Debit Card,3,Vivo Y51
3375,1/28/1900,1/4/1900,7/16/1905,Wednesday,Samsung,2,33964.1,Prashant Nair,40,Patna,Debit Card,5,Galaxy A51
3376,1/28/1900,1/4/1900,7/16/1905,Wednesday,Apple,6,48700.59,Vivek Mehta,53,Hyderabad,Cash,1,iPhone SE
3377,1/28/1900,1/4/1900,7/16/1905,Wednesday,Xiaomi,4,33724.3,Reena Chatterjee,18,Bhopal,Credit Card,1,Redmi 9
3378,1/29/1900,1/4/1900,7/16/1905,Thursday,Samsung,8,59067.74,Deepika Gupta,25,Delhi,Credit Card,2,Galaxy S21
3379,1/29/1900,1/4/1900,7/16/1905,Thursday,OnePlus,7,44070.46,Rohan Roy,20,Coimbatore,UPI,2,OnePlus 9
3380,1/29/1900,1/4/1900,7/16/1905,Thursday,Vivo,7,12518.23,Aditya Iyer,31,Bhopal,Cash,2,Vivo Y51
3381,1/30/1900,1/4/1900,7/16/1905,Friday,Samsung,9,20605.41,Priya Teja,34,Delhi,Credit Card,1,Galaxy Note 20
3382,1/30/1900,1/4/1900,7/16/1905,Friday,Samsung,5,61899.64,Pooja Srivastava,51,Chennai,Cash,5,Galaxy Note 20
3383,1/30/1900,1/4/1900,7/16/1905,Friday,Apple,6,43773.99,Priyanka Chatterjee,23,Madurai,Cash,5,iPhone SE
3384,12/31/1899,1/5/1900,7/16/1905,Saturday,Apple,1,67020.61,Mala Srivastava,22,Mumbai,UPI,4,iPhone 11
3385,12/31/1899,1/5/1900,7/16/1905,Saturday,Apple,6,14345.34,Radha Gupta,58,Gorakhpur,Cash,1,iPhone SE
3386,12/31/1899,1/5/1900,7/16/1905,Saturday,OnePlus,2,27715.64,Priya Reddy,57,Bhopal,Credit Card,4,OnePlus 9
3387,1/1/1900,1/5/1900,7/16/1905,Sunday,Apple,6,21612.6,Ayesha Rathod,46,Mumbai,UPI,3,iPhone SE
3388,1/1/1900,1/5/1900,7/16/1905,Sunday,Samsung,9,43230.42,Nikhil Varma,52,Ludhiana,Credit Card,2,Galaxy S21
3389,1/1/1900,1/5/1900,7/16/1905,Sunday,Apple,8,32967.57,Vivek Rawat,35,Lucknow,Cash,4,iPhone 12
3390,1/1/1900,1/5/1900,7/16/1905,Sunday,Xiaomi,9,19436.41,Ravi Prasad,57,Delhi,Cash,4,Mi 11
3391,1/2/1900,1/5/1900,7/16/1905,Monday,Apple,8,48565.11,Neeta Sharma,47,Patna,Debit Card,5,iPhone 12
3392,1/2/1900,1/5/1900,7/16/1905,Monday,OnePlus,3,42177.9,Sachin Shah,32,Vadodara,UPI,2,OnePlus 8T
3393,1/2/1900,1/5/1900,7/16/1905,Monday,Xiaomi,8,26484.18,Sanjay Jain,32,Delhi,UPI,2,Mi 11
3394,1/2/1900,1/5/1900,7/16/1905,Monday,Samsung,6,38786.28,Vivek Mathur,33,Mumbai,Debit Card,5,Galaxy Note 20
3395,1/3/1900,1/5/1900,7/16/1905,Tuesday,Samsung,6,54744.3,Kavita Rawat,50,Delhi,Credit Card,4,Galaxy A51
3396,1/3/1900,1/5/1900,7/16/1905,Tuesday,Vivo,6,22316.3,Bina Kumar,27,Bhopal,Credit Card,5,Vivo Y51
3397,1/3/1900,1/5/1900,7/16/1905,Tuesday,Xiaomi,3,27574.34,Amit Sheth,36,Indore,Cash,4,Mi 11
3398,1/4/1900,1/5/1900,7/16/1905,Wednesday,Vivo,1,30766.66,Sachin Ghosh,54,Delhi,UPI,5,Vivo V20
3399,1/4/1900,1/5/1900,7/16/1905,Wednesday,Xiaomi,4,54803.59,Monika Rawat,20,Mumbai,Cash,5,Redmi 9
3400,1/4/1900,1/5/1900,7/16/1905,Wednesday,Xiaomi,6,60815.36,Lalita Bhatnagar,53,Mumbai,Debit Card,3,Mi 11
3401,1/4/1900,1/5/1900,7/16/1905,Wednesday,OnePlus,2,32583.31,Namita Kumar,21,Rajkot,Cash,4,OnePlus 8T
3402,1/5/1900,1/5/1900,7/16/1905,Thursday,Vivo,7,27797.25,Kavita Bhattacharya,28,Delhi,Credit Card,4,Vivo Y51
3403,1/5/1900,1/5/1900,7/16/1905,Thursday,OnePlus,7,63366.81,Mala Menon,58,Lucknow,Credit Card,2,OnePlus 9
3404,1/5/1900,1/5/1900,7/16/1905,Thursday,Xiaomi,4,69961.9,Devendra Arora,50,Kolkata,Debit Card,2,Redmi Note 10
3405,1/6/1900,1/5/1900,7/16/1905,Friday,Samsung,4,50221.22,Vijay Shah,45,Rajkot,Credit Card,5,Galaxy S21
3406,1/6/1900,1/5/1900,7/16/1905,Friday,Xiaomi,1,69398.84,Prashant Nair,49,Bangalore,Debit Card,3,Mi 11
3407,1/6/1900,1/5/1900,7/16/1905,Friday,OnePlus,2,49597.98,Sunil Varma,33,Delhi,UPI,5,OnePlus 8T
3408,1/7/1900,1/5/1900,7/16/1905,Saturday,Vivo,9,54007.62,Nikhil Pathak,26,Chennai,Debit Card,4,Vivo Y51
3409,1/7/1900,1/5/1900,7/16/1905,Saturday,Vivo,8,33319.36,Gita Iyer,28,Ludhiana,Debit Card,5,Vivo Y51
3410,1/7/1900,1/5/1900,7/16/1905,Saturday,OnePlus,8,35978.05,Jyoti Srivastava,23,Madurai,Debit Card,3,OnePlus 8T
3411,1/8/1900,1/5/1900,7/16/1905,Sunday,Vivo,9,18648.14,Shruti Bhatnagar,44,Kanpur,Credit Card,2,Vivo V20
3412,1/8/1900,1/5/1900,7/16/1905,Sunday,Apple,7,59365,Kiran Malhotra,29,Chennai,UPI,3,iPhone 11
3413,1/8/1900,1/5/1900,7/16/1905,Sunday,Samsung,9,65863.54,Isha Reddy,39,Mumbai,Cash,5,Galaxy A51
3414,1/8/1900,1/5/1900,7/16/1905,Sunday,Samsung,2,47406.29,Isha Sheth,57,Jodhpur,UPI,5,Galaxy Note 20
3415,1/9/1900,1/5/1900,7/16/1905,Monday,Samsung,6,30618.84,Meena Desai,54,Indore,Credit Card,2,Galaxy S21
3416,1/9/1900,1/5/1900,7/16/1905,Monday,Vivo,3,19240.98,Lalita Rathod,38,Hyderabad,UPI,2,Vivo Y51
3417,1/9/1900,1/5/1900,7/16/1905,Monday,Vivo,6,25909.37,Sanjay Thakur,50,Patna,UPI,5,Vivo S1
3418,1/9/1900,1/5/1900,7/16/1905,Monday,Xiaomi,3,25324.63,Manoj Goyal,34,Mumbai,Debit Card,2,Mi 11
3419,1/10/1900,1/5/1900,7/16/1905,Tuesday,Xiaomi,8,46811.67,Anita Deshmukh,46,Lucknow,Debit Card,5,Redmi 9
3420,1/10/1900,1/5/1900,7/16/1905,Tuesday,Samsung,4,66702.25,Anand Nair,57,Indore,Credit Card,2,Galaxy A51
3421,1/10/1900,1/5/1900,7/16/1905,Tuesday,Apple,6,12896.31,Sumit Goyal,27,Delhi,Debit Card,4,iPhone 12
3422,1/10/1900,1/5/1900,7/16/1905,Tuesday,Xiaomi,9,10061.34,Anjali Srivastava,35,Delhi,Credit Card,3,Redmi 9
3423,1/11/1900,1/5/1900,7/16/1905,Wednesday,Xiaomi,2,46010.92,Prashant Jain,30,Mumbai,Cash,5,Mi 11
3424,1/11/1900,1/5/1900,7/16/1905,Wednesday,Vivo,2,27043.63,Kavita Rawat,44,Bangalore,UPI,5,Vivo S1
3425,1/11/1900,1/5/1900,7/16/1905,Wednesday,Apple,7,62832.9,Anita Sharma,27,Vadodara,Cash,5,iPhone 11
3426,1/11/1900,1/5/1900,7/16/1905,Wednesday,Samsung,2,29635.02,Jyoti Ghosh,49,Ludhiana,Cash,4,Galaxy Note 20
3427,1/12/1900,1/5/1900,7/16/1905,Thursday,Xiaomi,2,27384.26,Yogesh Menon,58,Patna,UPI,2,Mi 11
3428,1/12/1900,1/5/1900,7/16/1905,Thursday,Apple,4,26170.64,Neeta Arora,20,Gorakhpur,Debit Card,2,iPhone 11
3429,1/12/1900,1/5/1900,7/16/1905,Thursday,Apple,9,18691.17,Isha Thakur,39,Gorakhpur,Cash,5,iPhone 12
3430,1/12/1900,1/5/1900,7/16/1905,Thursday,Samsung,8,44891.83,Navin Pathak,44,Bangalore,UPI,2,Galaxy Note 20
3431,1/13/1900,1/5/1900,7/16/1905,Friday,Apple,2,20092.82,Sanjay Das,20,Ludhiana,Cash,2,iPhone 12
3432,1/13/1900,1/5/1900,7/16/1905,Friday,Apple,8,35477.87,Kavita Goyal,50,Jodhpur,Cash,4,iPhone SE
3433,1/13/1900,1/5/1900,7/16/1905,Friday,Apple,4,37658.32,Shruti Pathak,19,Mumbai,UPI,5,iPhone 11
3434,1/13/1900,1/5/1900,7/16/1905,Friday,Xiaomi,2,11229.52,Kavita Kaur,28,Lucknow,Debit Card,3,Redmi 9
3435,1/14/1900,1/5/1900,7/16/1905,Saturday,Samsung,7,11008.44,Rajesh Singh,27,Jodhpur,Credit Card,5,Galaxy S21
3436,1/14/1900,1/5/1900,7/16/1905,Saturday,Apple,6,41212.76,Devendra Singh,56,Kanpur,UPI,5,iPhone 11
3437,1/14/1900,1/5/1900,7/16/1905,Saturday,Apple,5,51762.08,Sneha Yadav,50,Mumbai,Credit Card,3,iPhone 11
3438,1/14/1900,1/5/1900,7/16/1905,Saturday,Xiaomi,1,66528.55,Mala Das,24,Vadodara,UPI,5,Redmi Note 10
3439,1/15/1900,1/5/1900,7/16/1905,Sunday,Samsung,2,20747.16,Bina Teja,32,Delhi,UPI,5,Galaxy A51
3440,1/15/1900,1/5/1900,7/16/1905,Sunday,Vivo,8,16195.53,Pankaj Mehta,43,Bhopal,Credit Card,4,Vivo V20
3441,1/15/1900,1/5/1900,7/16/1905,Sunday,Xiaomi,1,13125.27,Lata Dutta,28,Chennai,Credit Card,4,Redmi 9
3442,1/15/1900,1/5/1900,7/16/1905,Sunday,Samsung,3,36162.49,Neeta Solanki,55,Bangalore,Debit Card,4,Galaxy A51
3443,1/16/1900,1/5/1900,7/16/1905,Monday,Apple,2,47388.84,Lata Shah,44,Kanpur,UPI,5,iPhone SE
3444,1/16/1900,1/5/1900,7/16/1905,Monday,Samsung,5,60433.2,Radha Rao,56,Chennai,UPI,5,Galaxy Note 20
3445,1/16/1900,1/5/1900,7/16/1905,Monday,Samsung,4,50958.69,Manoj Shah,24,Gorakhpur,UPI,2,Galaxy S21
3446,1/16/1900,1/5/1900,7/16/1905,Monday,Samsung,7,22501.65,Rajesh Yadav,18,Madurai,Debit Card,2,Galaxy Note 20
3447,1/17/1900,1/5/1900,7/16/1905,Tuesday,Vivo,5,37706.22,Nikhil Jain,27,Madurai,Credit Card,4,Vivo V20
3448,1/17/1900,1/5/1900,7/16/1905,Tuesday,Samsung,8,64620.78,Isha Menon,38,Mumbai,UPI,5,Galaxy A51
3449,1/17/1900,1/5/1900,7/16/1905,Tuesday,Vivo,4,29604.46,Pankaj Bhattacharya,32,Gorakhpur,Credit Card,2,Vivo Y51
3450,1/18/1900,1/5/1900,7/16/1905,Wednesday,Apple,6,39923.82,Mala Roy,47,Delhi,Debit Card,5,iPhone 11
3451,1/18/1900,1/5/1900,7/16/1905,Wednesday,Vivo,4,67513.92,Monika Ahuja,47,Delhi,Cash,5,Vivo Y51
3452,1/18/1900,1/5/1900,7/16/1905,Wednesday,Apple,2,54082.48,Neeta Solanki,25,Delhi,Credit Card,4,iPhone SE
3453,1/18/1900,1/5/1900,7/16/1905,Wednesday,Apple,1,54864.42,Anjali Varma,41,Ludhiana,Debit Card,3,iPhone 12
3454,1/19/1900,1/5/1900,7/16/1905,Thursday,Vivo,1,25140.04,Gita Roy,36,Bhopal,Cash,4,Vivo S1
3455,1/19/1900,1/5/1900,7/16/1905,Thursday,Xiaomi,8,34881.89,Sumit Malhotra,20,Bangalore,UPI,3,Mi 11
3456,1/19/1900,1/5/1900,7/16/1905,Thursday,OnePlus,4,14940.53,Vivek Mehta,32,Delhi,UPI,2,OnePlus 8T
3457,1/19/1900,1/5/1900,7/16/1905,Thursday,Samsung,5,46391.55,Bhavana Bhatnagar,53,Mumbai,Credit Card,3,Galaxy A51
3458,1/20/1900,1/5/1900,7/16/1905,Friday,OnePlus,8,16223.81,Devendra Rao,23,Ranchi,Cash,5,OnePlus 8T
3459,1/20/1900,1/5/1900,7/16/1905,Friday,Samsung,7,60154.57,Pankaj Sheth,59,Ranchi,Debit Card,3,Galaxy Note 20
3460,1/20/1900,1/5/1900,7/16/1905,Friday,Samsung,8,58873.23,Tanuja Teja,35,Delhi,UPI,2,Galaxy S21
3461,1/20/1900,1/5/1900,7/16/1905,Friday,Apple,8,42016.31,Sunita Verma,55,Ranchi,UPI,2,iPhone 12
3462,1/21/1900,1/5/1900,7/16/1905,Saturday,Samsung,6,18469.96,Sunita Mehta,36,Mumbai,Cash,4,Galaxy S21
3463,1/21/1900,1/5/1900,7/16/1905,Saturday,Samsung,2,11534.74,Anjali Gupta,47,Bangalore,Debit Card,2,Galaxy S21
3464,1/21/1900,1/5/1900,7/16/1905,Saturday,Vivo,6,57802.52,Sumit Goyal,30,Delhi,UPI,5,Vivo V20
3465,1/21/1900,1/5/1900,7/16/1905,Saturday,OnePlus,1,46008.43,Rohan Roy,56,Lucknow,UPI,3,OnePlus 9
3466,1/22/1900,1/5/1900,7/16/1905,Sunday,Vivo,1,52655.78,Yogesh Pathak,29,Mumbai,Credit Card,5,Vivo Y51
3467,1/22/1900,1/5/1900,7/16/1905,Sunday,Samsung,3,28228.43,Pankaj Sheth,51,Mumbai,Debit Card,2,Galaxy Note 20
3468,1/22/1900,1/5/1900,7/16/1905,Sunday,Apple,3,40568.96,Kavita Teja,29,Lucknow,UPI,3,iPhone 12
3469,1/22/1900,1/5/1900,7/16/1905,Sunday,Vivo,5,54830.45,Krishna Patel,41,Delhi,Cash,4,Vivo S1
3470,1/23/1900,1/5/1900,7/16/1905,Monday,Vivo,1,37753.8,Sunita Mathur,21,Coimbatore,UPI,5,Vivo V20
3471,1/23/1900,1/5/1900,7/16/1905,Monday,Xiaomi,6,46083.05,Lata Dutta,53,Vadodara,Debit Card,4,Mi 11
3472,1/23/1900,1/5/1900,7/16/1905,Monday,Samsung,7,57383.7,Ramesh Mishra,31,Mumbai,Credit Card,5,Galaxy A51
3473,1/23/1900,1/5/1900,7/16/1905,Monday,Apple,3,22913.24,Krishna Rao,34,Kanpur,UPI,4,iPhone SE
3474,1/24/1900,1/5/1900,7/16/1905,Tuesday,Vivo,4,13955.73,Sunita Luthra,20,Kanpur,Cash,3,Vivo S1
3475,1/24/1900,1/5/1900,7/16/1905,Tuesday,Vivo,3,41909.41,Bhavana Mehta,55,Coimbatore,UPI,5,Vivo Y51
3476,1/24/1900,1/5/1900,7/16/1905,Tuesday,Apple,1,13727.55,Lata Joshi,40,Coimbatore,Cash,4,iPhone SE
3477,1/24/1900,1/5/1900,7/16/1905,Tuesday,Samsung,8,55993.44,Anjali Kulkarni,30,Mumbai,Debit Card,4,Galaxy Note 20
3478,1/25/1900,1/5/1900,7/16/1905,Wednesday,Xiaomi,2,53152.69,Rajesh Kapoor,26,Delhi,Credit Card,5,Mi 11
3479,1/25/1900,1/5/1900,7/16/1905,Wednesday,Vivo,1,62902.76,Nikhil Patel,38,Indore,Debit Card,3,Vivo V20
3480,1/25/1900,1/5/1900,7/16/1905,Wednesday,Xiaomi,8,48373.73,Amit Ghosh,58,Delhi,UPI,4,Mi 11
3481,1/25/1900,1/5/1900,7/16/1905,Wednesday,OnePlus,7,14031.85,Kiran Chaudhary,25,Delhi,UPI,3,OnePlus Nord
3482,1/26/1900,1/5/1900,7/16/1905,Thursday,Samsung,7,25189.13,Anand Joshi,34,Gorakhpur,Credit Card,2,Galaxy Note 20
3483,1/26/1900,1/5/1900,7/16/1905,Thursday,OnePlus,4,58475.91,Nikhil Menon,33,Mumbai,Cash,5,OnePlus 8T
3484,1/26/1900,1/5/1900,7/16/1905,Thursday,OnePlus,9,20027.95,Tapan Mishra,33,Rajkot,Debit Card,5,OnePlus 9
3485,1/26/1900,1/5/1900,7/16/1905,Thursday,OnePlus,6,51908.83,Vivek Shah,45,Mumbai,Cash,5,OnePlus 9
3486,1/27/1900,1/5/1900,7/16/1905,Friday,Samsung,2,56815.56,Priyanka Sharma,33,Kolkata,UPI,3,Galaxy Note 20
3487,1/27/1900,1/5/1900,7/16/1905,Friday,Samsung,1,29806.71,Shruti Mehta,31,Patna,Cash,4,Galaxy Note 20
3488,1/27/1900,1/5/1900,7/16/1905,Friday,Apple,1,29337.85,Sneha Mehta,55,Hyderabad,Debit Card,4,iPhone 11
3489,1/27/1900,1/5/1900,7/16/1905,Friday,Xiaomi,9,43468.16,Rohan Kapoor,37,Rajkot,Cash,3,Redmi Note 10
3490,1/28/1900,1/5/1900,7/16/1905,Saturday,Xiaomi,4,61677.18,Umesh Goyal,58,Mumbai,UPI,3,Redmi Note 10
3491,1/28/1900,1/5/1900,7/16/1905,Saturday,Apple,5,23434.37,Gita Rathod,51,Mumbai,Debit Card,2,iPhone SE
3492,1/28/1900,1/5/1900,7/16/1905,Saturday,Apple,3,66475.49,Deepika Patel,46,Delhi,Cash,5,iPhone SE
3493,1/28/1900,1/5/1900,7/16/1905,Saturday,OnePlus,4,45947.12,Devendra Yadav,20,Ranchi,Cash,5,OnePlus Nord
3494,1/29/1900,1/5/1900,7/16/1905,Sunday,Apple,8,69527.59,Sunita Luthra,27,Mumbai,Debit Card,5,iPhone SE
3495,1/29/1900,1/5/1900,7/16/1905,Sunday,Vivo,4,15376.82,Anita Kulkarni,37,Patna,UPI,4,Vivo V20
3496,1/29/1900,1/5/1900,7/16/1905,Sunday,Xiaomi,9,17593.73,Sanjay Ghosh,19,Delhi,Debit Card,5,Redmi Note 10
3497,12/31/1899,1/6/1900,7/16/1905,Monday,Apple,9,59598.51,Neeta Arora,44,Gorakhpur,UPI,4,iPhone 11
3498,12/31/1899,1/6/1900,7/16/1905,Monday,Vivo,6,61885.35,Isha Gupta,49,Delhi,Cash,4,Vivo S1
3499,12/31/1899,1/6/1900,7/16/1905,Monday,Vivo,2,36727.52,Rohan Dutta,27,Hyderabad,Debit Card,2,Vivo Y51
3500,1/1/1900,1/6/1900,7/16/1905,Tuesday,Vivo,7,52844.27,Umesh Reddy,57,Ludhiana,UPI,3,Vivo Y51
3501,1/1/1900,1/6/1900,7/16/1905,Tuesday,Vivo,9,62053.44,Isha Desai,34,Delhi,Debit Card,3,Vivo V20
3502,1/1/1900,1/6/1900,7/16/1905,Tuesday,OnePlus,6,12587.67,Priyanka Verma,50,Delhi,Cash,3,OnePlus 8T
3503,1/1/1900,1/6/1900,7/16/1905,Tuesday,Vivo,3,44437.03,Monika Mehta,23,Hyderabad,Debit Card,5,Vivo Y51
3504,1/2/1900,1/6/1900,7/16/1905,Wednesday,OnePlus,7,61208.84,Reena Das,56,Mumbai,Cash,3,OnePlus 9
3505,1/2/1900,1/6/1900,7/16/1905,Wednesday,OnePlus,5,33889.3,Krishna Patel,35,Bangalore,Cash,5,OnePlus 9
3506,1/2/1900,1/6/1900,7/16/1905,Wednesday,Vivo,1,28143.02,Rohan Sheth,26,Delhi,Cash,5,Vivo V20
3507,1/2/1900,1/6/1900,7/16/1905,Wednesday,Xiaomi,3,57742.4,Navin Kaur,25,Coimbatore,UPI,5,Redmi Note 10
3508,1/3/1900,1/6/1900,7/16/1905,Thursday,Vivo,5,30147.2,Arun Teja,42,Rajkot,UPI,4,Vivo S1
3509,1/3/1900,1/6/1900,7/16/1905,Thursday,Vivo,7,10190.46,Sachin Kaur,48,Indore,Credit Card,2,Vivo S1
3510,1/3/1900,1/6/1900,7/16/1905,Thursday,Vivo,3,67574.36,Rohan Patel,59,Ludhiana,UPI,2,Vivo S1
3511,1/4/1900,1/6/1900,7/16/1905,Friday,Xiaomi,6,45527.39,Pooja Arora,21,Chennai,Credit Card,4,Mi 11
3512,1/4/1900,1/6/1900,7/16/1905,Friday,Samsung,5,59171.08,Lata Shah,37,Rajkot,Debit Card,5,Galaxy A51
3513,1/4/1900,1/6/1900,7/16/1905,Friday,Samsung,1,59518.09,Nikhil Luthra,45,Kanpur,Cash,2,Galaxy S21
3514,1/4/1900,1/6/1900,7/16/1905,Friday,OnePlus,6,13984.63,Rajesh Siddiqui,57,Indore,UPI,4,OnePlus Nord
3515,1/5/1900,1/6/1900,7/16/1905,Saturday,OnePlus,8,20251.61,Rajesh Nambiar,18,Hyderabad,Cash,2,OnePlus 9
3516,1/5/1900,1/6/1900,7/16/1905,Saturday,Xiaomi,1,28667.24,Anita Mehta,57,Bhopal,Credit Card,5,Redmi 9
3517,1/5/1900,1/6/1900,7/16/1905,Saturday,Apple,2,29241.96,Jyoti Jain,40,Delhi,UPI,2,iPhone SE
3518,1/6/1900,1/6/1900,7/16/1905,Sunday,Samsung,4,49527.17,Vijay Rao,30,Delhi,UPI,5,Galaxy S21
3519,1/6/1900,1/6/1900,7/16/1905,Sunday,OnePlus,2,47387.98,Ravi Siddiqui,33,Delhi,UPI,5,OnePlus 9
3520,1/6/1900,1/6/1900,7/16/1905,Sunday,Samsung,9,39675.39,Vivek Sheth,43,Ranchi,UPI,2,Galaxy Note 20
3521,1/7/1900,1/6/1900,7/16/1905,Monday,Xiaomi,8,22675.82,Manoj Luthra,48,Kolkata,Cash,2,Mi 11
3522,1/7/1900,1/6/1900,7/16/1905,Monday,Xiaomi,8,32919.01,Vivek Prasad,18,Hyderabad,UPI,5,Mi 11
3523,1/7/1900,1/6/1900,7/16/1905,Monday,Apple,4,42615.64,Bina Das,34,Madurai,Credit Card,2,iPhone SE
3524,1/8/1900,1/6/1900,7/16/1905,Tuesday,Apple,5,38079.12,Bina Roy,33,Delhi,UPI,5,iPhone SE
3525,1/8/1900,1/6/1900,7/16/1905,Tuesday,Xiaomi,4,17637.55,Prashant Arora,54,Mumbai,Credit Card,3,Redmi Note 10
3526,1/8/1900,1/6/1900,7/16/1905,Tuesday,OnePlus,9,48970.63,Gita Rao,27,Madurai,Credit Card,3,OnePlus 9
3527,1/9/1900,1/6/1900,7/16/1905,Wednesday,Samsung,2,14383.11,Anita Kumar,55,Mumbai,Cash,4,Galaxy Note 20
3528,1/9/1900,1/6/1900,7/16/1905,Wednesday,Vivo,8,32691.68,Sneha Patel,48,Delhi,UPI,3,Vivo V20
3529,1/9/1900,1/6/1900,7/16/1905,Wednesday,Apple,2,52601.76,Reena Arora,27,Bhopal,Credit Card,5,iPhone SE
3530,1/10/1900,1/6/1900,7/16/1905,Thursday,Vivo,1,11201.41,Reena Das,51,Bangalore,UPI,3,Vivo V20
3531,1/10/1900,1/6/1900,7/16/1905,Thursday,OnePlus,3,44198.97,Harish Pillai,23,Coimbatore,Cash,3,OnePlus 9
3532,1/10/1900,1/6/1900,7/16/1905,Thursday,Apple,9,30071.26,Namita Patel,45,Chennai,Cash,5,iPhone 12
3533,1/10/1900,1/6/1900,7/16/1905,Thursday,Vivo,3,10529.91,Radha Pathak,45,Delhi,UPI,5,Vivo V20
3534,1/11/1900,1/6/1900,7/16/1905,Friday,OnePlus,9,21423,Neeta Ghosh,30,Rajkot,Credit Card,3,OnePlus 9
3535,1/11/1900,1/6/1900,7/16/1905,Friday,Samsung,7,66456.77,Sumit Sharma,58,Delhi,Debit Card,4,Galaxy Note 20
3536,1/11/1900,1/6/1900,7/16/1905,Friday,OnePlus,1,41268.93,Vivek Kaur,29,Ranchi,Debit Card,3,OnePlus 8T
3537,1/12/1900,1/6/1900,7/16/1905,Saturday,Apple,5,69833.63,Rajesh Sheth,57,Kolkata,Cash,3,iPhone SE
3538,1/12/1900,1/6/1900,7/16/1905,Saturday,Xiaomi,9,41489.01,Manoj Thakur,19,Vadodara,Credit Card,5,Mi 11
3539,1/12/1900,1/6/1900,7/16/1905,Saturday,Samsung,3,42636.18,Yogesh Rao,25,Chennai,Debit Card,5,Galaxy S21
3540,1/12/1900,1/6/1900,7/16/1905,Saturday,Vivo,9,33510.58,Aditya Jain,59,Delhi,Credit Card,4,Vivo Y51
3541,1/13/1900,1/6/1900,7/16/1905,Sunday,Apple,5,28602.43,Yogesh Dutta,26,Lucknow,UPI,2,iPhone SE
3542,1/13/1900,1/6/1900,7/16/1905,Sunday,Xiaomi,9,25092.73,Sneha Arora,25,Delhi,Cash,5,Mi 11
3543,1/13/1900,1/6/1900,7/16/1905,Sunday,OnePlus,6,30605.24,Rajesh Desai,20,Kolkata,UPI,2,OnePlus Nord
3544,1/13/1900,1/6/1900,7/16/1905,Sunday,Xiaomi,9,37591.06,Kiran Srivastava,26,Kolkata,UPI,4,Redmi 9
3545,1/14/1900,1/6/1900,7/16/1905,Monday,Apple,7,21519.52,Sanjay Sheth,30,Ludhiana,UPI,3,iPhone SE
3546,1/14/1900,1/6/1900,7/16/1905,Monday,Apple,7,23492.51,Ravi Bhattacharya,26,Rajkot,Credit Card,3,iPhone 12
3547,1/14/1900,1/6/1900,7/16/1905,Monday,Xiaomi,8,26292.69,Manoj Kaur,48,Patna,Debit Card,2,Redmi 9
3548,1/15/1900,1/6/1900,7/16/1905,Tuesday,OnePlus,7,36955.59,Ravi Gupta,42,Vadodara,UPI,4,OnePlus 8T
3549,1/15/1900,1/6/1900,7/16/1905,Tuesday,Xiaomi,9,49168.8,Kavita Nair,25,Rajkot,Cash,4,Mi 11
3550,1/15/1900,1/6/1900,7/16/1905,Tuesday,Apple,9,61368.77,Anita Kumar,48,Mumbai,Credit Card,5,iPhone 11
3551,1/16/1900,1/6/1900,7/16/1905,Wednesday,Apple,6,27227.91,Anjali Desai,48,Delhi,Debit Card,2,iPhone SE
3552,1/16/1900,1/6/1900,7/16/1905,Wednesday,Vivo,7,21023.7,Namita Goyal,34,Kolkata,UPI,5,Vivo S1
3553,1/16/1900,1/6/1900,7/16/1905,Wednesday,Vivo,2,32730.85,Vivek Ghosh,36,Delhi,Cash,2,Vivo V20
3554,1/16/1900,1/6/1900,7/16/1905,Wednesday,Samsung,9,63662.98,Meena Desai,20,Bhopal,UPI,5,Galaxy A51
3555,1/17/1900,1/6/1900,7/16/1905,Thursday,Apple,1,10591.64,Lalita Sheth,47,Delhi,Debit Card,5,iPhone 11
3556,1/17/1900,1/6/1900,7/16/1905,Thursday,Vivo,1,50672.12,Ramesh Sharma,27,Lucknow,Debit Card,4,Vivo V20
3557,1/17/1900,1/6/1900,7/16/1905,Thursday,Xiaomi,3,38629.6,Monika Bhatnagar,46,Indore,UPI,4,Mi 11
3558,1/18/1900,1/6/1900,7/16/1905,Friday,OnePlus,6,19662.77,Anjali Jain,57,Delhi,UPI,3,OnePlus 9
3559,1/18/1900,1/6/1900,7/16/1905,Friday,Xiaomi,5,29261.29,Bhavana Mehta,35,Delhi,Credit Card,3,Redmi 9
3560,1/18/1900,1/6/1900,7/16/1905,Friday,OnePlus,2,23497,Vijay Varma,29,Mumbai,Debit Card,4,OnePlus 9
3561,1/19/1900,1/6/1900,7/16/1905,Saturday,Vivo,9,62669.93,Pooja Rao,40,Madurai,Debit Card,4,Vivo S1
3562,1/19/1900,1/6/1900,7/16/1905,Saturday,Samsung,4,38912.4,Vivek Patel,28,Delhi,UPI,5,Galaxy A51
3563,1/19/1900,1/6/1900,7/16/1905,Saturday,Xiaomi,4,43785.66,Aditya Nair,26,Delhi,Cash,3,Mi 11
3564,1/19/1900,1/6/1900,7/16/1905,Saturday,Xiaomi,5,45621.26,Umesh Kulkarni,41,Mumbai,UPI,4,Redmi 9
3565,1/20/1900,1/6/1900,7/16/1905,Sunday,Xiaomi,8,48377.03,Sunil Sheth,42,Mumbai,UPI,2,Redmi 9
3566,1/20/1900,1/6/1900,7/16/1905,Sunday,OnePlus,4,39733.34,Harish Solanki,42,Kolkata,Debit Card,2,OnePlus Nord
3567,1/20/1900,1/6/1900,7/16/1905,Sunday,Vivo,5,11072.41,Namita Das,26,Delhi,Credit Card,3,Vivo Y51
3568,1/20/1900,1/6/1900,7/16/1905,Sunday,Xiaomi,4,30083.36,Vijay Rawat,29,Ranchi,UPI,2,Redmi 9
3569,1/21/1900,1/6/1900,7/16/1905,Monday,Xiaomi,6,21032.39,Lalita Luthra,28,Mumbai,Cash,5,Mi 11
3570,1/21/1900,1/6/1900,7/16/1905,Monday,Samsung,3,50808.57,Ayesha Patel,55,Delhi,Cash,3,Galaxy S21
3571,1/21/1900,1/6/1900,7/16/1905,Monday,Samsung,8,13402.28,Meena Chatterjee,45,Jodhpur,UPI,4,Galaxy Note 20
3572,1/22/1900,1/6/1900,7/16/1905,Tuesday,Vivo,6,43828.2,Deepika Kulkarni,25,Delhi,Cash,2,Vivo Y51
3573,1/22/1900,1/6/1900,7/16/1905,Tuesday,Vivo,5,22637.9,Arun Teja,27,Hyderabad,Cash,5,Vivo S1
3574,1/22/1900,1/6/1900,7/16/1905,Tuesday,Apple,2,66930.75,Sanjay Ghosh,42,Mumbai,UPI,4,iPhone 11
3575,1/22/1900,1/6/1900,7/16/1905,Tuesday,Samsung,7,30132.46,Devendra Varma,53,Delhi,Cash,5,Galaxy S21
3576,1/23/1900,1/6/1900,7/16/1905,Wednesday,Apple,2,29513.27,Yogesh Ahuja,26,Indore,Cash,5,iPhone 11
3577,1/23/1900,1/6/1900,7/16/1905,Wednesday,OnePlus,1,65403.08,Mala Ghosh,58,Ranchi,UPI,2,OnePlus Nord
3578,1/23/1900,1/6/1900,7/16/1905,Wednesday,Apple,7,35040.88,Priya Bhattacharya,25,Delhi,Debit Card,5,iPhone 12
3579,1/24/1900,1/6/1900,7/16/1905,Thursday,Xiaomi,5,67771.74,Vivek Pathak,20,Delhi,Credit Card,5,Redmi 9
3580,1/24/1900,1/6/1900,7/16/1905,Thursday,Apple,1,11450.22,Meena Verma,35,Bhopal,Credit Card,5,iPhone SE
3581,1/24/1900,1/6/1900,7/16/1905,Thursday,Vivo,4,28380.67,Anita Mehta,52,Mumbai,Debit Card,5,Vivo Y51
3582,1/25/1900,1/6/1900,7/16/1905,Friday,OnePlus,4,49971.58,Priya Prasad,34,Hyderabad,UPI,4,OnePlus Nord
3583,1/25/1900,1/6/1900,7/16/1905,Friday,Xiaomi,7,63451.42,Kiran Joshi,53,Mumbai,Debit Card,4,Redmi Note 10
3584,1/25/1900,1/6/1900,7/16/1905,Friday,Apple,9,25384.34,Radha Kaur,45,Delhi,Credit Card,5,iPhone 12
3585,1/26/1900,1/6/1900,7/16/1905,Saturday,OnePlus,2,65828.66,Namita Patel,32,Lucknow,Credit Card,3,OnePlus 9
3586,1/26/1900,1/6/1900,7/16/1905,Saturday,OnePlus,1,45647.29,Anjali Pathak,36,Vadodara,Credit Card,3,OnePlus 9
3587,1/26/1900,1/6/1900,7/16/1905,Saturday,Xiaomi,2,58060.49,Ravi Bhattacharya,39,Lucknow,Credit Card,4,Mi 11
3588,1/26/1900,1/6/1900,7/16/1905,Saturday,Apple,7,33832.44,Bhavana Bhatnagar,23,Delhi,UPI,3,iPhone 12
3589,1/27/1900,1/6/1900,7/16/1905,Sunday,OnePlus,6,22730.82,Bina Jain,24,Hyderabad,Credit Card,4,OnePlus 8T
3590,1/27/1900,1/6/1900,7/16/1905,Sunday,OnePlus,4,64674.12,Rohan Roy,26,Kolkata,Credit Card,2,OnePlus Nord
3591,1/27/1900,1/6/1900,7/16/1905,Sunday,Samsung,1,65988.15,Mala Siddiqui,37,Delhi,UPI,4,Galaxy A51
3592,1/27/1900,1/6/1900,7/16/1905,Sunday,OnePlus,1,39854.51,Prashant Arora,54,Delhi,Debit Card,2,OnePlus 8T
3593,1/28/1900,1/6/1900,7/16/1905,Monday,Samsung,5,10389.7,Ayesha Rathod,28,Ranchi,UPI,5,Galaxy A51
3594,1/28/1900,1/6/1900,7/16/1905,Monday,Apple,1,16586.98,Sunil Menon,19,Bhopal,Credit Card,3,iPhone SE
3595,1/28/1900,1/6/1900,7/16/1905,Monday,Apple,7,44381.68,Kiran Malhotra,39,Delhi,Cash,5,iPhone 12
3596,1/28/1900,1/6/1900,7/16/1905,Monday,Apple,1,11426.6,Sachin Singh,53,Kanpur,UPI,5,iPhone SE
3597,1/29/1900,1/6/1900,7/16/1905,Tuesday,Vivo,1,33814.72,Anjali Chatterjee,22,Chennai,UPI,5,Vivo S1
3598,1/29/1900,1/6/1900,7/16/1905,Tuesday,Apple,2,28202.2,Yogesh Patel,24,Mumbai,Debit Card,5,iPhone 11
3599,1/29/1900,1/6/1900,7/16/1905,Tuesday,OnePlus,3,52860.9,Ravi Kulkarni,23,Coimbatore,Credit Card,4,OnePlus 9
3600,1/29/1900,1/6/1900,7/16/1905,Tuesday,Xiaomi,1,13334.72,Pooja Arora,39,Vadodara,Cash,4,Redmi 9
3601,1/30/1900,1/6/1900,7/16/1905,Wednesday,Samsung,9,39323.88,Radha Sharma,27,Delhi,UPI,3,Galaxy A51
3602,1/30/1900,1/6/1900,7/16/1905,Wednesday,Vivo,8,44746.86,Bhavana Desai,57,Hyderabad,UPI,5,Vivo Y51
3603,1/30/1900,1/6/1900,7/16/1905,Wednesday,Apple,5,47037.46,Anjali Nambiar,37,Delhi,UPI,5,iPhone SE
3604,1/30/1900,1/6/1900,7/16/1905,Wednesday,Apple,2,34309.46,Neeta Desai,45,Mumbai,Cash,5,iPhone 12
3605,12/31/1899,1/7/1900,7/16/1905,Thursday,Xiaomi,5,28262.07,Anita Luthra,40,Delhi,UPI,5,Redmi Note 10
3606,12/31/1899,1/7/1900,7/16/1905,Thursday,Xiaomi,6,50949.58,Reena Mehta,52,Rajkot,UPI,3,Redmi Note 10
3607,12/31/1899,1/7/1900,7/16/1905,Thursday,Vivo,1,60854.14,Lalita Bhatnagar,18,Mumbai,Cash,4,Vivo Y51
3608,1/1/1900,1/7/1900,7/16/1905,Friday,Samsung,4,51617.06,Kavita Teja,46,Bangalore,UPI,5,Galaxy S21
3609,1/1/1900,1/7/1900,7/16/1905,Friday,Apple,9,65926.14,Lata Chaudhary,26,Kanpur,Cash,3,iPhone 12
3610,1/1/1900,1/7/1900,7/16/1905,Friday,Vivo,2,53035.81,Pooja Pathak,26,Mumbai,Debit Card,5,Vivo V20
3611,1/2/1900,1/7/1900,7/16/1905,Saturday,OnePlus,5,55877.12,Navin Kapoor,39,Kanpur,Cash,5,OnePlus 9
3612,1/2/1900,1/7/1900,7/16/1905,Saturday,OnePlus,1,20074.19,Anita Kumar,19,Mumbai,Debit Card,4,OnePlus 9
3613,1/2/1900,1/7/1900,7/16/1905,Saturday,Vivo,4,35172.38,Reena Menon,33,Bhopal,Cash,4,Vivo V20
3614,1/3/1900,1/7/1900,7/16/1905,Sunday,Apple,4,39103.32,Tapan Luthra,57,Delhi,Credit Card,3,iPhone 11
3615,1/3/1900,1/7/1900,7/16/1905,Sunday,Vivo,6,25377.59,Devendra Menon,23,Kanpur,UPI,2,Vivo V20
3616,1/3/1900,1/7/1900,7/16/1905,Sunday,Apple,9,41712.39,Umesh Nair,30,Ranchi,Debit Card,3,iPhone SE
3617,1/4/1900,1/7/1900,7/16/1905,Monday,Xiaomi,3,27447.52,Anand Thakur,50,Delhi,UPI,3,Mi 11
3618,1/4/1900,1/7/1900,7/16/1905,Monday,Vivo,9,51250.13,Anand Siddiqui,36,Delhi,UPI,2,Vivo S1
3619,1/4/1900,1/7/1900,7/16/1905,Monday,Apple,6,38217.31,Prashant Mishra,32,Rajkot,Cash,5,iPhone SE
3620,1/4/1900,1/7/1900,7/16/1905,Monday,Vivo,7,37528.42,Amit Chatterjee,50,Indore,Credit Card,5,Vivo V20
3621,1/5/1900,1/7/1900,7/16/1905,Tuesday,Vivo,2,69018.55,Kunal Malhotra,27,Delhi,Cash,2,Vivo S1
3622,1/5/1900,1/7/1900,7/16/1905,Tuesday,Apple,6,33546.69,Bina Nair,18,Mumbai,UPI,5,iPhone SE
3623,1/5/1900,1/7/1900,7/16/1905,Tuesday,Apple,6,31737.73,Priyanka Joshi,29,Delhi,Cash,5,iPhone SE
3624,1/6/1900,1/7/1900,7/16/1905,Wednesday,Samsung,2,29116.26,Kunal Chaudhary,46,Mumbai,Debit Card,2,Galaxy S21
3625,1/6/1900,1/7/1900,7/16/1905,Wednesday,Vivo,2,63684.95,Meena Rathod,34,Rajkot,Credit Card,4,Vivo V20
3626,1/6/1900,1/7/1900,7/16/1905,Wednesday,OnePlus,2,39803.43,Arun Kumar,21,Hyderabad,UPI,3,OnePlus 9
3627,1/6/1900,1/7/1900,7/16/1905,Wednesday,Vivo,1,46000.87,Prashant Teja,46,Bangalore,Cash,2,Vivo Y51
3628,1/7/1900,1/7/1900,7/16/1905,Thursday,Vivo,5,20849.11,Rohan Shah,24,Jodhpur,Debit Card,2,Vivo V20
3629,1/7/1900,1/7/1900,7/16/1905,Thursday,Apple,8,42456.54,Ayesha Patel,30,Mumbai,Credit Card,5,iPhone 12
3630,1/7/1900,1/7/1900,7/16/1905,Thursday,Vivo,2,26478.89,Vijay Varma,22,Ludhiana,Cash,4,Vivo S1
3631,1/8/1900,1/7/1900,7/16/1905,Friday,Vivo,5,53838.22,Anita Bhattacharya,23,Delhi,Cash,2,Vivo V20
3632,1/8/1900,1/7/1900,7/16/1905,Friday,OnePlus,8,59951.7,Lalita Alva,51,Madurai,UPI,4,OnePlus Nord
3633,1/8/1900,1/7/1900,7/16/1905,Friday,Apple,5,52888.64,Yogesh Menon,24,Madurai,Debit Card,5,iPhone 12
3634,1/8/1900,1/7/1900,7/16/1905,Friday,Vivo,2,53814.65,Kunal Patel,45,Kolkata,Credit Card,2,Vivo V20
3635,1/9/1900,1/7/1900,7/16/1905,Saturday,Xiaomi,3,40748.48,Aditya Nair,27,Rajkot,Cash,4,Redmi Note 10
3636,1/9/1900,1/7/1900,7/16/1905,Saturday,Samsung,6,52727.08,Amit Ahuja,21,Indore,Credit Card,3,Galaxy S21
3637,1/9/1900,1/7/1900,7/16/1905,Saturday,OnePlus,5,35361.22,Tanuja Gupta,20,Mumbai,Debit Card,5,OnePlus 9
3638,1/9/1900,1/7/1900,7/16/1905,Saturday,Vivo,4,49089.35,Rohan Goyal,42,Mumbai,UPI,4,Vivo V20
3639,1/10/1900,1/7/1900,7/16/1905,Sunday,Xiaomi,4,25542.35,Anita Kulkarni,40,Gorakhpur,UPI,5,Redmi Note 10
3640,1/10/1900,1/7/1900,7/16/1905,Sunday,Vivo,5,14185.42,Manoj Iyer,44,Bangalore,UPI,2,Vivo S1
3641,1/10/1900,1/7/1900,7/16/1905,Sunday,Vivo,2,34808.4,Kavita Goyal,31,Vadodara,Credit Card,2,Vivo Y51
3642,1/11/1900,1/7/1900,7/16/1905,Monday,Apple,9,37706.69,Nikhil Chaudhary,55,Delhi,Credit Card,5,iPhone 11
3643,1/11/1900,1/7/1900,7/16/1905,Monday,Apple,2,25384.43,Sunil Kumar,49,Mumbai,Cash,5,iPhone 12
3644,1/11/1900,1/7/1900,7/16/1905,Monday,Apple,2,53662.57,Umesh Srivastava,40,Delhi,Debit Card,3,iPhone 11
3645,1/12/1900,1/7/1900,7/16/1905,Tuesday,Xiaomi,9,14413.03,Isha Nair,57,Mumbai,Debit Card,3,Redmi 9
3646,1/12/1900,1/7/1900,7/16/1905,Tuesday,Vivo,3,23364.9,Neeta Arora,54,Mumbai,Debit Card,4,Vivo S1
3647,1/12/1900,1/7/1900,7/16/1905,Tuesday,Samsung,7,54913.88,Lalita Shah,20,Bangalore,Credit Card,3,Galaxy A51
3648,1/13/1900,1/7/1900,7/16/1905,Wednesday,OnePlus,4,36227.46,Anand Thakur,52,Bhopal,UPI,5,OnePlus 8T
3649,1/13/1900,1/7/1900,7/16/1905,Wednesday,Apple,6,52317.02,Vinod Pathak,30,Delhi,Debit Card,2,iPhone 11
3650,1/13/1900,1/7/1900,7/16/1905,Wednesday,Apple,4,44049.15,Ravi Siddiqui,51,Coimbatore,Cash,5,iPhone 11
3651,1/14/1900,1/7/1900,7/16/1905,Thursday,Vivo,7,67042.76,Lata Verma,41,Mumbai,Credit Card,5,Vivo V20
3652,1/14/1900,1/7/1900,7/16/1905,Thursday,Vivo,1,45867.75,Anand Mehta,18,Rajkot,UPI,2,Vivo S1
3653,1/14/1900,1/7/1900,7/16/1905,Thursday,Xiaomi,3,10892.14,Meena Sheth,29,Delhi,Debit Card,5,Redmi 9
3654,1/14/1900,1/7/1900,7/16/1905,Thursday,Xiaomi,3,31172.64,Devendra Yadav,25,Delhi,UPI,3,Redmi Note 10
3655,1/15/1900,1/7/1900,7/16/1905,Friday,Apple,1,18583.64,Vivek Srivastava,36,Delhi,Cash,4,iPhone 11
3656,1/15/1900,1/7/1900,7/16/1905,Friday,Vivo,6,65478.02,Bhavana Kapoor,26,Gorakhpur,Debit Card,4,Vivo S1
3657,1/15/1900,1/7/1900,7/16/1905,Friday,Samsung,9,16240.75,Tapan Ahuja,45,Mumbai,Debit Card,5,Galaxy Note 20
3658,1/16/1900,1/7/1900,7/16/1905,Saturday,OnePlus,8,33262.4,Lalita Shah,31,Madurai,UPI,2,OnePlus 9
3659,1/16/1900,1/7/1900,7/16/1905,Saturday,Vivo,7,23565.95,Rohan Sheth,44,Indore,Credit Card,5,Vivo Y51
3660,1/16/1900,1/7/1900,7/16/1905,Saturday,Vivo,8,60803.32,Ravi Kaur,35,Jodhpur,UPI,5,Vivo V20
3661,1/17/1900,1/7/1900,7/16/1905,Sunday,Xiaomi,6,28513.99,Pooja Deshmukh,59,Delhi,Cash,5,Mi 11
3662,1/17/1900,1/7/1900,7/16/1905,Sunday,OnePlus,9,69513.61,Sneha Reddy,58,Delhi,UPI,5,OnePlus 9
3663,1/17/1900,1/7/1900,7/16/1905,Sunday,Apple,3,12317,Aditya Joshi,23,Mumbai,UPI,4,iPhone SE
3664,1/17/1900,1/7/1900,7/16/1905,Sunday,Vivo,9,17696.61,Lata Shah,50,Ranchi,Debit Card,4,Vivo V20
3665,1/18/1900,1/7/1900,7/16/1905,Monday,Apple,4,23478.33,Priya Varma,54,Bangalore,Credit Card,5,iPhone 11
3666,1/18/1900,1/7/1900,7/16/1905,Monday,Vivo,7,58666.36,Deepika Deshmukh,59,Hyderabad,Credit Card,2,Vivo S1
3667,1/18/1900,1/7/1900,7/16/1905,Monday,Apple,9,62711.03,Umesh Kaur,42,Delhi,Credit Card,5,iPhone 11
3668,1/19/1900,1/7/1900,7/16/1905,Tuesday,OnePlus,2,14287.08,Sachin Sheth,30,Mumbai,Credit Card,3,OnePlus 8T
3669,1/19/1900,1/7/1900,7/16/1905,Tuesday,Xiaomi,2,11947.61,Umesh Ghosh,40,Vadodara,UPI,4,Redmi Note 10
3670,1/19/1900,1/7/1900,7/16/1905,Tuesday,OnePlus,9,54673.41,Sumit Rathod,53,Delhi,Debit Card,4,OnePlus 9
3671,1/20/1900,1/7/1900,7/16/1905,Wednesday,Samsung,3,18001.12,Vijay Varma,50,Vadodara,Debit Card,4,Galaxy Note 20
3672,1/20/1900,1/7/1900,7/16/1905,Wednesday,Xiaomi,9,17979.92,Priyanka Roy,38,Mumbai,Credit Card,2,Redmi Note 10
3673,1/20/1900,1/7/1900,7/16/1905,Wednesday,OnePlus,5,11341.99,Manoj Mehta,51,Patna,UPI,5,OnePlus 8T
3674,1/21/1900,1/7/1900,7/16/1905,Thursday,Samsung,6,12988.47,Pooja Rao,53,Mumbai,Credit Card,2,Galaxy S21
3675,1/21/1900,1/7/1900,7/16/1905,Thursday,Vivo,2,25820.53,Tanuja Ahuja,34,Gorakhpur,Credit Card,4,Vivo V20
3676,1/21/1900,1/7/1900,7/16/1905,Thursday,Vivo,8,13900.33,Bhavana Srivastava,27,Coimbatore,Debit Card,5,Vivo Y51
3677,1/22/1900,1/7/1900,7/16/1905,Friday,Apple,9,32132.75,Gita Bhattacharya,40,Delhi,Debit Card,4,iPhone SE
3678,1/22/1900,1/7/1900,7/16/1905,Friday,Xiaomi,2,59966.5,Umesh Patel,19,Ludhiana,Credit Card,5,Redmi Note 10
3679,1/22/1900,1/7/1900,7/16/1905,Friday,Vivo,6,29579.22,Arun Shah,52,Patna,UPI,5,Vivo Y51
3680,1/23/1900,1/7/1900,7/16/1905,Saturday,Xiaomi,6,53670.05,Kunal Deshmukh,31,Kanpur,Credit Card,4,Redmi 9
3681,1/23/1900,1/7/1900,7/16/1905,Saturday,Vivo,8,15634.6,Rohan Pathak,58,Delhi,Debit Card,4,Vivo V20
3682,1/23/1900,1/7/1900,7/16/1905,Saturday,Apple,5,49562.51,Radha Bhatnagar,19,Bangalore,Debit Card,5,iPhone 12
3683,1/23/1900,1/7/1900,7/16/1905,Saturday,OnePlus,9,29004.83,Rajesh Desai,36,Mumbai,UPI,2,OnePlus 8T
3684,1/24/1900,1/7/1900,7/16/1905,Sunday,Apple,1,54985.17,Nikhil Bhattacharya,33,Hyderabad,Credit Card,2,iPhone 12
3685,1/24/1900,1/7/1900,7/16/1905,Sunday,Samsung,9,18175.12,Rohan Deshmukh,42,Mumbai,Credit Card,2,Galaxy Note 20
3686,1/24/1900,1/7/1900,7/16/1905,Sunday,Vivo,7,63873,Anand Thakur,18,Patna,Cash,3,Vivo Y51
3687,1/25/1900,1/7/1900,7/16/1905,Monday,Samsung,4,24554.63,Sneha Teja,19,Delhi,Credit Card,5,Galaxy S21
3688,1/25/1900,1/7/1900,7/16/1905,Monday,Samsung,3,31188.27,Rajesh Mathur,44,Delhi,UPI,3,Galaxy A51
3689,1/25/1900,1/7/1900,7/16/1905,Monday,Xiaomi,6,67010.84,Amit Pillai,19,Delhi,Debit Card,3,Redmi Note 10
3690,1/26/1900,1/7/1900,7/16/1905,Tuesday,Vivo,1,44708.94,Pankaj Varma,47,Mumbai,Cash,5,Vivo S1
3691,1/26/1900,1/7/1900,7/16/1905,Tuesday,Samsung,3,31946.29,Pankaj Pathak,27,Patna,UPI,3,Galaxy S21
3692,1/26/1900,1/7/1900,7/16/1905,Tuesday,OnePlus,2,66976.13,Anand Reddy,36,Ludhiana,UPI,5,OnePlus Nord
3693,1/27/1900,1/7/1900,7/16/1905,Wednesday,Samsung,9,29744.65,Rohan Kapoor,59,Coimbatore,Cash,5,Galaxy S21
3694,1/27/1900,1/7/1900,7/16/1905,Wednesday,OnePlus,3,15692.24,Tanuja Bhattacharya,33,Delhi,Credit Card,5,OnePlus Nord
3695,1/27/1900,1/7/1900,7/16/1905,Wednesday,Xiaomi,2,69810.93,Aditya Deshmukh,30,Chennai,Cash,5,Redmi 9
3696,1/28/1900,1/7/1900,7/16/1905,Thursday,Samsung,4,26070.7,Shruti Menon,25,Mumbai,UPI,5,Galaxy S21
3697,1/28/1900,1/7/1900,7/16/1905,Thursday,Apple,2,61075.47,Sumit Joshi,48,Mumbai,Credit Card,5,iPhone 12
3698,1/28/1900,1/7/1900,7/16/1905,Thursday,Xiaomi,1,19932.45,Namita Desai,42,Mumbai,Debit Card,2,Mi 11
3699,1/29/1900,1/7/1900,7/16/1905,Friday,OnePlus,6,53881.24,Ravi Thakur,56,Gorakhpur,Cash,5,OnePlus Nord
3700,1/29/1900,1/7/1900,7/16/1905,Friday,Xiaomi,8,41466.96,Nikhil Menon,38,Indore,UPI,4,Redmi Note 10
3701,1/29/1900,1/7/1900,7/16/1905,Friday,Samsung,2,68854.39,Arun Gupta,55,Delhi,Credit Card,5,Galaxy Note 20
3702,1/29/1900,1/7/1900,7/16/1905,Friday,Vivo,9,43169.82,Lalita Alva,58,Delhi,UPI,5,Vivo V20
3703,1/30/1900,1/7/1900,7/16/1905,Saturday,Vivo,3,11500.91,Pankaj Deshmukh,46,Vadodara,Credit Card,5,Vivo S1
3704,1/30/1900,1/7/1900,7/16/1905,Saturday,OnePlus,8,46232.68,Kavita Desai,23,Bhopal,Credit Card,5,OnePlus 9
3705,1/30/1900,1/7/1900,7/16/1905,Saturday,OnePlus,8,18718.99,Anjali Gupta,35,Delhi,Cash,5,OnePlus 9
3706,12/31/1899,1/8/1900,7/16/1905,Sunday,Vivo,3,57912.45,Anita Bhattacharya,52,Delhi,Debit Card,5,Vivo Y51
3707,12/31/1899,1/8/1900,7/16/1905,Sunday,OnePlus,3,61394.09,Bhavana Luthra,44,Bhopal,Credit Card,5,OnePlus 9
3708,12/31/1899,1/8/1900,7/16/1905,Sunday,Xiaomi,6,38925.61,Meena Kulkarni,22,Mumbai,UPI,5,Mi 11
3709,12/31/1899,1/8/1900,7/16/1905,Sunday,Apple,1,56993.29,Rohan Rao,24,Delhi,Credit Card,4,iPhone SE
3710,1/1/1900,1/8/1900,7/16/1905,Monday,Apple,4,18706.64,Jyoti Sheth,27,Delhi,Debit Card,3,iPhone SE
3711,1/1/1900,1/8/1900,7/16/1905,Monday,Xiaomi,1,39524.69,Isha Kaur,27,Mumbai,UPI,4,Redmi Note 10
3712,1/1/1900,1/8/1900,7/16/1905,Monday,Apple,3,33636.66,Pooja Sharma,45,Bhopal,Credit Card,4,iPhone 11
3713,1/1/1900,1/8/1900,7/16/1905,Monday,Samsung,9,46679.04,Meena Menon,53,Vadodara,Credit Card,5,Galaxy A51
3714,1/2/1900,1/8/1900,7/16/1905,Tuesday,Xiaomi,5,12668.63,Tapan Chatterjee,27,Ranchi,Cash,4,Redmi Note 10
3715,1/2/1900,1/8/1900,7/16/1905,Tuesday,OnePlus,5,55127.37,Mala Thakur,52,Madurai,Debit Card,5,OnePlus 9
3716,1/2/1900,1/8/1900,7/16/1905,Tuesday,Xiaomi,4,14747.76,Anjali Roy,52,Indore,Credit Card,2,Redmi Note 10
3717,1/3/1900,1/8/1900,7/16/1905,Wednesday,Vivo,3,49388.29,Pooja Rao,54,Jodhpur,Debit Card,5,Vivo V20
3718,1/3/1900,1/8/1900,7/16/1905,Wednesday,OnePlus,5,11107.43,Meena Yadav,37,Ranchi,Credit Card,3,OnePlus 9
3719,1/3/1900,1/8/1900,7/16/1905,Wednesday,Vivo,4,59913.28,Ayesha Rathod,30,Kanpur,UPI,2,Vivo Y51
3720,1/4/1900,1/8/1900,7/16/1905,Thursday,OnePlus,8,20481.98,Deepika Menon,28,Mumbai,Debit Card,5,OnePlus 9
3721,1/4/1900,1/8/1900,7/16/1905,Thursday,Apple,4,40929.85,Deepika Pathak,36,Delhi,UPI,5,iPhone 12
3722,1/4/1900,1/8/1900,7/16/1905,Thursday,Xiaomi,8,25689.57,Vivek Mishra,45,Mumbai,Debit Card,3,Redmi Note 10
3723,1/5/1900,1/8/1900,7/16/1905,Friday,Samsung,6,53358.83,Rajesh Ahuja,55,Delhi,UPI,4,Galaxy S21
3724,1/5/1900,1/8/1900,7/16/1905,Friday,OnePlus,5,29281.07,Harish Kumar,21,Gorakhpur,Credit Card,5,OnePlus 9
3725,1/5/1900,1/8/1900,7/16/1905,Friday,OnePlus,4,53476.55,Mala Teja,54,Delhi,UPI,3,OnePlus 9
3726,1/6/1900,1/8/1900,7/16/1905,Saturday,Vivo,4,27092.27,Amit Ahuja,36,Delhi,UPI,5,Vivo V20
3727,1/6/1900,1/8/1900,7/16/1905,Saturday,Apple,4,55148.39,Mala Thakur,54,Gorakhpur,Credit Card,5,iPhone SE
3728,1/6/1900,1/8/1900,7/16/1905,Saturday,Vivo,9,11836.33,Ayesha Rathod,31,Ranchi,Debit Card,5,Vivo S1
3729,1/6/1900,1/8/1900,7/16/1905,Saturday,Vivo,4,26998.68,Mala Arora,48,Bangalore,UPI,4,Vivo V20
3730,1/7/1900,1/8/1900,7/16/1905,Sunday,Apple,9,39918.01,Jyoti Varma,45,Hyderabad,Cash,4,iPhone 11
3731,1/7/1900,1/8/1900,7/16/1905,Sunday,Samsung,6,12703.57,Sunita Iyer,53,Mumbai,Cash,5,Galaxy S21
3732,1/7/1900,1/8/1900,7/16/1905,Sunday,Vivo,7,21162.04,Sachin Joshi,55,Delhi,UPI,5,Vivo Y51
3733,1/8/1900,1/8/1900,7/16/1905,Monday,Vivo,3,66072.22,Lalita Rathod,36,Ranchi,UPI,4,Vivo Y51
3734,1/8/1900,1/8/1900,7/16/1905,Monday,OnePlus,8,68610.06,Radha Ghosh,59,Rajkot,UPI,3,OnePlus 8T
3735,1/8/1900,1/8/1900,7/16/1905,Monday,Apple,3,54385,Priyanka Pillai,18,Mumbai,Debit Card,5,iPhone 11
3736,1/9/1900,1/8/1900,7/16/1905,Tuesday,Xiaomi,1,25132,Harish Kaur,40,Delhi,Credit Card,3,Mi 11
3737,1/9/1900,1/8/1900,7/16/1905,Tuesday,Samsung,5,25631.05,Lata Shah,45,Delhi,Cash,2,Galaxy A51
3738,1/9/1900,1/8/1900,7/16/1905,Tuesday,Samsung,2,48747.42,Mala Roy,21,Bangalore,Cash,5,Galaxy S21
3739,1/10/1900,1/8/1900,7/16/1905,Wednesday,Apple,6,17055.98,Radha Ghosh,58,Gorakhpur,Debit Card,4,iPhone SE
3740,1/10/1900,1/8/1900,7/16/1905,Wednesday,OnePlus,9,66898.56,Ramesh Nambiar,35,Delhi,UPI,2,OnePlus Nord
3741,1/10/1900,1/8/1900,7/16/1905,Wednesday,OnePlus,1,23488.77,Arun Desai,56,Indore,UPI,4,OnePlus 9
3742,1/11/1900,1/8/1900,7/16/1905,Thursday,Apple,4,69978.14,Sachin Arora,42,Indore,Credit Card,2,iPhone SE
3743,1/11/1900,1/8/1900,7/16/1905,Thursday,OnePlus,1,39744.03,Sunil Varma,35,Mumbai,Credit Card,4,OnePlus 9
3744,1/11/1900,1/8/1900,7/16/1905,Thursday,Samsung,1,56285.8,Sachin Ghosh,23,Hyderabad,Cash,5,Galaxy S21
3745,1/12/1900,1/8/1900,7/16/1905,Friday,Samsung,8,10131.05,Vivek Sheth,36,Mumbai,Credit Card,5,Galaxy S21
3746,1/12/1900,1/8/1900,7/16/1905,Friday,Xiaomi,2,63324.78,Anita Desai,29,Delhi,Cash,3,Redmi Note 10
3747,1/12/1900,1/8/1900,7/16/1905,Friday,Apple,1,26200.12,Gita Rathod,42,Lucknow,Debit Card,2,iPhone 11
3748,1/13/1900,1/8/1900,7/16/1905,Saturday,Vivo,8,50076.2,Bhavana Arora,52,Delhi,UPI,3,Vivo Y51
3749,1/13/1900,1/8/1900,7/16/1905,Saturday,Vivo,4,58381.32,Sneha Kaur,18,Bangalore,UPI,3,Vivo S1
3750,1/13/1900,1/8/1900,7/16/1905,Saturday,Xiaomi,3,19848.86,Pankaj Teja,22,Delhi,Cash,4,Redmi Note 10
3751,1/13/1900,1/8/1900,7/16/1905,Saturday,Xiaomi,4,36550.57,Priya Siddiqui,18,Jodhpur,UPI,5,Redmi Note 10
3752,1/14/1900,1/8/1900,7/16/1905,Sunday,OnePlus,5,39630.16,Tapan Nair,25,Delhi,Debit Card,4,OnePlus 9
3753,1/14/1900,1/8/1900,7/16/1905,Sunday,Xiaomi,1,28727.17,Namita Teja,56,Mumbai,Credit Card,3,Redmi Note 10
3754,1/14/1900,1/8/1900,7/16/1905,Sunday,Xiaomi,1,38905.35,Anjali Ahuja,35,Kolkata,Debit Card,5,Mi 11
3755,1/14/1900,1/8/1900,7/16/1905,Sunday,Vivo,3,29052.74,Sumit Sharma,26,Jodhpur,UPI,5,Vivo Y51
3756,1/15/1900,1/8/1900,7/16/1905,Monday,OnePlus,6,31644.86,Yogesh Kaur,22,Kolkata,Debit Card,5,OnePlus 8T
3757,1/15/1900,1/8/1900,7/16/1905,Monday,Xiaomi,1,50159.87,Sanjay Bhattacharya,21,Delhi,UPI,3,Redmi 9
3758,1/15/1900,1/8/1900,7/16/1905,Monday,Xiaomi,2,47955.6,Kunal Deshmukh,46,Coimbatore,Cash,4,Redmi Note 10
3759,1/16/1900,1/8/1900,7/16/1905,Tuesday,OnePlus,7,23935.94,Lalita Alva,18,Delhi,Credit Card,5,OnePlus 8T
3760,1/16/1900,1/8/1900,7/16/1905,Tuesday,Apple,1,63848.97,Neeta Malhotra,47,Hyderabad,Credit Card,2,iPhone 11
3761,1/16/1900,1/8/1900,7/16/1905,Tuesday,OnePlus,7,61767.31,Rajesh Mathur,18,Delhi,UPI,4,OnePlus 9
3762,1/17/1900,1/8/1900,7/16/1905,Wednesday,Vivo,4,40545,Manoj Rao,20,Delhi,UPI,5,Vivo Y51
3763,1/17/1900,1/8/1900,7/16/1905,Wednesday,Apple,6,35995.04,Neeta Sharma,39,Rajkot,Credit Card,4,iPhone 12
3764,1/17/1900,1/8/1900,7/16/1905,Wednesday,Samsung,8,32611.36,Sachin Shah,25,Delhi,Debit Card,2,Galaxy S21
3765,1/18/1900,1/8/1900,7/16/1905,Thursday,OnePlus,9,52436.08,Deepika Iyer,35,Bhopal,Debit Card,5,OnePlus 8T
3766,1/18/1900,1/8/1900,7/16/1905,Thursday,Vivo,6,50299.96,Vijay Das,42,Delhi,Debit Card,5,Vivo S1
3767,1/18/1900,1/8/1900,7/16/1905,Thursday,Apple,9,21770.84,Isha Arora,37,Vadodara,Credit Card,2,iPhone 12
3768,1/18/1900,1/8/1900,7/16/1905,Thursday,OnePlus,4,50287.48,Manoj Sharma,48,Jodhpur,Cash,2,OnePlus Nord
3769,1/19/1900,1/8/1900,7/16/1905,Friday,Xiaomi,6,25145.87,Ayesha Ghosh,47,Coimbatore,UPI,3,Mi 11
3770,1/19/1900,1/8/1900,7/16/1905,Friday,OnePlus,8,11113.5,Tapan Joshi,33,Hyderabad,UPI,5,OnePlus 9
3771,1/19/1900,1/8/1900,7/16/1905,Friday,Samsung,9,51952.52,Navin Solanki,19,Indore,Credit Card,3,Galaxy S21
3772,1/20/1900,1/8/1900,7/16/1905,Saturday,OnePlus,3,48687.62,Prashant Roy,34,Delhi,Cash,4,OnePlus 8T
3773,1/20/1900,1/8/1900,7/16/1905,Saturday,Apple,2,34648.56,Sneha Teja,27,Mumbai,Credit Card,2,iPhone SE
3774,1/20/1900,1/8/1900,7/16/1905,Saturday,Apple,6,41541.16,Priyanka Verma,24,Ludhiana,Debit Card,3,iPhone 11
3775,1/20/1900,1/8/1900,7/16/1905,Saturday,OnePlus,4,66830.15,Sunil Chaudhary,59,Bhopal,Debit Card,5,OnePlus 8T
3776,1/21/1900,1/8/1900,7/16/1905,Sunday,Apple,1,45712.01,Priya Patel,26,Bhopal,UPI,5,iPhone 11
3777,1/21/1900,1/8/1900,7/16/1905,Sunday,Xiaomi,8,49473.04,Kavita Dutta,34,Mumbai,UPI,2,Redmi 9
3778,1/21/1900,1/8/1900,7/16/1905,Sunday,OnePlus,9,13834.68,Lalita Shah,26,Mumbai,UPI,3,OnePlus 9
3779,1/22/1900,1/8/1900,7/16/1905,Monday,Xiaomi,9,19959.67,Rohan Sheth,26,Coimbatore,UPI,5,Redmi Note 10
3780,1/22/1900,1/8/1900,7/16/1905,Monday,Xiaomi,2,28057.14,Sachin Desai,54,Delhi,Debit Card,2,Mi 11
3781,1/22/1900,1/8/1900,7/16/1905,Monday,Vivo,9,42362.76,Bina Mishra,41,Coimbatore,Debit Card,4,Vivo Y51
3782,1/23/1900,1/8/1900,7/16/1905,Tuesday,OnePlus,7,56595.45,Ramesh Varma,56,Hyderabad,Cash,3,OnePlus Nord
3783,1/23/1900,1/8/1900,7/16/1905,Tuesday,Apple,5,29274.45,Monika Chatterjee,28,Kolkata,UPI,3,iPhone 11
3784,1/23/1900,1/8/1900,7/16/1905,Tuesday,Xiaomi,7,31382.95,Monika Goyal,25,Kolkata,Credit Card,2,Redmi 9
3785,1/24/1900,1/8/1900,7/16/1905,Wednesday,Vivo,9,25369.05,Deepika Desai,42,Delhi,Cash,3,Vivo S1
3786,1/24/1900,1/8/1900,7/16/1905,Wednesday,OnePlus,8,25276.56,Sumit Siddiqui,19,Delhi,Cash,3,OnePlus Nord
3787,1/24/1900,1/8/1900,7/16/1905,Wednesday,OnePlus,6,66931.83,Shruti Dutta,27,Delhi,Debit Card,4,OnePlus 8T
3788,1/25/1900,1/8/1900,7/16/1905,Thursday,Samsung,4,48127.43,Bhavana Rathod,41,Mumbai,UPI,4,Galaxy S21
3789,1/25/1900,1/8/1900,7/16/1905,Thursday,Samsung,1,19354.07,Sanjay Srivastava,33,Mumbai,Cash,5,Galaxy A51
3790,1/25/1900,1/8/1900,7/16/1905,Thursday,Xiaomi,6,53334.91,Vinod Prasad,36,Mumbai,UPI,4,Redmi Note 10
3791,1/25/1900,1/8/1900,7/16/1905,Thursday,Samsung,3,53321.27,Lalita Alva,48,Madurai,Debit Card,5,Galaxy A51
3792,1/26/1900,1/8/1900,7/16/1905,Friday,Xiaomi,6,49988.21,Monika Kumar,28,Delhi,Cash,4,Mi 11
3793,1/26/1900,1/8/1900,7/16/1905,Friday,Apple,6,18083.23,Anita Shah,23,Delhi,Cash,5,iPhone SE
3794,1/26/1900,1/8/1900,7/16/1905,Friday,Xiaomi,4,34479.49,Sumit Malhotra,23,Patna,Credit Card,4,Redmi 9
3795,1/26/1900,1/8/1900,7/16/1905,Friday,Samsung,2,16405.38,Harish Kapoor,49,Vadodara,Debit Card,4,Galaxy S21
3796,1/27/1900,1/8/1900,7/16/1905,Saturday,Apple,9,58997.23,Gita Bhattacharya,56,Rajkot,Credit Card,2,iPhone 11
3797,1/27/1900,1/8/1900,7/16/1905,Saturday,Samsung,2,49310.33,Sumit Reddy,30,Delhi,Debit Card,4,Galaxy A51
3798,1/27/1900,1/8/1900,7/16/1905,Saturday,Xiaomi,3,40432.24,Harish Malhotra,20,Delhi,Credit Card,5,Mi 11
3799,1/28/1900,1/8/1900,7/16/1905,Sunday,Vivo,1,30580.93,Yogesh Ahuja,58,Gorakhpur,Debit Card,2,Vivo V20
3800,1/28/1900,1/8/1900,7/16/1905,Sunday,OnePlus,7,21054.97,Priyanka Goyal,52,Kolkata,Debit Card,5,OnePlus 8T
3801,1/28/1900,1/8/1900,7/16/1905,Sunday,Samsung,1,16386.86,Anand Bhattacharya,55,Mumbai,Cash,4,Galaxy Note 20
3802,1/29/1900,1/8/1900,7/16/1905,Monday,Xiaomi,9,68154.44,Monika Rathod,34,Kanpur,Credit Card,4,Redmi Note 10
3803,1/29/1900,1/8/1900,7/16/1905,Monday,Apple,1,21978.92,Sachin Kaur,20,Delhi,Credit Card,5,iPhone SE
3804,1/29/1900,1/8/1900,7/16/1905,Monday,Samsung,5,13592.48,Kiran Mishra,51,Vadodara,Credit Card,3,Galaxy A51
3805,1/29/1900,1/8/1900,7/16/1905,Monday,Samsung,7,67700.01,Priya Sharma,29,Mumbai,Cash,2,Galaxy Note 20
3806,12/31/1899,1/9/1900,7/16/1905,Tuesday,OnePlus,3,42937.1,Lata Bhattacharya,41,Patna,UPI,2,OnePlus Nord
3807,12/31/1899,1/9/1900,7/16/1905,Tuesday,Xiaomi,9,57799.4,Jyoti Jain,23,Bangalore,Debit Card,4,Redmi Note 10
3808,12/31/1899,1/9/1900,7/16/1905,Tuesday,Vivo,8,12625.95,Anand Rao,59,Delhi,Credit Card,2,Vivo Y51
3809,12/31/1899,1/9/1900,7/16/1905,Tuesday,Apple,3,44016.75,Sunita Roy,28,Delhi,Debit Card,5,iPhone 11
3810,1/1/1900,1/9/1900,7/16/1905,Wednesday,Xiaomi,5,33892.6,Reena Arora,44,Jodhpur,Cash,4,Redmi 9
3811,1/1/1900,1/9/1900,7/16/1905,Wednesday,Apple,7,56317.87,Ramesh Solanki,41,Coimbatore,Debit Card,2,iPhone SE
3812,1/1/1900,1/9/1900,7/16/1905,Wednesday,Samsung,4,12305.54,Ramesh Kumar,35,Kanpur,Cash,5,Galaxy A51
3813,1/1/1900,1/9/1900,7/16/1905,Wednesday,OnePlus,5,34101.43,Arun Kumar,44,Delhi,UPI,2,OnePlus 8T
3814,1/2/1900,1/9/1900,7/16/1905,Thursday,OnePlus,3,57944.41,Kiran Singh,58,Kanpur,Credit Card,5,OnePlus Nord
3815,1/2/1900,1/9/1900,7/16/1905,Thursday,Vivo,9,41361.84,Sumit Sheth,38,Delhi,Cash,2,Vivo Y51
3816,1/2/1900,1/9/1900,7/16/1905,Thursday,OnePlus,9,43002.32,Kiran Rathod,51,Delhi,Debit Card,3,OnePlus Nord
3817,1/2/1900,1/9/1900,7/16/1905,Thursday,Samsung,7,15829.88,Pankaj Alva,50,Hyderabad,Cash,3,Galaxy Note 20
3818,1/3/1900,1/9/1900,7/16/1905,Friday,Vivo,2,17939.83,Tanuja Teja,35,Delhi,Cash,4,Vivo Y51
3819,1/3/1900,1/9/1900,7/16/1905,Friday,Xiaomi,7,50619.98,Arun Shah,20,Mumbai,UPI,3,Mi 11
3820,1/3/1900,1/9/1900,7/16/1905,Friday,OnePlus,7,50502.8,Lalita Sheth,41,Chennai,Credit Card,5,OnePlus Nord
3821,1/4/1900,1/9/1900,7/16/1905,Saturday,Vivo,5,68746.2,Vivek Shah,18,Delhi,Cash,5,Vivo S1
3822,1/4/1900,1/9/1900,7/16/1905,Saturday,Samsung,9,52717.18,Lata Alva,23,Bhopal,Cash,5,Galaxy S21
3823,1/4/1900,1/9/1900,7/16/1905,Saturday,Apple,3,39594.61,Rajesh Ghosh,36,Hyderabad,Debit Card,4,iPhone 11
3824,1/4/1900,1/9/1900,7/16/1905,Saturday,Apple,4,61439.67,Namita Patel,39,Kanpur,Cash,4,iPhone SE
3825,1/5/1900,1/9/1900,7/16/1905,Sunday,Samsung,1,16268.38,Tapan Singh,25,Kanpur,Cash,3,Galaxy S21
3826,1/5/1900,1/9/1900,7/16/1905,Sunday,Samsung,6,36957.75,Radha Kumar,22,Delhi,Credit Card,5,Galaxy S21
3827,1/5/1900,1/9/1900,7/16/1905,Sunday,Apple,4,27226.55,Navin Solanki,26,Lucknow,Credit Card,3,iPhone SE
3828,1/6/1900,1/9/1900,7/16/1905,Monday,Vivo,1,16278.27,Sumit Ghosh,38,Ranchi,Debit Card,5,Vivo Y51
3829,1/6/1900,1/9/1900,7/16/1905,Monday,Apple,2,55810.13,Rajesh Singh,45,Rajkot,Cash,5,iPhone 12
3830,1/6/1900,1/9/1900,7/16/1905,Monday,Samsung,3,40647.52,Meena Sheth,21,Delhi,Cash,5,Galaxy S21
3831,1/6/1900,1/9/1900,7/16/1905,Monday,OnePlus,9,43406.12,Kavita Bhatnagar,41,Mumbai,Cash,5,OnePlus 8T
3832,1/7/1900,1/9/1900,7/16/1905,Tuesday,Xiaomi,8,34675.31,Vivek Sheth,25,Jodhpur,UPI,2,Redmi 9
3833,1/7/1900,1/9/1900,7/16/1905,Tuesday,OnePlus,7,37620.23,Anita Desai,34,Vadodara,UPI,5,OnePlus 8T
3834,1/7/1900,1/9/1900,7/16/1905,Tuesday,OnePlus,4,16961.04,Ayesha Rathod,51,Mumbai,Debit Card,5,OnePlus 8T
3835,1/7/1900,1/9/1900,7/16/1905,Tuesday,Samsung,1,50375.07,Sanjay Malhotra,37,Patna,UPI,3,Galaxy A51
