refund_id,original_txn_id,original_utr,refund_utr,merchant_id,customer_id,refund_initiation_date,refund_settlement_date,original_amount,refund_amount,refund_type,refund_status,refund_reason,initiated_by,gateway_refund_id,tat_days,sla_breached,remarks
REF8793359,TXN0000029,,UTR306318633362,MERCH0024,CUST31992,2024-09-18,2024-09-23,69781.85,69781.85,FULL,PROCESSED,Duplicate Payment,Customer,GWREF212332,14,N,
REF5034490,TXN0000030,,UTR722348273426,MERCH0025,CUST61990,2024-02-14,2024-02-20,86390.72,86390.72,FULL,PROCESSED,Chargeback Initiated,Customer,GWREF518795,14,N,
REF5373079,TXN0000053,,,MERCH0044,CUST98395,2024-11-09,,21156.51,21156.51,FULL,PENDING,Duplicate Payment,Bank,GWREF382953,3,Y,
REF2150464,TXN0000083,,UTR748514368679,MERCH0041,CUST17518,2024-01-21,2024-01-25,92246.98,92246.98,FULL,PROCESSED,Fraud Suspected,Bank,GWREF159895,4,N,
REF6418294,TXN0000091,,,MERCH0049,CUST58567,2024-10-11,,51838.32,51838.32,FULL,PENDING,Fraud Suspected,Bank,GWREF689086,11,Y,Chargeback case
REF6493885,TXN0000098,,UTR784864733283,MERCH0020,CUST47880,2024-08-27,2024-09-01,41887.01,41887.01,FULL,PROCESSED,Product Defective,System,GWREF110740,12,N,
REF4544262,TXN0000099,,UTR616343803797,MERCH0037,CUST98686,2024-05-20,2024-05-27,108263.57,65267.65,PARTIAL,PROCESSED,Item Not Delivered,System,GWREF127370,6,N,
REF7615500,TXN0000102,,UTR510262018045,MERCH0032,CUST34420,2024-11-22,2024-11-25,149580.66,149580.66,FULL,PROCESSED,Fraud Suspected,Customer,GWREF542287,9,N,
REF8191797,TXN0000128,,UTR068342299488,MERCH0022,CUST67700,2024-02-28,2024-03-06,49865.97,28307.39,PARTIAL,PROCESSED,Fraud Suspected,Bank,GWREF668736,12,Y,
REF3039233,TXN0000138,,UTR891904132177,MERCH0049,CUST67850,2024-11-01,2024-11-06,81329.40,81329.40,FULL,PROCESSED,Customer Request,Customer,GWREF809415,7,Y,Chargeback case
REF6838408,TXN0000151,,UTR702479851099,MERCH0028,CUST25202,2024-09-30,2024-10-05,35833.68,35833.68,FULL,PROCESSED,Fraud Suspected,System,GWREF415346,5,N,
REF6885256,TXN0000156,,,MERCH0010,CUST46677,2024-02-13,,63001.39,63001.39,FULL,INITIATED,Item Not Delivered,Customer,GWREF856742,10,Y,Chargeback case
REF3881710,TXN0000160,,UTR614183005069,MERCH0024,CUST99952,2024-01-27,2024-02-02,19650.75,10402.99,PARTIAL,PROCESSED,Customer Request,Bank,GWREF315550,4,N,Chargeback case
REF9610726,TXN0000210,,UTR581805689304,MERCH0042,CUST77181,2024-03-24,2024-03-29,51610.55,51610.55,FULL,PROCESSED,Duplicate Payment,Customer,GWREF519727,5,Y,
REF3399255,TXN0000215,,UTR454521401782,MERCH0009,CUST68487,2024-11-30,2024-12-06,102640.04,102640.04,FULL,PROCESSED,Duplicate Payment,Merchant,GWREF891057,6,N,Chargeback case
REF9905860,TXN0000231,,,MERCH0040,CUST10868,2024-10-31,,101388.03,101388.03,FULL,FAILED,Duplicate Payment,Bank,GWREF593607,13,N,
REF9588939,TXN0000251,,UTR441958352445,MERCH0035,CUST60506,2024-02-01,2024-02-05,14613.03,14613.03,FULL,PROCESSED,Item Not Delivered,Bank,GWREF468350,9,Y,
REF4547123,TXN0000256,,,MERCH0028,CUST64594,2024-02-05,,50191.73,50191.73,FULL,PENDING,Product Defective,Merchant,GWREF362949,8,N,
REF8065671,TXN0000262,,UTR756694695183,MERCH0043,CUST96520,2024-01-26,2024-02-01,10036.34,10036.34,FULL,PROCESSED,Product Defective,Customer,GWREF578823,14,N,
REF4899292,TXN0000296,,UTR153191243588,MERCH0032,CUST64125,2024-05-19,2024-05-23,89351.84,89351.84,FULL,PROCESSED,Chargeback Initiated,Bank,GWREF792052,12,N,
REF3989014,TXN0000298,,UTR355953952368,MERCH0035,CUST93548,2024-06-01,2024-06-04,102447.30,102447.30,FULL,PROCESSED,Item Not Delivered,Bank,GWREF768881,14,N,
REF6613953,TXN0000327,,UTR436428155957,MERCH0046,CUST84437,2024-01-10,2024-01-13,62206.38,62206.38,FULL,PROCESSED,Item Not Delivered,Bank,GWREF568378,9,N,
REF6436944,TXN0000356,,UTR424029932342,MERCH0006,CUST70610,2024-01-14,2024-01-17,97083.65,61081.87,PARTIAL,PROCESSED,Product Defective,Merchant,GWREF211951,12,Y,
REF1715452,TXN0000364,,,MERCH0009,CUST37704,2024-05-11,,136036.41,136036.41,FULL,FAILED,Item Not Delivered,Bank,GWREF328127,10,N,Chargeback case
REF9203958,TXN0000365,,UTR132711752313,MERCH0012,CUST41467,2024-10-18,2024-10-22,57239.57,57239.57,FULL,PROCESSED,Customer Request,Customer,GWREF691848,5,N,
REF6189293,TXN0000366,,UTR189925750734,MERCH0028,CUST50645,2024-04-26,2024-05-02,23162.49,23162.49,FULL,PROCESSED,Item Not Delivered,System,GWREF264511,7,Y,
REF5876273,TXN0000376,,UTR387334616511,MERCH0044,CUST30788,2024-03-29,2024-04-04,53850.07,53850.07,FULL,PROCESSED,Customer Request,System,GWREF559203,6,Y,Chargeback case
REF7359198,TXN0000380,,,MERCH0049,CUST14861,2024-05-18,,24690.49,13872.64,PARTIAL,PENDING,Fraud Suspected,Bank,GWREF885018,2,N,Chargeback case
REF5382159,TXN0000394,,UTR588352365451,MERCH0003,CUST10131,2024-11-01,2024-11-08,144204.75,144204.75,FULL,PROCESSED,Item Not Delivered,Merchant,GWREF163190,1,N,
REF8897687,TXN0000415,,UTR058843350590,MERCH0015,CUST39743,2024-07-03,2024-07-09,142725.75,142725.75,FULL,PROCESSED,Customer Request,System,GWREF681481,6,N,Chargeback case
REF9978064,TXN0000428,,UTR708135078395,MERCH0050,CUST27423,2024-02-12,2024-02-19,104462.49,104462.49,FULL,PROCESSED,Product Defective,Customer,GWREF827323,14,N,Chargeback case
REF1172548,TXN0000448,,,MERCH0047,CUST61355,2024-10-02,,116417.01,116417.01,FULL,PENDING,Fraud Suspected,Merchant,GWREF261400,11,N,
REF8031603,TXN0000455,,,MERCH0043,CUST10011,2024-07-19,,25781.90,25781.90,FULL,INITIATED,Duplicate Payment,Merchant,GWREF872796,10,N,
REF9584830,TXN0000459,,,MERCH0008,CUST33033,2024-02-12,,56825.92,56825.92,FULL,PENDING,Chargeback Initiated,Merchant,GWREF264689,5,N,
REF5375338,TXN0000463,,UTR704923264118,MERCH0044,CUST98706,2024-06-18,2024-06-21,20507.44,20507.44,FULL,PROCESSED,Duplicate Payment,Merchant,GWREF679541,14,N,
REF6986221,TXN0000471,,UTR335214729161,MERCH0040,CUST36167,2024-06-05,2024-06-09,139368.29,139368.29,FULL,PROCESSED,Chargeback Initiated,Bank,GWREF964126,4,N,Chargeback case
REF9538261,TXN0000474,,UTR939933486085,MERCH0046,CUST68427,2024-01-19,2024-01-24,98170.56,98170.56,FULL,PROCESSED,Product Defective,Customer,GWREF187606,10,N,
REF7221929,TXN0000483,,,MERCH0022,CUST21136,2024-11-05,,15995.52,7401.95,PARTIAL,INITIATED,Product Defective,Customer,GWREF119976,7,N,
REF5317692,TXN0000497,,,MERCH0044,CUST60807,2024-05-21,,6049.93,6049.93,FULL,PENDING,Product Defective,Customer,GWREF736701,3,Y,
REF9354441,TXN0000505,,UTR615386837713,MERCH0036,CUST88266,2024-10-04,2024-10-09,85569.01,59383.42,PARTIAL,PROCESSED,Chargeback Initiated,Merchant,GWREF153489,1,N,
REF9801227,TXN0000506,,UTR062136183747,MERCH0021,CUST11859,2024-09-16,2024-09-20,111438.31,111438.31,FULL,PROCESSED,Item Not Delivered,Merchant,GWREF342766,10,N,
REF7111466,TXN0000513,,UTR919995271696,MERCH0048,CUST27111,2024-09-01,2024-09-06,11861.94,11861.94,FULL,PROCESSED,Fraud Suspected,Merchant,GWREF223362,9,Y,
REF9761367,TXN0000515,,UTR508341605917,MERCH0002,CUST64230,2024-07-17,2024-07-21,31235.47,31235.47,FULL,PROCESSED,Customer Request,Merchant,GWREF607133,1,N,
REF2285873,TXN0000518,,UTR055672814880,MERCH0046,CUST46842,2024-07-23,2024-07-27,37551.47,37551.47,FULL,PROCESSED,Duplicate Payment,Customer,GWREF779300,8,Y,
REF3807678,TXN0000536,,UTR003763508713,MERCH0037,CUST66455,2024-12-05,2024-12-11,53611.30,53611.30,FULL,PROCESSED,Product Defective,System,GWREF725389,7,Y,Chargeback case
REF5813773,TXN0000542,,,MERCH0002,CUST65170,2024-06-21,,69219.53,69219.53,FULL,PENDING,Fraud Suspected,Merchant,GWREF885931,6,N,
REF6564809,TXN0000554,,UTR293470779120,MERCH0046,CUST56911,2024-01-13,2024-01-17,138344.89,138344.89,FULL,PROCESSED,Customer Request,Customer,GWREF469056,14,N,
REF7453473,TXN0000569,,UTR178908479001,MERCH0024,CUST15847,2024-09-11,2024-09-18,44144.75,44144.75,FULL,PROCESSED,Customer Request,System,GWREF325276,12,N,
REF1078501,TXN0000578,,UTR152444278776,MERCH0034,CUST26538,2024-05-25,2024-05-30,85696.22,85696.22,FULL,PROCESSED,Chargeback Initiated,Bank,GWREF316435,13,N,
REF8221625,TXN0000589,,UTR036399805074,MERCH0045,CUST79888,2024-06-16,2024-06-21,84171.39,84171.39,FULL,PROCESSED,Product Defective,System,GWREF711899,11,N,
REF5594647,TXN0000601,,UTR536058022234,MERCH0018,CUST14394,2024-02-07,2024-02-11,75443.86,25345.88,PARTIAL,PROCESSED,Duplicate Payment,Merchant,GWREF483408,12,N,
REF7331701,TXN0000602,,,MERCH0031,CUST89632,2024-04-21,,123507.69,123507.69,FULL,FAILED,Fraud Suspected,Merchant,GWREF399707,10,N,
REF9362331,TXN0000611,,UTR732097138734,MERCH0023,CUST70124,2024-11-03,2024-11-09,46425.57,46425.57,FULL,PROCESSED,Product Defective,System,GWREF728564,10,N,
REF9907425,TXN0000619,,,MERCH0003,CUST20031,2024-11-22,,123081.82,123081.82,FULL,PENDING,Chargeback Initiated,Merchant,GWREF202206,3,Y,
REF9353171,TXN0000633,,,MERCH0031,CUST67653,2024-10-07,,23787.45,23787.45,FULL,PENDING,Duplicate Payment,Bank,GWREF108481,14,N,
REF2992061,TXN0000654,,UTR891743154617,MERCH0017,CUST76680,2024-06-12,2024-06-17,119978.69,119978.69,FULL,PROCESSED,Customer Request,Bank,GWREF118313,5,N,Chargeback case
REF4427769,TXN0000680,,UTR896259976612,MERCH0040,CUST16943,2024-03-03,2024-03-06,88051.53,88051.53,FULL,PROCESSED,Chargeback Initiated,Merchant,GWREF285369,14,N,Chargeback case
REF4636335,TXN0000685,,UTR251615896500,MERCH0043,CUST81824,2024-03-23,2024-03-26,138003.87,138003.87,FULL,PROCESSED,Customer Request,System,GWREF802299,3,Y,Chargeback case
REF3662649,TXN0000702,,UTR295525418423,MERCH0025,CUST71972,2024-09-21,2024-09-24,14605.49,14605.49,FULL,PROCESSED,Chargeback Initiated,Customer,GWREF471601,9,N,
REF7218953,TXN0000706,,UTR612427394402,MERCH0044,CUST45426,2024-05-04,2024-05-11,57033.54,57033.54,FULL,PROCESSED,Item Not Delivered,Bank,GWREF922092,9,N,
REF5775499,TXN0000760,,UTR942447438452,MERCH0028,CUST46505,2024-04-12,2024-04-17,67992.47,67992.47,FULL,PROCESSED,Chargeback Initiated,Merchant,GWREF685188,8,N,
REF9859300,TXN0000777,,UTR896020390052,MERCH0026,CUST64784,2024-11-15,2024-11-20,45994.49,45994.49,FULL,PROCESSED,Customer Request,Bank,GWREF644387,1,N,
REF3259499,TXN0000801,,UTR856555336081,MERCH0034,CUST33979,2024-10-22,2024-10-25,128384.73,128384.73,FULL,PROCESSED,Product Defective,System,GWREF708845,13,N,
REF5921455,TXN0000822,,,MERCH0047,CUST78743,2024-06-02,,128763.85,128763.85,FULL,PENDING,Product Defective,System,GWREF669689,7,N,
REF6474925,TXN0000828,,,MERCH0017,CUST48063,2024-10-30,,93195.74,93195.74,FULL,INITIATED,Duplicate Payment,Customer,GWREF241556,13,N,
REF1121204,TXN0000832,,UTR505903015202,MERCH0004,CUST63453,2024-11-01,2024-11-08,60661.62,31916.67,PARTIAL,PROCESSED,Customer Request,Bank,GWREF213928,6,N,
REF4090190,TXN0000833,,UTR374367334934,MERCH0048,CUST38299,2024-06-28,2024-07-03,4626.52,2730.10,PARTIAL,PROCESSED,Item Not Delivered,Merchant,GWREF880497,2,N,
REF4323424,TXN0000837,,,MERCH0001,CUST97518,2024-11-29,,71793.43,71793.43,FULL,PENDING,Fraud Suspected,Bank,GWREF969644,7,N,
REF1982059,TXN0000841,,UTR759282648553,MERCH0046,CUST32445,2024-07-02,2024-07-08,143131.28,143131.28,FULL,PROCESSED,Fraud Suspected,System,GWREF262288,1,N,
REF1801221,TXN0000863,,UTR298817583334,MERCH0012,CUST81219,2024-04-25,2024-05-01,78897.86,54732.98,PARTIAL,PROCESSED,Chargeback Initiated,Customer,GWREF588774,8,N,
REF9693396,TXN0000888,,,MERCH0004,CUST73572,2024-06-12,,22308.56,22308.56,FULL,INITIATED,Item Not Delivered,System,GWREF962138,10,N,
REF5136046,TXN0000892,,UTR864817747435,MERCH0033,CUST58994,2024-07-25,2024-07-31,85684.59,85684.59,FULL,PROCESSED,Duplicate Payment,Customer,GWREF653310,12,N,
REF2379399,TXN0000899,,UTR806948280985,MERCH0014,CUST63396,2024-05-23,2024-05-26,96032.55,96032.55,FULL,PROCESSED,Customer Request,Customer,GWREF632618,12,N,Chargeback case
REF7979886,TXN0000912,,UTR593576372859,MERCH0028,CUST43353,2024-11-11,2024-11-16,7120.00,7120.00,FULL,PROCESSED,Item Not Delivered,System,GWREF377682,2,N,
REF9564689,TXN0000915,,UTR334551637387,MERCH0046,CUST93275,2024-08-30,2024-09-06,124013.90,124013.90,FULL,PROCESSED,Chargeback Initiated,Customer,GWREF973186,14,N,
REF2643411,TXN0000929,,UTR261579704747,MERCH0046,CUST21824,2024-07-21,2024-07-25,69117.32,69117.32,FULL,PROCESSED,Product Defective,System,GWREF626076,12,N,
REF4693728,TXN0000935,,UTR020193198983,MERCH0042,CUST21353,2024-09-25,2024-09-28,38501.03,38501.03,FULL,PROCESSED,Chargeback Initiated,Merchant,GWREF232466,3,N,
REF2415365,TXN0000941,,UTR017956886757,MERCH0041,CUST50563,2024-08-04,2024-08-11,48716.64,48716.64,FULL,PROCESSED,Duplicate Payment,Merchant,GWREF651854,7,N,
REF2742136,TXN0000947,,,MERCH0005,CUST81661,2024-06-04,,136329.54,136329.54,FULL,INITIATED,Product Defective,System,GWREF925982,12,N,
REF8639401,TXN0000961,,UTR468239775384,MERCH0020,CUST89253,2024-09-13,2024-09-18,58757.86,58757.86,FULL,PROCESSED,Duplicate Payment,Customer,GWREF578875,14,N,
REF3362825,TXN0000963,,UTR847172700347,MERCH0007,CUST91628,2024-07-29,2024-08-02,89138.08,89138.08,FULL,PROCESSED,Customer Request,Merchant,GWREF495071,14,N,
REF5347422,TXN0000973,,UTR336600476995,MERCH0040,CUST55332,2024-07-15,2024-07-20,29809.00,29809.00,FULL,PROCESSED,Item Not Delivered,Customer,GWREF553966,11,N,
REF7486123,TXN0000995,,UTR056048609214,MERCH0014,CUST19015,2024-08-09,2024-08-15,11878.25,11878.25,FULL,PROCESSED,Fraud Suspected,Bank,GWREF308105,9,N,
REF1011172,TXN0000999,,UTR333333909082,MERCH0034,CUST30095,2024-10-14,2024-10-19,23964.48,23964.48,FULL,PROCESSED,Duplicate Payment,System,GWREF452611,9,N,
REF2777188,TXN0001008,,UTR201962003154,MERCH0011,CUST11353,2024-07-20,2024-07-24,1815.70,1815.70,FULL,PROCESSED,Product Defective,Bank,GWREF906018,14,Y,
REF1722068,TXN0001016,,,MERCH0013,CUST33989,2024-09-01,,121309.06,121309.06,FULL,FAILED,Product Defective,Bank,GWREF709801,2,N,
REF9371557,TXN0001017,,UTR071731491676,MERCH0033,CUST84495,2024-07-26,2024-08-01,42246.61,42246.61,FULL,PROCESSED,Item Not Delivered,Customer,GWREF706572,7,N,
REF3389005,TXN0001018,,,MERCH0007,CUST95418,2024-08-22,,41688.88,41688.88,FULL,FAILED,Item Not Delivered,Merchant,GWREF394772,5,Y,
REF7030958,TXN0001044,,UTR683272571542,MERCH0004,CUST33481,2024-10-25,2024-10-31,111297.49,111297.49,FULL,PROCESSED,Fraud Suspected,System,GWREF499498,7,N,
REF9025884,TXN0001061,,UTR009189985539,MERCH0005,CUST17798,2024-03-04,2024-03-08,36067.69,31905.43,PARTIAL,PROCESSED,Chargeback Initiated,System,GWREF388478,5,N,Chargeback case
REF3986610,TXN0001062,,UTR938464758617,MERCH0036,CUST72215,2024-10-24,2024-10-31,4272.78,3225.60,PARTIAL,PROCESSED,Customer Request,Bank,GWREF291254,2,N,
REF4131259,TXN0001063,,,MERCH0012,CUST47960,2024-03-14,,126305.19,126305.19,FULL,PENDING,Chargeback Initiated,Customer,GWREF660470,8,Y,Chargeback case
REF6644134,TXN0001068,,UTR846173503823,MERCH0006,CUST94927,2024-04-30,2024-05-07,19805.11,17138.95,PARTIAL,PROCESSED,Product Defective,Merchant,GWREF460829,2,N,
REF2235114,TXN0001083,,UTR665770015520,MERCH0037,CUST92201,2024-10-13,2024-10-19,30115.55,30115.55,FULL,PROCESSED,Fraud Suspected,System,GWREF223205,11,N,
REF9742537,TXN0001084,,UTR662893033330,MERCH0048,CUST66280,2024-09-15,2024-09-20,107313.75,107313.75,FULL,PROCESSED,Customer Request,Bank,GWREF974171,4,Y,
REF2949367,TXN0001085,,,MERCH0010,CUST67646,2024-06-01,,45853.95,34873.40,PARTIAL,INITIATED,Item Not Delivered,Merchant,GWREF729294,12,N,
REF3973074,TXN0001087,,UTR441684500155,MERCH0033,CUST61378,2024-11-23,2024-11-29,59166.45,59166.45,FULL,PROCESSED,Customer Request,Bank,GWREF478063,6,N,
REF6019399,TXN0001128,,UTR756320861419,MERCH0038,CUST87275,2024-11-22,2024-11-26,132100.11,132100.11,FULL,PROCESSED,Duplicate Payment,Merchant,GWREF254645,5,N,
REF9518503,TXN0001149,,UTR548052182793,MERCH0020,CUST90051,2024-02-09,2024-02-16,961.07,961.07,FULL,PROCESSED,Duplicate Payment,System,GWREF268742,8,N,
REF2543063,TXN0001170,,UTR912309797867,MERCH0015,CUST51315,2024-01-14,2024-01-20,62426.62,62426.62,FULL,PROCESSED,Duplicate Payment,Customer,GWREF210379,11,N,
REF9851972,TXN0001230,,UTR282688043431,MERCH0009,CUST80256,2024-04-26,2024-05-03,88748.88,51620.21,PARTIAL,PROCESSED,Duplicate Payment,System,GWREF708390,6,N,Chargeback case
REF3689232,TXN0001232,,UTR873089329173,MERCH0003,CUST27619,2024-05-04,2024-05-11,41718.83,41718.83,FULL,PROCESSED,Fraud Suspected,Bank,GWREF369645,10,N,
REF7309642,TXN0001236,,,MERCH0018,CUST47820,2024-01-28,,124769.94,72477.46,PARTIAL,PENDING,Duplicate Payment,System,GWREF308277,13,N,
REF8603822,TXN0001243,,UTR260928811527,MERCH0004,CUST58816,2024-05-07,2024-05-11,19617.23,19617.23,FULL,PROCESSED,Customer Request,Bank,GWREF353179,3,N,
REF2548421,TXN0001257,,UTR991413504644,MERCH0019,CUST15975,2024-09-19,2024-09-26,41081.11,19120.20,PARTIAL,PROCESSED,Fraud Suspected,Bank,GWREF914202,4,N,
REF2808527,TXN0001261,,UTR903753199109,MERCH0001,CUST31177,2024-11-30,2024-12-06,45553.09,31380.25,PARTIAL,PROCESSED,Product Defective,Bank,GWREF580353,4,N,Chargeback case
REF1466547,TXN0001298,,UTR113048635167,MERCH0022,CUST48243,2024-01-26,2024-01-30,131199.22,131199.22,FULL,PROCESSED,Chargeback Initiated,Customer,GWREF708195,6,N,
REF6782315,TXN0001306,,UTR122676127537,MERCH0033,CUST48337,2024-06-28,2024-07-05,17437.25,17437.25,FULL,PROCESSED,Product Defective,Merchant,GWREF977459,3,N,
REF9205904,TXN0001308,,,MERCH0008,CUST98847,2024-10-23,,106786.51,106786.51,FULL,PENDING,Item Not Delivered,Customer,GWREF612782,5,N,
REF5305506,TXN0001314,,,MERCH0027,CUST65480,2024-02-06,,103916.36,103916.36,FULL,PENDING,Fraud Suspected,Customer,GWREF138069,1,N,
REF4667586,TXN0001330,,UTR952264275761,MERCH0050,CUST75016,2024-06-07,2024-06-10,55153.42,55153.42,FULL,PROCESSED,Duplicate Payment,System,GWREF138839,13,N,
REF6835725,TXN0001344,,UTR971907755210,MERCH0025,CUST54529,2024-09-24,2024-09-27,140422.34,140422.34,FULL,PROCESSED,Item Not Delivered,Merchant,GWREF129913,12,N,
REF8354640,TXN0001369,,,MERCH0005,CUST37026,2024-09-16,,62809.63,18992.91,PARTIAL,PENDING,Duplicate Payment,Customer,GWREF780249,9,Y,
REF6060280,TXN0001372,,UTR703867187585,MERCH0028,CUST96162,2024-05-19,2024-05-26,17746.40,7925.44,PARTIAL,PROCESSED,Duplicate Payment,System,GWREF608251,9,N,
REF1291630,TXN0001390,,UTR384397152088,MERCH0028,CUST57901,2024-05-16,2024-05-19,120083.51,120083.51,FULL,PROCESSED,Duplicate Payment,Customer,GWREF215607,13,N,Chargeback case
REF5792103,TXN0001402,,UTR083507125513,MERCH0013,CUST42697,2024-03-17,2024-03-24,44393.65,44393.65,FULL,PROCESSED,Item Not Delivered,Merchant,GWREF222492,10,N,Chargeback case
REF9170134,TXN0001405,,UTR836304326972,MERCH0025,CUST90721,2024-06-14,2024-06-20,112244.55,112244.55,FULL,PROCESSED,Chargeback Initiated,Bank,GWREF685574,4,N,
REF5561559,TXN0001448,,UTR066131773313,MERCH0006,CUST61401,2024-02-05,2024-02-12,104812.12,104812.12,FULL,PROCESSED,Customer Request,Customer,GWREF518865,8,N,
REF9508233,TXN0001454,,UTR844232122896,MERCH0040,CUST68046,2024-03-30,2024-04-05,117279.08,48215.01,PARTIAL,PROCESSED,Duplicate Payment,Bank,GWREF905619,7,N,
REF5446356,TXN0001457,,UTR757588446351,MERCH0026,CUST13608,2024-03-27,2024-04-02,37876.81,37876.81,FULL,PROCESSED,Fraud Suspected,Merchant,GWREF981778,13,N,
REF5987870,TXN0001459,,UTR213993099463,MERCH0038,CUST92804,2024-07-30,2024-08-05,36849.07,36849.07,FULL,PROCESSED,Item Not Delivered,System,GWREF451099,12,N,
REF9990536,TXN0001460,,UTR445389762272,MERCH0016,CUST68204,2024-05-17,2024-05-21,79434.62,42234.95,PARTIAL,PROCESSED,Item Not Delivered,Bank,GWREF950957,7,N,
REF1219582,TXN0001462,,UTR469693816326,MERCH0035,CUST71862,2024-06-11,2024-06-15,116364.09,116364.09,FULL,PROCESSED,Item Not Delivered,System,GWREF325199,2,N,
REF9554040,TXN0001469,,UTR028289974126,MERCH0008,CUST20135,2024-05-14,2024-05-21,136287.71,136287.71,FULL,PROCESSED,Fraud Suspected,System,GWREF371831,12,N,
REF2157964,TXN0001470,,,MERCH0030,CUST49676,2024-04-26,,135610.46,135610.46,FULL,INITIATED,Fraud Suspected,Merchant,GWREF319167,4,N,
REF3223861,TXN0001477,,,MERCH0039,CUST12605,2024-11-06,,147441.57,109889.80,PARTIAL,FAILED,Product Defective,System,GWREF402728,4,N,
REF3725568,TXN0001498,,UTR231071239092,MERCH0033,CUST11569,2024-11-19,2024-11-23,127633.55,127633.55,FULL,PROCESSED,Duplicate Payment,System,GWREF364888,2,N,
REF6882919,TXN0001502,,,MERCH0010,CUST49816,2024-10-18,,143464.14,143464.14,FULL,FAILED,Customer Request,Customer,GWREF364682,14,N,
REF3162001,TXN0001507,,,MERCH0003,CUST20644,2024-05-21,,36253.31,31690.31,PARTIAL,FAILED,Item Not Delivered,System,GWREF330211,12,N,
REF9269438,TXN0001512,,UTR691358370778,MERCH0008,CUST90402,2024-06-02,2024-06-08,32205.63,13377.28,PARTIAL,PROCESSED,Customer Request,Merchant,GWREF190229,12,N,
REF9498413,TXN0001514,,,MERCH0008,CUST73124,2024-09-30,,36251.83,36251.83,FULL,FAILED,Chargeback Initiated,Bank,GWREF275169,12,N,
REF9660301,TXN0001523,,UTR600284394096,MERCH0027,CUST43719,2024-11-27,2024-12-01,46987.55,46987.55,FULL,PROCESSED,Fraud Suspected,System,GWREF591048,12,N,
REF1128579,TXN0001539,,UTR312245777369,MERCH0033,CUST10916,2024-04-08,2024-04-12,53843.72,53843.72,FULL,PROCESSED,Customer Request,System,GWREF945922,7,N,
REF6060117,TXN0001546,,,MERCH0011,CUST65842,2024-04-18,,67812.33,67812.33,FULL,INITIATED,Fraud Suspected,System,GWREF953251,13,N,
REF1551793,TXN0001548,,UTR659537981548,MERCH0036,CUST19442,2024-07-19,2024-07-22,74557.04,74557.04,FULL,PROCESSED,Fraud Suspected,Customer,GWREF423264,3,N,
REF9453463,TXN0001564,,UTR416943336288,MERCH0005,CUST28919,2024-05-01,2024-05-05,86605.41,86605.41,FULL,PROCESSED,Customer Request,System,GWREF701512,11,N,
REF6962180,TXN0001569,,UTR696632225521,MERCH0012,CUST14295,2024-03-11,2024-03-18,34485.05,34485.05,FULL,PROCESSED,Duplicate Payment,System,GWREF464440,10,N,
REF2055238,TXN0001571,,UTR820817187866,MERCH0049,CUST31888,2024-08-20,2024-08-23,112237.51,112237.51,FULL,PROCESSED,Chargeback Initiated,System,GWREF404134,12,Y,Chargeback case
REF5023705,TXN0001575,,UTR967463904830,MERCH0011,CUST47125,2024-07-23,2024-07-26,119554.72,119554.72,FULL,PROCESSED,Fraud Suspected,Merchant,GWREF724536,14,Y,
REF8335153,TXN0001580,,UTR636838124848,MERCH0038,CUST81009,2024-11-25,2024-11-30,77794.57,77794.57,FULL,PROCESSED,Fraud Suspected,System,GWREF754606,7,Y,
REF6981745,TXN0001622,,UTR569574551654,MERCH0036,CUST46941,2024-12-03,2024-12-10,141975.62,141975.62,FULL,PROCESSED,Chargeback Initiated,System,GWREF378099,3,N,Chargeback case
REF5347221,TXN0001628,,,MERCH0014,CUST84854,2024-08-03,,126545.96,126545.96,FULL,FAILED,Product Defective,Merchant,GWREF768153,12,N,
REF6887358,TXN0001637,,,MERCH0001,CUST45009,2024-09-14,,5152.70,5152.70,FULL,PENDING,Product Defective,Merchant,GWREF545279,3,N,
REF5513271,TXN0001640,,UTR395374904483,MERCH0040,CUST36762,2024-09-11,2024-09-18,64330.04,35924.17,PARTIAL,PROCESSED,Chargeback Initiated,System,GWREF331495,4,N,
REF3276779,TXN0001644,,UTR098175074350,MERCH0040,CUST54147,2024-03-27,2024-04-01,34216.43,34216.43,FULL,PROCESSED,Customer Request,Merchant,GWREF193999,6,Y,Chargeback case
REF2371518,TXN0001665,,UTR925186273484,MERCH0036,CUST40944,2024-09-26,2024-09-29,38535.32,38535.32,FULL,PROCESSED,Duplicate Payment,Customer,GWREF440725,2,N,
REF6492618,TXN0001668,,UTR727920144457,MERCH0034,CUST92577,2024-01-22,2024-01-27,145080.39,145080.39,FULL,PROCESSED,Fraud Suspected,System,GWREF389121,13,N,
REF5071121,TXN0001671,,,MERCH0048,CUST61154,2024-03-05,,51063.41,51063.41,FULL,INITIATED,Duplicate Payment,System,GWREF288536,10,N,
REF9156602,TXN0001676,,UTR640603925957,MERCH0020,CUST48722,2024-03-23,2024-03-29,123603.55,123603.55,FULL,PROCESSED,Item Not Delivered,Bank,GWREF637633,5,N,Chargeback case
REF4611051,TXN0001692,,UTR401747127884,MERCH0006,CUST54908,2024-05-07,2024-05-10,98818.12,98818.12,FULL,PROCESSED,Customer Request,Merchant,GWREF955447,14,N,Chargeback case
REF9886877,TXN0001694,,UTR714078512130,MERCH0043,CUST94620,2024-03-05,2024-03-08,93086.46,93086.46,FULL,PROCESSED,Duplicate Payment,Merchant,GWREF784470,6,Y,
REF5875758,TXN0001697,,UTR243724647113,MERCH0032,CUST16692,2024-09-28,2024-10-04,61637.77,61637.77,FULL,PROCESSED,Item Not Delivered,Customer,GWREF999605,6,N,Chargeback case
REF9764059,TXN0001712,,UTR632332392790,MERCH0016,CUST56952,2024-03-22,2024-03-27,123387.01,123387.01,FULL,PROCESSED,Fraud Suspected,System,GWREF580065,10,N,
REF3300845,TXN0001714,,,MERCH0009,CUST36277,2024-03-27,,48992.12,48992.12,FULL,INITIATED,Product Defective,System,GWREF657370,11,N,
REF9344506,TXN0001715,,,MERCH0045,CUST14264,2024-07-22,,45178.42,45178.42,FULL,FAILED,Item Not Delivered,System,GWREF776069,9,Y,
REF8465488,TXN0001716,,UTR438755286877,MERCH0032,CUST88643,2024-10-04,2024-10-10,53869.39,53869.39,FULL,PROCESSED,Item Not Delivered,Customer,GWREF844970,5,N,
REF2962751,TXN0001724,,UTR101140569623,MERCH0045,CUST92262,2024-03-19,2024-03-26,122564.53,122564.53,FULL,PROCESSED,Chargeback Initiated,Merchant,GWREF938287,1,N,
REF5652515,TXN0001736,,UTR041833221311,MERCH0030,CUST75852,2024-09-14,2024-09-21,147135.64,147135.64,FULL,PROCESSED,Customer Request,Bank,GWREF585932,11,N,
REF5759807,TXN0001740,,UTR284148124250,MERCH0038,CUST16241,2024-06-17,2024-06-22,27965.71,20145.68,PARTIAL,PROCESSED,Product Defective,System,GWREF264715,8,N,Chargeback case
REF4027431,TXN0001745,,,MERCH0002,CUST64856,2024-03-26,,145204.87,145204.87,FULL,INITIATED,Item Not Delivered,Merchant,GWREF855660,2,N,
REF1458909,TXN0001767,,UTR676783471750,MERCH0032,CUST56100,2024-05-20,2024-05-23,11519.89,11519.89,FULL,PROCESSED,Duplicate Payment,Bank,GWREF714677,7,Y,
REF6228951,TXN0001774,,UTR411535337756,MERCH0004,CUST67867,2024-11-06,2024-11-12,78847.15,66769.02,PARTIAL,PROCESSED,Duplicate Payment,Customer,GWREF685484,14,N,
REF8550049,TXN0001785,,,MERCH0012,CUST73621,2024-10-23,,88911.98,88911.98,FULL,FAILED,Fraud Suspected,Bank,GWREF994264,10,N,Chargeback case
REF6772551,TXN0001812,,UTR512104034384,MERCH0026,CUST79463,2024-06-22,2024-06-28,47543.71,47543.71,FULL,PROCESSED,Chargeback Initiated,System,GWREF531094,6,N,Chargeback case
REF7245309,TXN0001816,,,MERCH0024,CUST37248,2024-08-01,,100755.77,100755.77,FULL,PENDING,Customer Request,Bank,GWREF592715,8,N,
REF7809875,TXN0001859,,UTR096104355606,MERCH0048,CUST21740,2024-09-22,2024-09-25,120316.08,59870.14,PARTIAL,PROCESSED,Duplicate Payment,Customer,GWREF920164,7,N,
REF7061147,TXN0001861,,UTR119567507224,MERCH0041,CUST29693,2024-09-25,2024-10-02,1167.95,967.59,PARTIAL,PROCESSED,Duplicate Payment,Merchant,GWREF813309,5,N,
REF1763431,TXN0001869,,UTR053017592493,MERCH0043,CUST96018,2024-03-22,2024-03-26,70202.27,70202.27,FULL,PROCESSED,Fraud Suspected,Customer,GWREF502454,12,N,
REF2593426,TXN0001879,,UTR857131039673,MERCH0025,CUST54925,2024-09-18,2024-09-22,112314.64,69964.26,PARTIAL,PROCESSED,Customer Request,System,GWREF374059,9,N,Chargeback case
REF3006793,TXN0001880,,UTR091957880206,MERCH0050,CUST73040,2024-07-26,2024-07-29,117634.49,117634.49,FULL,PROCESSED,Product Defective,Customer,GWREF871509,6,N,Chargeback case
REF1523006,TXN0001925,,UTR814670574051,MERCH0040,CUST86333,2024-11-19,2024-11-23,57644.76,57644.76,FULL,PROCESSED,Duplicate Payment,System,GWREF432711,8,N,
REF4265342,TXN0001934,,UTR129330110056,MERCH0033,CUST65738,2024-07-09,2024-07-15,112984.21,112984.21,FULL,PROCESSED,Duplicate Payment,System,GWREF181394,4,N,
REF6706799,TXN0001966,,UTR437616370510,MERCH0025,CUST57223,2024-09-01,2024-09-08,86956.82,61827.96,PARTIAL,PROCESSED,Duplicate Payment,Customer,GWREF481673,8,Y,Chargeback case
REF6319951,TXN0001992,,UTR553750008806,MERCH0028,CUST91560,2024-05-26,2024-05-31,3318.69,3318.69,FULL,PROCESSED,Customer Request,Bank,GWREF659772,2,N,
REF5602876,TXN0001995,,,MERCH0036,CUST97424,2024-04-19,,76333.93,76333.93,FULL,FAILED,Chargeback Initiated,Merchant,GWREF962426,12,Y,
REF6940148,TXN0002025,,UTR726397764928,MERCH0005,CUST25042,2024-11-04,2024-11-11,87887.01,87887.01,FULL,PROCESSED,Fraud Suspected,Customer,GWREF115422,10,N,
REF1270364,TXN0002034,,UTR805787093538,MERCH0012,CUST67854,2024-09-16,2024-09-23,16142.14,16142.14,FULL,PROCESSED,Chargeback Initiated,System,GWREF321770,1,N,
REF4021654,TXN0002059,,UTR149164937306,MERCH0016,CUST52879,2024-07-09,2024-07-14,52516.91,52516.91,FULL,PROCESSED,Product Defective,Customer,GWREF721859,4,Y,Chargeback case
REF2565647,TXN0002066,,UTR567701494040,MERCH0001,CUST87330,2024-08-14,2024-08-17,31652.98,31652.98,FULL,PROCESSED,Customer Request,Merchant,GWREF382342,9,N,
REF6866588,TXN0002075,,UTR498887716542,MERCH0019,CUST86489,2024-10-24,2024-10-28,96042.78,96042.78,FULL,PROCESSED,Customer Request,Merchant,GWREF735145,4,N,
REF3595074,TXN0002113,,UTR993188456622,MERCH0034,CUST36883,2024-01-07,2024-01-10,84300.45,84300.45,FULL,PROCESSED,Chargeback Initiated,Merchant,GWREF689345,14,N,
REF9270271,TXN0002120,,,MERCH0032,CUST85004,2024-07-16,,1312.77,400.90,PARTIAL,PENDING,Duplicate Payment,System,GWREF828247,3,N,
REF7690135,TXN0002136,,UTR937524655409,MERCH0024,CUST58303,2024-02-28,2024-03-04,112492.72,112492.72,FULL,PROCESSED,Item Not Delivered,Bank,GWREF184394,5,N,Chargeback case
REF8333166,TXN0002138,,UTR508211288883,MERCH0011,CUST71659,2024-08-12,2024-08-19,117063.03,117063.03,FULL,PROCESSED,Product Defective,Bank,GWREF333291,10,N,
REF1774799,TXN0002140,,UTR406746095012,MERCH0019,CUST35761,2024-08-03,2024-08-07,90029.92,65913.46,PARTIAL,PROCESSED,Product Defective,Bank,GWREF417820,12,N,
REF9222833,TXN0002146,,,MERCH0044,CUST37237,2024-03-03,,43547.66,43547.66,FULL,INITIATED,Customer Request,Bank,GWREF236271,4,N,
REF2973231,TXN0002174,,UTR132224949738,MERCH0017,CUST92830,2024-02-12,2024-02-17,140451.40,140451.40,FULL,PROCESSED,Duplicate Payment,Merchant,GWREF139873,9,N,
REF2327304,TXN0002186,,UTR244339895933,MERCH0016,CUST67516,2024-07-28,2024-08-01,116402.41,116402.41,FULL,PROCESSED,Duplicate Payment,System,GWREF359954,13,N,
REF8479039,TXN0002214,,UTR012965798132,MERCH0030,CUST93059,2024-11-26,2024-12-03,31268.67,31268.67,FULL,PROCESSED,Duplicate Payment,Merchant,GWREF837945,10,N,Chargeback case
REF3852117,TXN0002218,,UTR295793920784,MERCH0006,CUST95593,2024-05-19,2024-05-25,118556.61,118556.61,FULL,PROCESSED,Product Defective,Merchant,GWREF754289,2,N,
REF5132912,TXN0002226,,UTR393531421149,MERCH0033,CUST34562,2024-08-02,2024-08-07,67076.39,67076.39,FULL,PROCESSED,Item Not Delivered,Merchant,GWREF831015,10,N,Chargeback case
REF5836615,TXN0002242,,UTR056142981189,MERCH0031,CUST54232,2024-10-27,2024-10-30,42875.39,21279.42,PARTIAL,PROCESSED,Customer Request,System,GWREF883215,4,N,
REF3251766,TXN0002249,,,MERCH0050,CUST45650,2024-07-19,,99368.63,99368.63,FULL,INITIATED,Item Not Delivered,Merchant,GWREF955438,1,N,Chargeback case
REF4116040,TXN0002260,,UTR295246288425,MERCH0046,CUST98541,2024-11-01,2024-11-07,130093.77,130093.77,FULL,PROCESSED,Duplicate Payment,Bank,GWREF135105,14,N,Chargeback case
REF4018749,TXN0002274,,UTR125409430158,MERCH0027,CUST74925,2024-02-21,2024-02-27,47648.34,47648.34,FULL,PROCESSED,Product Defective,Merchant,GWREF739224,11,Y,
REF1667417,TXN0002294,,UTR468337085248,MERCH0018,CUST52519,2024-10-24,2024-10-27,5677.86,5677.86,FULL,PROCESSED,Duplicate Payment,Customer,GWREF652965,2,N,Chargeback case
REF2385036,TXN0002302,,UTR239229205315,MERCH0007,CUST28102,2024-06-17,2024-06-20,78990.09,38141.08,PARTIAL,PROCESSED,Chargeback Initiated,Bank,GWREF346372,9,N,
REF8765772,TXN0002308,,,MERCH0016,CUST52408,2024-08-13,,44587.85,44587.85,FULL,FAILED,Customer Request,Customer,GWREF463027,2,N,Chargeback case
REF4145835,TXN0002333,,UTR957180182326,MERCH0041,CUST43118,2024-03-15,2024-03-20,10848.57,10848.57,FULL,PROCESSED,Duplicate Payment,Merchant,GWREF475538,1,N,
REF6522601,TXN0002341,,UTR964970482626,MERCH0044,CUST42531,2024-02-08,2024-02-12,147277.85,147277.85,FULL,PROCESSED,Fraud Suspected,Customer,GWREF100871,7,N,
REF2283729,TXN0002355,,UTR788163344485,MERCH0025,CUST12027,2024-02-24,2024-02-28,113555.21,113555.21,FULL,PROCESSED,Product Defective,Merchant,GWREF759215,4,Y,
REF4327758,TXN0002361,,UTR702897940888,MERCH0035,CUST18194,2024-01-25,2024-01-30,1561.63,1561.63,FULL,PROCESSED,Duplicate Payment,System,GWREF349511,7,N,Chargeback case
REF2870825,TXN0002446,,UTR710083151171,MERCH0008,CUST62908,2024-03-23,2024-03-26,12807.33,11364.51,PARTIAL,PROCESSED,Customer Request,Customer,GWREF420489,4,N,
REF2754294,TXN0002451,,UTR271362818345,MERCH0008,CUST37463,2024-07-05,2024-07-08,90877.95,90877.95,FULL,PROCESSED,Fraud Suspected,System,GWREF127068,8,Y,
REF5101723,TXN0002462,,UTR685152538195,MERCH0019,CUST37552,2024-11-18,2024-11-25,62482.15,62482.15,FULL,PROCESSED,Product Defective,Bank,GWREF483423,11,N,Chargeback case
REF3151728,TXN0002470,,UTR747747462670,MERCH0045,CUST83922,2024-04-18,2024-04-23,99491.23,99491.23,FULL,PROCESSED,Item Not Delivered,Customer,GWREF447037,2,N,
REF9098877,TXN0002472,,UTR387736969600,MERCH0045,CUST93507,2024-11-19,2024-11-22,84558.37,58467.82,PARTIAL,PROCESSED,Customer Request,Customer,GWREF414970,13,N,Chargeback case
REF6667727,TXN0002478,,,MERCH0049,CUST59774,2024-07-21,,36671.54,36671.54,FULL,FAILED,Fraud Suspected,Bank,GWREF426775,3,N,Chargeback case
REF4981911,TXN0002487,,UTR410881326465,MERCH0026,CUST70101,2024-06-07,2024-06-13,43024.52,35996.55,PARTIAL,PROCESSED,Duplicate Payment,System,GWREF108993,4,Y,
REF1749790,TXN0002501,,UTR035001419049,MERCH0026,CUST58028,2024-04-25,2024-05-01,106950.60,106950.60,FULL,PROCESSED,Duplicate Payment,Merchant,GWREF285367,5,N,
REF1243101,TXN0002510,,,MERCH0002,CUST99003,2024-10-13,,32179.22,32179.22,FULL,FAILED,Chargeback Initiated,Customer,GWREF534193,6,N,
REF8275054,TXN0002515,,,MERCH0010,CUST35337,2024-07-20,,20234.43,20234.43,FULL,PENDING,Fraud Suspected,System,GWREF872199,11,N,
REF7123335,TXN0002522,,UTR963712362127,MERCH0022,CUST82228,2024-07-31,2024-08-07,88800.54,88800.54,FULL,PROCESSED,Duplicate Payment,System,GWREF787706,9,N,
REF5611023,TXN0002540,,UTR943799950918,MERCH0034,CUST24875,2024-03-27,2024-03-30,69222.78,69222.78,FULL,PROCESSED,Product Defective,Merchant,GWREF373645,13,N,
REF7715746,TXN0002554,,,MERCH0033,CUST70822,2024-06-02,,14433.80,14433.80,FULL,FAILED,Fraud Suspected,Customer,GWREF274493,11,Y,
REF4515141,TXN0002555,,,MERCH0036,CUST88419,2024-02-22,,41405.99,26213.09,PARTIAL,PENDING,Product Defective,Merchant,GWREF480973,14,N,
REF3016597,TXN0002563,,UTR601163586918,MERCH0038,CUST60297,2024-09-13,2024-09-20,114432.24,114432.24,FULL,PROCESSED,Fraud Suspected,Bank,GWREF146791,10,N,
REF1497399,TXN0002564,,,MERCH0031,CUST56992,2024-03-23,,99083.96,49125.80,PARTIAL,PENDING,Item Not Delivered,Customer,GWREF100078,14,N,
REF9317262,TXN0002573,,UTR857345720123,MERCH0002,CUST87319,2024-08-04,2024-08-08,132292.23,132292.23,FULL,PROCESSED,Chargeback Initiated,System,GWREF412728,11,N,
REF7008432,TXN0002574,,,MERCH0047,CUST86539,2024-07-17,,38523.69,38523.69,FULL,INITIATED,Fraud Suspected,Bank,GWREF933984,6,N,
REF3515411,TXN0002580,,UTR782769630952,MERCH0031,CUST16461,2024-01-19,2024-01-22,89899.90,55463.30,PARTIAL,PROCESSED,Product Defective,Merchant,GWREF797047,7,N,
REF4922496,TXN0002581,,,MERCH0034,CUST54757,2024-07-03,,23936.97,23936.97,FULL,FAILED,Customer Request,Bank,GWREF213326,9,N,
REF5698807,TXN0002586,,,MERCH0012,CUST14891,2024-07-02,,43667.30,20539.72,PARTIAL,INITIATED,Product Defective,Customer,GWREF718634,14,N,Chargeback case
REF7079512,TXN0002593,,UTR720782860175,MERCH0010,CUST48567,2024-04-21,2024-04-28,50333.41,33758.74,PARTIAL,PROCESSED,Duplicate Payment,Merchant,GWREF878860,12,N,Chargeback case
REF1664223,TXN0002608,,UTR142240570405,MERCH0010,CUST10312,2024-07-15,2024-07-21,126587.44,126587.44,FULL,PROCESSED,Fraud Suspected,Merchant,GWREF922553,7,N,
REF9041158,TXN0002615,,UTR693924777610,MERCH0001,CUST23015,2024-11-09,2024-11-14,100814.98,100814.98,FULL,PROCESSED,Customer Request,Merchant,GWREF456468,12,N,
REF8726635,TXN0002619,,UTR240810254551,MERCH0027,CUST39665,2024-06-04,2024-06-11,130706.71,130706.71,FULL,PROCESSED,Item Not Delivered,Customer,GWREF933525,13,Y,
REF2594904,TXN0002635,,UTR730048016606,MERCH0002,CUST77581,2024-06-21,2024-06-26,86358.08,86358.08,FULL,PROCESSED,Duplicate Payment,Merchant,GWREF900662,1,N,
REF8381273,TXN0002639,,,MERCH0027,CUST11043,2024-02-10,,69830.21,27416.73,PARTIAL,FAILED,Duplicate Payment,Customer,GWREF969137,13,N,
REF4110263,TXN0002649,,,MERCH0032,CUST94213,2024-11-25,,71259.73,71259.73,FULL,PENDING,Item Not Delivered,Merchant,GWREF464152,11,Y,
REF7976169,TXN0002694,,UTR203477494661,MERCH0046,CUST45879,2024-08-09,2024-08-15,68141.44,68141.44,FULL,PROCESSED,Item Not Delivered,Merchant,GWREF274952,1,N,
REF4627705,TXN0002727,,UTR430435414977,MERCH0050,CUST28861,2024-02-01,2024-02-05,102064.74,102064.74,FULL,PROCESSED,Chargeback Initiated,Bank,GWREF124941,13,N,
REF8327997,TXN0002730,,,MERCH0023,CUST17809,2024-05-04,,111786.03,111786.03,FULL,PENDING,Fraud Suspected,Merchant,GWREF326091,4,N,
REF4186305,TXN0002742,,,MERCH0033,CUST94918,2024-04-13,,30444.74,30444.74,FULL,PENDING,Chargeback Initiated,System,GWREF865215,1,N,
REF5015184,TXN0002743,,UTR014466781158,MERCH0046,CUST35491,2024-07-10,2024-07-17,57990.79,57990.79,FULL,PROCESSED,Product Defective,Customer,GWREF387810,14,N,
REF2624425,TXN0002748,,,MERCH0045,CUST22761,2024-07-30,,95782.90,45826.20,PARTIAL,FAILED,Fraud Suspected,Merchant,GWREF359823,1,N,
REF1807491,TXN0002754,,UTR529407087529,MERCH0044,CUST59514,2024-09-16,2024-09-21,119438.13,119438.13,FULL,PROCESSED,Fraud Suspected,System,GWREF543733,10,N,
REF5697379,TXN0002756,,,MERCH0019,CUST20021,2024-07-13,,48054.26,48054.26,FULL,PENDING,Customer Request,System,GWREF178620,12,N,
REF6523829,TXN0002775,,UTR656400227658,MERCH0013,CUST60967,2024-02-25,2024-03-01,62228.37,47715.69,PARTIAL,PROCESSED,Product Defective,Customer,GWREF839786,11,N,
REF6358772,TXN0002789,,UTR880752594930,MERCH0033,CUST78411,2024-08-13,2024-08-19,131239.07,131239.07,FULL,PROCESSED,Duplicate Payment,System,GWREF914571,7,N,
REF7737307,TXN0002796,,,MERCH0018,CUST53896,2024-03-26,,68000.69,53103.48,PARTIAL,FAILED,Customer Request,Bank,GWREF517632,3,N,Chargeback case
REF2331599,TXN0002804,,,MERCH0046,CUST98428,2024-09-19,,68617.30,49798.65,PARTIAL,PENDING,Duplicate Payment,Customer,GWREF760244,8,Y,
REF4572368,TXN0002813,,UTR799511443295,MERCH0039,CUST43706,2024-11-25,2024-11-28,99172.45,99172.45,FULL,PROCESSED,Duplicate Payment,Merchant,GWREF490946,9,Y,
REF1166436,TXN0002815,,,MERCH0008,CUST37751,2024-01-05,,125318.25,125318.25,FULL,FAILED,Fraud Suspected,System,GWREF686356,13,Y,
REF4263140,TXN0002820,,UTR388759490328,MERCH0026,CUST46677,2024-12-03,2024-12-07,26586.07,20265.25,PARTIAL,PROCESSED,Customer Request,Customer,GWREF702557,13,Y,
REF8897122,TXN0002830,,UTR186746424666,MERCH0036,CUST85157,2024-02-04,2024-02-11,132286.66,132286.66,FULL,PROCESSED,Item Not Delivered,Merchant,GWREF970463,8,N,
REF1759244,TXN0002831,,UTR671563627074,MERCH0032,CUST15832,2024-03-24,2024-03-28,93174.65,93174.65,FULL,PROCESSED,Chargeback Initiated,Merchant,GWREF750624,9,N,
REF8083534,TXN0002842,,UTR933428044944,MERCH0006,CUST46546,2024-04-06,2024-04-13,72397.12,72397.12,FULL,PROCESSED,Product Defective,Merchant,GWREF147254,7,Y,
REF1619275,TXN0002843,,UTR843637845991,MERCH0022,CUST57733,2024-11-14,2024-11-18,128913.81,128913.81,FULL,PROCESSED,Duplicate Payment,Bank,GWREF308758,10,N,
REF9234817,TXN0002848,,UTR837114204006,MERCH0026,CUST26656,2024-08-15,2024-08-21,98839.35,98839.35,FULL,PROCESSED,Chargeback Initiated,Merchant,GWREF835418,8,N,
REF1902152,TXN0002852,,UTR369127560870,MERCH0046,CUST81225,2024-05-25,2024-05-28,37123.19,37123.19,FULL,PROCESSED,Customer Request,System,GWREF691107,13,N,
REF6142286,TXN0002853,,UTR312544425265,MERCH0018,CUST68498,2024-10-13,2024-10-16,4254.99,4254.99,FULL,PROCESSED,Item Not Delivered,System,GWREF950713,6,N,
REF1088298,TXN0002863,,UTR965282691478,MERCH0023,CUST21044,2024-11-19,2024-11-25,7545.22,7545.22,FULL,PROCESSED,Item Not Delivered,Customer,GWREF530161,6,N,
REF6325615,TXN0002875,,UTR696183121812,MERCH0025,CUST92205,2024-01-07,2024-01-12,94550.03,94550.03,FULL,PROCESSED,Item Not Delivered,System,GWREF204933,4,N,
REF1075326,TXN0002885,,UTR530181731378,MERCH0047,CUST62305,2024-03-07,2024-03-14,33452.40,33452.40,FULL,PROCESSED,Product Defective,Merchant,GWREF674279,14,N,
REF3802991,TXN0002888,,UTR145280055055,MERCH0034,CUST71186,2024-11-20,2024-11-27,62272.91,31451.71,PARTIAL,PROCESSED,Product Defective,Customer,GWREF313610,1,N,
REF8828742,TXN0002889,,UTR411055153966,MERCH0036,CUST77305,2024-10-07,2024-10-12,24189.38,24189.38,FULL,PROCESSED,Item Not Delivered,System,GWREF833622,4,N,Chargeback case
REF2763167,TXN0002890,,UTR518309840864,MERCH0009,CUST58192,2024-05-11,2024-05-18,123514.53,123514.53,FULL,PROCESSED,Item Not Delivered,Bank,GWREF902250,14,N,
REF9043299,TXN0002892,,UTR598360395164,MERCH0018,CUST26009,2024-01-22,2024-01-26,103510.21,33310.51,PARTIAL,PROCESSED,Chargeback Initiated,System,GWREF751437,14,Y,
REF7042001,TXN0002901,,UTR830667708031,MERCH0023,CUST52279,2024-09-19,2024-09-26,19889.24,19889.24,FULL,PROCESSED,Item Not Delivered,Merchant,GWREF312966,5,N,
REF7955037,TXN0002934,,,MERCH0010,CUST46682,2024-03-04,,69239.49,69239.49,FULL,PENDING,Fraud Suspected,Merchant,GWREF107754,5,Y,
REF3004747,TXN0002971,,,MERCH0039,CUST34895,2024-06-07,,56425.68,56425.68,FULL,PENDING,Fraud Suspected,Bank,GWREF310994,14,N,
REF9058465,TXN0002976,,UTR792013454855,MERCH0024,CUST45596,2024-08-16,2024-08-19,12643.21,12643.21,FULL,PROCESSED,Product Defective,Bank,GWREF394860,5,N,
REF6342265,TXN0002984,,UTR858044678844,MERCH0039,CUST52824,2024-05-28,2024-05-31,37382.42,37382.42,FULL,PROCESSED,Fraud Suspected,System,GWREF862740,13,Y,
REF2909965,TXN0002986,,UTR896085634573,MERCH0019,CUST97418,2024-01-25,2024-01-30,131578.20,131578.20,FULL,PROCESSED,Customer Request,Merchant,GWREF360065,10,N,
REF2733991,TXN0002990,,UTR331584914676,MERCH0023,CUST36749,2024-03-02,2024-03-07,137985.28,137985.28,FULL,PROCESSED,Product Defective,Merchant,GWREF186863,8,N,Chargeback case
REF1352868,TXN0002993,,,MERCH0024,CUST22697,2024-06-06,,52103.72,52103.72,FULL,FAILED,Product Defective,System,GWREF666831,2,N,
REF1078878,TXN0003000,,,MERCH0007,CUST40928,2024-06-23,,87046.51,74131.79,PARTIAL,INITIATED,Product Defective,Bank,GWREF172369,8,N,
REF3699789,TXN0003011,,UTR764071598563,MERCH0028,CUST58659,2024-01-31,2024-02-03,39135.19,39135.19,FULL,PROCESSED,Product Defective,System,GWREF564436,11,Y,
REF5946068,TXN0003019,,UTR507008768442,MERCH0003,CUST13877,2024-09-28,2024-10-05,83506.93,83506.93,FULL,PROCESSED,Customer Request,Merchant,GWREF674997,6,Y,
REF2242993,TXN0003036,,UTR255604487999,MERCH0010,CUST49428,2024-04-07,2024-04-13,4270.85,4270.85,FULL,PROCESSED,Customer Request,Customer,GWREF309996,1,N,
REF7278044,TXN0003037,,,MERCH0036,CUST48460,2024-03-22,,114399.04,114399.04,FULL,PENDING,Duplicate Payment,Customer,GWREF242463,4,N,
REF4231611,TXN0003038,,UTR143992721062,MERCH0012,CUST83794,2024-02-05,2024-02-10,95079.81,81067.81,PARTIAL,PROCESSED,Chargeback Initiated,System,GWREF320036,1,Y,
REF4654805,TXN0003046,,,MERCH0033,CUST25504,2024-09-19,,50870.21,29121.67,PARTIAL,FAILED,Customer Request,Customer,GWREF675217,12,Y,
REF8785431,TXN0003051,,UTR285847185592,MERCH0035,CUST59234,2024-03-25,2024-04-01,19734.34,19734.34,FULL,PROCESSED,Duplicate Payment,Bank,GWREF903166,7,N,Chargeback case
REF3299503,TXN0003055,,UTR464371285201,MERCH0010,CUST61007,2024-08-07,2024-08-10,84374.37,84374.37,FULL,PROCESSED,Customer Request,System,GWREF953313,3,Y,
REF9616413,TXN0003079,,UTR589014625426,MERCH0049,CUST91305,2024-01-16,2024-01-19,45029.85,45029.85,FULL,PROCESSED,Duplicate Payment,Merchant,GWREF582766,9,N,
REF6421098,TXN0003094,,UTR496290838599,MERCH0029,CUST64945,2024-07-25,2024-07-29,107535.76,107535.76,FULL,PROCESSED,Item Not Delivered,Merchant,GWREF896000,3,N,
REF5176170,TXN0003098,,UTR150905444282,MERCH0041,CUST81397,2024-07-26,2024-07-29,86803.24,49818.36,PARTIAL,PROCESSED,Item Not Delivered,Bank,GWREF302516,2,N,
REF7169848,TXN0003106,,UTR591613879598,MERCH0020,CUST59860,2024-10-01,2024-10-04,121934.48,121934.48,FULL,PROCESSED,Fraud Suspected,System,GWREF172880,9,N,
REF2974905,TXN0003142,,UTR858434770729,MERCH0012,CUST44680,2024-11-14,2024-11-17,94279.21,94279.21,FULL,PROCESSED,Duplicate Payment,System,GWREF597981,3,N,Chargeback case
REF1043751,TXN0003183,,UTR615173835666,MERCH0013,CUST66074,2024-04-21,2024-04-27,50967.29,50967.29,FULL,PROCESSED,Item Not Delivered,Customer,GWREF683076,13,N,
REF9191691,TXN0003188,,,MERCH0040,CUST77720,2024-05-22,,34570.01,34570.01,FULL,INITIATED,Item Not Delivered,Merchant,GWREF836304,3,N,Chargeback case
REF7090197,TXN0003196,,UTR290616229725,MERCH0040,CUST43581,2024-04-15,2024-04-21,22326.26,13445.52,PARTIAL,PROCESSED,Chargeback Initiated,Bank,GWREF244024,3,N,Chargeback case
REF8340898,TXN0003199,,UTR675010315367,MERCH0043,CUST48606,2024-05-04,2024-05-10,58512.43,43767.06,PARTIAL,PROCESSED,Customer Request,Merchant,GWREF839535,4,N,
REF6406684,TXN0003203,,UTR304211553939,MERCH0018,CUST55000,2024-02-05,2024-02-08,65868.78,56254.74,PARTIAL,PROCESSED,Chargeback Initiated,System,GWREF156007,7,N,
REF3216675,TXN0003236,,,MERCH0039,CUST49103,2024-03-23,,5653.12,5653.12,FULL,PENDING,Chargeback Initiated,Customer,GWREF179810,13,Y,
REF3685045,TXN0003237,,,MERCH0049,CUST22686,2024-08-21,,148583.82,148583.82,FULL,INITIATED,Chargeback Initiated,Bank,GWREF624453,4,N,
REF4691440,TXN0003238,,UTR480755629566,MERCH0008,CUST66803,2024-08-15,2024-08-22,10562.78,4390.35,PARTIAL,PROCESSED,Duplicate Payment,Customer,GWREF247035,12,N,
REF6406799,TXN0003243,,,MERCH0017,CUST69211,2024-01-11,,41319.80,41319.80,FULL,PENDING,Item Not Delivered,Merchant,GWREF403164,13,N,Chargeback case
REF4794279,TXN0003244,,UTR450721881436,MERCH0016,CUST37671,2024-04-30,2024-05-03,127555.41,127555.41,FULL,PROCESSED,Customer Request,Customer,GWREF683500,4,N,
REF4857767,TXN0003298,,UTR959289835310,MERCH0024,CUST92848,2024-07-19,2024-07-26,141790.71,141790.71,FULL,PROCESSED,Chargeback Initiated,Customer,GWREF925544,11,N,
REF3472337,TXN0003301,,,MERCH0043,CUST97017,2024-12-04,,23030.07,23030.07,FULL,PENDING,Product Defective,Bank,GWREF490633,1,Y,
REF7167416,TXN0003323,,UTR706016546175,MERCH0015,CUST96746,2024-01-14,2024-01-17,110357.36,110357.36,FULL,PROCESSED,Item Not Delivered,System,GWREF476793,12,N,Chargeback case
REF2771234,TXN0003356,,UTR010084011185,MERCH0016,CUST94852,2024-06-06,2024-06-13,1468.61,1468.61,FULL,PROCESSED,Duplicate Payment,Customer,GWREF581557,8,Y,
REF1795411,TXN0003367,,UTR820500085946,MERCH0024,CUST95236,2024-09-15,2024-09-19,61003.53,61003.53,FULL,PROCESSED,Customer Request,Bank,GWREF931694,6,N,
REF8157508,TXN0003383,,UTR454257057968,MERCH0025,CUST36549,2024-04-16,2024-04-19,66261.63,66261.63,FULL,PROCESSED,Item Not Delivered,Customer,GWREF106798,12,N,Chargeback case
REF3646663,TXN0003418,,UTR600952006771,MERCH0039,CUST18575,2024-08-09,2024-08-16,80940.09,80940.09,FULL,PROCESSED,Chargeback Initiated,System,GWREF158747,1,N,
REF9574469,TXN0003427,,UTR505905351300,MERCH0002,CUST33932,2024-01-03,2024-01-07,329.89,275.23,PARTIAL,PROCESSED,Item Not Delivered,Merchant,GWREF601105,8,N,
REF9172693,TXN0003435,,UTR349430394842,MERCH0027,CUST44870,2024-11-09,2024-11-13,23977.05,23977.05,FULL,PROCESSED,Customer Request,Merchant,GWREF163211,6,Y,
REF6637837,TXN0003451,,,MERCH0047,CUST57282,2024-04-25,,141303.96,141303.96,FULL,FAILED,Customer Request,Merchant,GWREF233547,5,N,
REF5937864,TXN0003462,,UTR800042264710,MERCH0034,CUST34908,2024-01-08,2024-01-11,45813.71,45813.71,FULL,PROCESSED,Product Defective,Bank,GWREF787609,8,Y,
REF3646302,TXN0003489,,UTR483130242600,MERCH0030,CUST49539,2024-08-07,2024-08-11,91850.21,91850.21,FULL,PROCESSED,Duplicate Payment,Merchant,GWREF561673,12,N,
REF4681736,TXN0003505,,UTR448462073288,MERCH0013,CUST44778,2024-08-25,2024-08-30,72405.80,72405.80,FULL,PROCESSED,Product Defective,Bank,GWREF411693,12,N,
REF3082952,TXN0003506,,,MERCH0042,CUST95670,2024-06-04,,136399.21,136399.21,FULL,PENDING,Customer Request,System,GWREF519281,14,N,
REF7583798,TXN0003536,,UTR972047012007,MERCH0022,CUST87990,2024-12-05,2024-12-08,77525.29,77525.29,FULL,PROCESSED,Product Defective,System,GWREF909086,7,N,
REF3023913,TXN0003554,,UTR853361355060,MERCH0019,CUST21766,2024-08-05,2024-08-11,66891.31,37395.31,PARTIAL,PROCESSED,Customer Request,Merchant,GWREF525309,2,N,
REF7762619,TXN0003565,,UTR121898988456,MERCH0021,CUST35223,2024-07-18,2024-07-21,95655.01,95655.01,FULL,PROCESSED,Customer Request,System,GWREF673110,2,N,Chargeback case
REF7753434,TXN0003570,,UTR753541010284,MERCH0041,CUST79390,2024-08-05,2024-08-10,88454.70,88454.70,FULL,PROCESSED,Duplicate Payment,System,GWREF328479,11,N,Chargeback case
REF1261408,TXN0003572,,UTR676358176158,MERCH0014,CUST98980,2024-06-18,2024-06-22,113973.71,113973.71,FULL,PROCESSED,Duplicate Payment,Merchant,GWREF860865,7,N,
REF4663856,TXN0003577,,,MERCH0010,CUST72780,2024-01-20,,77856.86,77856.86,FULL,PENDING,Duplicate Payment,System,GWREF674574,10,N,
REF5674863,TXN0003643,,UTR872677813534,MERCH0032,CUST44003,2024-02-08,2024-02-14,40768.71,24741.20,PARTIAL,PROCESSED,Duplicate Payment,System,GWREF635275,5,N,
REF5846418,TXN0003645,,UTR488348817934,MERCH0030,CUST31837,2024-06-09,2024-06-15,103175.17,103175.17,FULL,PROCESSED,Item Not Delivered,Bank,GWREF816548,3,N,
REF6903681,TXN0003653,,UTR997435731088,MERCH0042,CUST88417,2024-04-14,2024-04-20,4621.11,4621.11,FULL,PROCESSED,Customer Request,Bank,GWREF590595,7,Y,
REF7819945,TXN0003664,,,MERCH0025,CUST28387,2024-03-18,,120086.42,120086.42,FULL,PENDING,Duplicate Payment,Bank,GWREF891384,12,N,
REF8687280,TXN0003668,,UTR244300706788,MERCH0045,CUST93882,2024-05-20,2024-05-23,128135.72,128135.72,FULL,PROCESSED,Customer Request,Bank,GWREF691749,13,Y,
REF1794784,TXN0003669,,,MERCH0009,CUST96696,2024-02-25,,97491.36,97491.36,FULL,PENDING,Item Not Delivered,System,GWREF618137,4,Y,
REF9836102,TXN0003692,,UTR872985571965,MERCH0004,CUST73777,2024-11-23,2024-11-30,59006.60,31180.79,PARTIAL,PROCESSED,Product Defective,Bank,GWREF741179,13,N,
REF5953584,TXN0003693,,UTR672917652707,MERCH0004,CUST93991,2024-01-29,2024-02-02,149373.96,149373.96,FULL,PROCESSED,Fraud Suspected,Merchant,GWREF243265,14,Y,
REF8131216,TXN0003695,,UTR688814157842,MERCH0039,CUST72350,2024-11-30,2024-12-03,121139.87,53043.43,PARTIAL,PROCESSED,Duplicate Payment,Merchant,GWREF611725,14,N,
REF2242258,TXN0003720,,,MERCH0017,CUST97963,2024-02-09,,136706.90,136706.90,FULL,PENDING,Product Defective,Bank,GWREF851394,1,N,
REF6193691,TXN0003724,,UTR135341109289,MERCH0014,CUST67285,2024-02-22,2024-02-28,131907.21,131907.21,FULL,PROCESSED,Duplicate Payment,Customer,GWREF344348,9,N,
REF4515036,TXN0003727,,UTR009799759588,MERCH0010,CUST29284,2024-03-04,2024-03-11,64410.51,64410.51,FULL,PROCESSED,Chargeback Initiated,Bank,GWREF575428,5,Y,
REF5949548,TXN0003748,,,MERCH0029,CUST18395,2024-08-24,,98916.71,98916.71,FULL,FAILED,Product Defective,Bank,GWREF948494,13,N,
REF8544854,TXN0003758,,UTR645784732332,MERCH0024,CUST97229,2024-06-24,2024-06-28,50067.22,50067.22,FULL,PROCESSED,Duplicate Payment,Merchant,GWREF116612,10,N,
REF8847492,TXN0003787,,,MERCH0029,CUST78244,2024-06-09,,136883.52,136883.52,FULL,PENDING,Fraud Suspected,Customer,GWREF682286,14,Y,
REF1621121,TXN0003799,,UTR474499654504,MERCH0005,CUST56264,2024-11-11,2024-11-18,118584.51,118584.51,FULL,PROCESSED,Duplicate Payment,Merchant,GWREF523515,11,N,
REF2671042,TXN0003800,,UTR665388414229,MERCH0002,CUST49190,2024-06-22,2024-06-28,106848.05,106848.05,FULL,PROCESSED,Product Defective,System,GWREF816466,11,N,
REF7844646,TXN0003807,,,MERCH0008,CUST78742,2024-05-27,,31511.43,11854.61,PARTIAL,PENDING,Product Defective,Bank,GWREF827796,6,N,
REF5403703,TXN0003815,,UTR621567374295,MERCH0013,CUST59982,2024-09-16,2024-09-22,147039.76,80568.03,PARTIAL,PROCESSED,Duplicate Payment,Bank,GWREF351572,6,N,
REF8050397,TXN0003826,,UTR415779873955,MERCH0035,CUST58424,2024-11-30,2024-12-03,80339.42,54783.76,PARTIAL,PROCESSED,Customer Request,Merchant,GWREF776956,14,N,
REF1536770,TXN0003844,,,MERCH0044,CUST26191,2024-09-29,,136186.47,42344.51,PARTIAL,PENDING,Chargeback Initiated,Customer,GWREF547146,3,Y,
REF3267649,TXN0003848,,UTR543836012711,MERCH0018,CUST61135,2024-01-09,2024-01-13,99817.90,99817.90,FULL,PROCESSED,Product Defective,Bank,GWREF371612,7,N,
REF4091242,TXN0003850,,,MERCH0007,CUST34746,2024-07-06,,9772.19,9772.19,FULL,PENDING,Fraud Suspected,Bank,GWREF274063,13,N,
REF4984820,TXN0003860,,UTR334217002782,MERCH0015,CUST90721,2024-07-21,2024-07-25,70720.75,70720.75,FULL,PROCESSED,Duplicate Payment,Merchant,GWREF329377,10,N,Chargeback case
REF9762416,TXN0003863,,UTR163383789922,MERCH0018,CUST15487,2024-04-10,2024-04-17,131870.95,131870.95,FULL,PROCESSED,Fraud Suspected,System,GWREF984831,8,Y,
REF4699104,TXN0003877,,UTR884409103055,MERCH0026,CUST14845,2024-04-02,2024-04-08,27677.73,27677.73,FULL,PROCESSED,Chargeback Initiated,Merchant,GWREF911345,8,N,
REF6360847,TXN0003878,,UTR416680809759,MERCH0009,CUST45725,2024-03-07,2024-03-12,86198.05,86198.05,FULL,PROCESSED,Product Defective,Bank,GWREF273780,2,N,
REF8978891,TXN0003887,,UTR267344884871,MERCH0015,CUST91394,2024-04-11,2024-04-15,137957.81,137957.81,FULL,PROCESSED,Item Not Delivered,Customer,GWREF351124,2,N,
REF7058968,TXN0003904,,,MERCH0047,CUST75116,2024-01-29,,33995.43,33995.43,FULL,INITIATED,Duplicate Payment,Merchant,GWREF677878,9,Y,
REF1721914,TXN0003920,,UTR564813219495,MERCH0008,CUST61318,2024-04-03,2024-04-06,15405.26,15405.26,FULL,PROCESSED,Chargeback Initiated,Merchant,GWREF865391,13,N,
REF9552616,TXN0003951,,UTR317736051557,MERCH0035,CUST85961,2024-02-26,2024-02-29,39633.53,39633.53,FULL,PROCESSED,Customer Request,Customer,GWREF750190,12,N,
REF6014661,TXN0003961,,,MERCH0041,CUST57654,2024-09-28,,53663.69,53663.69,FULL,PENDING,Product Defective,Customer,GWREF597001,9,N,
REF2778286,TXN0003969,,,MERCH0011,CUST10020,2024-07-14,,131713.55,131713.55,FULL,INITIATED,Product Defective,Merchant,GWREF671722,14,N,
REF1941219,TXN0003973,,UTR299388000822,MERCH0013,CUST71571,2024-06-16,2024-06-21,76473.67,27359.07,PARTIAL,PROCESSED,Product Defective,Bank,GWREF805277,9,N,
REF2103983,TXN0003977,,,MERCH0049,CUST27984,2024-11-18,,52158.23,17827.84,PARTIAL,INITIATED,Product Defective,Merchant,GWREF822765,10,Y,
REF7254759,TXN0004025,,UTR489379993521,MERCH0011,CUST44597,2024-01-29,2024-02-03,57309.16,57309.16,FULL,PROCESSED,Duplicate Payment,Customer,GWREF113155,4,N,
REF2514183,TXN0004073,,,MERCH0043,CUST65999,2024-07-10,,139796.87,139796.87,FULL,PENDING,Product Defective,Merchant,GWREF366406,9,Y,
REF1376008,TXN0004077,,UTR490582466103,MERCH0035,CUST21817,2024-09-15,2024-09-19,39212.92,24594.84,PARTIAL,PROCESSED,Duplicate Payment,Customer,GWREF524279,9,N,
REF1154176,TXN0004096,,,MERCH0023,CUST81390,2024-02-19,,28560.45,21051.46,PARTIAL,PENDING,Product Defective,System,GWREF557687,5,Y,
REF2391800,TXN0004119,,UTR678053130353,MERCH0009,CUST96838,2024-11-12,2024-11-17,144135.79,84031.38,PARTIAL,PROCESSED,Item Not Delivered,Bank,GWREF873757,7,N,Chargeback case
REF6284499,TXN0004123,,,MERCH0003,CUST37631,2024-09-20,,144646.74,144646.74,FULL,PENDING,Chargeback Initiated,Customer,GWREF278245,10,N,
REF7392750,TXN0004132,,,MERCH0009,CUST88020,2024-11-21,,132590.67,132590.67,FULL,FAILED,Product Defective,Bank,GWREF475351,7,N,
REF4792725,TXN0004150,,UTR542108383353,MERCH0044,CUST67497,2024-02-18,2024-02-25,518.45,518.45,FULL,PROCESSED,Duplicate Payment,Merchant,GWREF728088,13,N,
REF6597992,TXN0004159,,UTR090649666652,MERCH0030,CUST63834,2024-06-05,2024-06-09,76337.36,76337.36,FULL,PROCESSED,Customer Request,System,GWREF646147,10,N,
REF3261589,TXN0004189,,,MERCH0031,CUST89581,2024-09-11,,17880.56,13407.61,PARTIAL,PENDING,Duplicate Payment,Merchant,GWREF872020,4,N,
REF5499121,TXN0004197,,UTR696026131535,MERCH0028,CUST95630,2024-11-12,2024-11-18,126974.20,56737.42,PARTIAL,PROCESSED,Fraud Suspected,Bank,GWREF924898,11,N,Chargeback case
REF5344402,TXN0004198,,,MERCH0024,CUST46244,2024-11-27,,49601.61,49601.61,FULL,INITIATED,Customer Request,Customer,GWREF595225,4,N,
REF7204310,TXN0004215,,,MERCH0024,CUST94157,2024-07-10,,121532.68,73614.79,PARTIAL,PENDING,Fraud Suspected,System,GWREF872411,7,N,
REF2983915,TXN0004219,,UTR284771979427,MERCH0019,CUST42360,2024-08-17,2024-08-21,28764.37,28764.37,FULL,PROCESSED,Customer Request,System,GWREF553835,14,N,
REF9259196,TXN0004228,,,MERCH0041,CUST10833,2024-08-29,,27071.25,11298.47,PARTIAL,PENDING,Duplicate Payment,Bank,GWREF400943,5,Y,Chargeback case
REF5831652,TXN0004240,,UTR564575536440,MERCH0012,CUST10333,2024-01-04,2024-01-11,89166.83,67675.21,PARTIAL,PROCESSED,Item Not Delivered,System,GWREF330107,7,Y,
REF6566513,TXN0004244,,UTR425540416199,MERCH0017,CUST81470,2024-09-14,2024-09-21,129803.11,108038.97,PARTIAL,PROCESSED,Customer Request,Merchant,GWREF655811,8,N,
REF4233560,TXN0004269,,UTR575936196366,MERCH0029,CUST67870,2024-07-03,2024-07-06,83399.55,52859.18,PARTIAL,PROCESSED,Duplicate Payment,Customer,GWREF538581,5,N,
REF8790022,TXN0004275,,,MERCH0039,CUST90028,2024-09-04,,34495.68,34495.68,FULL,INITIATED,Duplicate Payment,Merchant,GWREF911620,7,N,
REF4438957,TXN0004280,,UTR364110088416,MERCH0019,CUST86144,2024-07-23,2024-07-28,88448.68,88448.68,FULL,PROCESSED,Customer Request,System,GWREF442343,14,N,
REF1967873,TXN0004281,,UTR477906922939,MERCH0041,CUST47994,2024-02-11,2024-02-14,84510.97,84510.97,FULL,PROCESSED,Customer Request,System,GWREF678370,8,N,
REF7336271,TXN0004306,,UTR088213625352,MERCH0029,CUST39075,2024-09-19,2024-09-25,12330.19,12330.19,FULL,PROCESSED,Duplicate Payment,Bank,GWREF273285,1,Y,
REF1864119,TXN0004309,,UTR450213023996,MERCH0021,CUST88138,2024-06-10,2024-06-16,93591.82,93591.82,FULL,PROCESSED,Product Defective,System,GWREF911327,1,N,
REF4198065,TXN0004320,,,MERCH0040,CUST88879,2024-06-23,,64988.72,30332.95,PARTIAL,FAILED,Customer Request,System,GWREF939908,14,N,Chargeback case
REF1451350,TXN0004347,,,MERCH0006,CUST25805,2024-02-27,,7216.44,7216.44,FULL,PENDING,Chargeback Initiated,Bank,GWREF507782,4,N,
REF7517669,TXN0004351,,,MERCH0031,CUST15044,2024-10-20,,13987.69,13987.69,FULL,INITIATED,Fraud Suspected,System,GWREF446026,6,N,
REF8563596,TXN0004357,,UTR526149337831,MERCH0046,CUST52724,2024-09-12,2024-09-17,89063.38,89063.38,FULL,PROCESSED,Product Defective,Merchant,GWREF877392,14,Y,
REF5767888,TXN0004359,,UTR682792944869,MERCH0029,CUST28790,2024-11-04,2024-11-07,48986.65,37929.47,PARTIAL,PROCESSED,Duplicate Payment,Customer,GWREF208261,9,N,
REF7980283,TXN0004367,,UTR144140817679,MERCH0025,CUST99801,2024-11-18,2024-11-23,100074.58,87238.49,PARTIAL,PROCESSED,Chargeback Initiated,System,GWREF396646,5,N,
REF1718198,TXN0004375,,UTR071383951998,MERCH0039,CUST92734,2024-06-07,2024-06-13,667.35,667.35,FULL,PROCESSED,Duplicate Payment,System,GWREF852076,11,N,Chargeback case
REF4357062,TXN0004379,,UTR220736109968,MERCH0045,CUST73414,2024-05-23,2024-05-28,4894.65,1952.11,PARTIAL,PROCESSED,Item Not Delivered,Merchant,GWREF994805,13,N,Chargeback case
REF9716945,TXN0004382,,UTR326608423336,MERCH0022,CUST77213,2024-03-02,2024-03-09,76942.70,76942.70,FULL,PROCESSED,Item Not Delivered,System,GWREF206389,4,N,
REF9193680,TXN0004389,,UTR027195388581,MERCH0030,CUST84854,2024-02-05,2024-02-11,99472.54,99472.54,FULL,PROCESSED,Duplicate Payment,System,GWREF105273,4,N,
REF9897443,TXN0004399,,UTR556479558138,MERCH0018,CUST60220,2024-02-01,2024-02-08,61821.50,61821.50,FULL,PROCESSED,Product Defective,Customer,GWREF553086,5,Y,Chargeback case
REF1637382,TXN0004401,,,MERCH0040,CUST46698,2024-04-19,,23046.82,20067.74,PARTIAL,PENDING,Customer Request,System,GWREF627458,1,N,
REF8415541,TXN0004402,,,MERCH0033,CUST43304,2024-07-27,,76029.51,49939.97,PARTIAL,PENDING,Product Defective,Merchant,GWREF176637,14,N,Chargeback case
REF9030104,TXN0004411,,UTR682510022269,MERCH0014,CUST53540,2024-09-03,2024-09-10,144428.00,144428.00,FULL,PROCESSED,Duplicate Payment,Merchant,GWREF669683,1,N,
REF9372436,TXN0004419,,UTR224578070218,MERCH0038,CUST56318,2024-05-18,2024-05-22,121088.03,121088.03,FULL,PROCESSED,Item Not Delivered,Bank,GWREF531675,7,N,
REF5822134,TXN0004425,,UTR937624179059,MERCH0008,CUST98467,2024-07-30,2024-08-04,98723.13,98723.13,FULL,PROCESSED,Chargeback Initiated,Bank,GWREF154366,4,N,
REF7598244,TXN0004452,,UTR917991159113,MERCH0050,CUST68190,2024-04-27,2024-04-30,54396.67,54396.67,FULL,PROCESSED,Chargeback Initiated,Merchant,GWREF963358,1,N,
REF5662575,TXN0004455,,,MERCH0006,CUST23608,2024-09-17,,128547.16,128547.16,FULL,PENDING,Fraud Suspected,Merchant,GWREF539775,11,N,
REF9588589,TXN0004457,,UTR298930574864,MERCH0016,CUST85061,2024-12-03,2024-12-07,71120.92,50876.96,PARTIAL,PROCESSED,Fraud Suspected,Customer,GWREF326651,10,N,
REF8280545,TXN0004464,,UTR401738019450,MERCH0047,CUST31348,2024-07-17,2024-07-23,147270.32,147270.32,FULL,PROCESSED,Duplicate Payment,Bank,GWREF297434,10,N,
REF7025041,TXN0004494,,UTR558150027918,MERCH0025,CUST73585,2024-02-05,2024-02-11,74317.76,74317.76,FULL,PROCESSED,Duplicate Payment,Merchant,GWREF643878,10,N,
REF1538276,TXN0004507,,UTR968145496008,MERCH0010,CUST94651,2024-04-06,2024-04-13,86318.23,86318.23,FULL,PROCESSED,Fraud Suspected,System,GWREF931790,13,N,
REF3746174,TXN0004509,,,MERCH0009,CUST97056,2024-11-29,,102180.57,102180.57,FULL,FAILED,Chargeback Initiated,Merchant,GWREF795319,14,N,
REF4806060,TXN0004514,,UTR887557622289,MERCH0004,CUST34557,2024-07-17,2024-07-20,141640.43,85279.23,PARTIAL,PROCESSED,Chargeback Initiated,Customer,GWREF581070,7,N,
REF8910965,TXN0004515,,UTR011120281673,MERCH0033,CUST97786,2024-08-17,2024-08-20,80288.31,65893.97,PARTIAL,PROCESSED,Duplicate Payment,Bank,GWREF164351,4,N,
REF4262161,TXN0004522,,UTR458160713107,MERCH0041,CUST79612,2024-02-21,2024-02-26,49481.84,28756.44,PARTIAL,PROCESSED,Chargeback Initiated,Merchant,GWREF509782,3,N,
REF6820820,TXN0004548,,UTR167674193143,MERCH0050,CUST70153,2024-05-26,2024-05-31,84147.44,57679.04,PARTIAL,PROCESSED,Duplicate Payment,System,GWREF918652,11,N,
REF3627533,TXN0004557,,,MERCH0006,CUST96487,2024-01-25,,67867.02,35604.27,PARTIAL,PENDING,Fraud Suspected,Merchant,GWREF774140,13,N,Chargeback case
REF8177901,TXN0004560,,UTR511733692844,MERCH0009,CUST53400,2024-07-19,2024-07-25,145743.91,145743.91,FULL,PROCESSED,Fraud Suspected,Bank,GWREF383005,12,N,
REF7661021,TXN0004563,,UTR985035052582,MERCH0022,CUST47795,2024-08-29,2024-09-04,22900.54,22900.54,FULL,PROCESSED,Product Defective,System,GWREF852265,12,N,Chargeback case
REF3830634,TXN0004566,,,MERCH0049,CUST80207,2024-11-28,,142760.88,142760.88,FULL,FAILED,Product Defective,System,GWREF466895,5,N,Chargeback case
REF9344892,TXN0004569,,,MERCH0029,CUST97838,2024-05-26,,139379.24,108782.97,PARTIAL,PENDING,Fraud Suspected,Customer,GWREF561680,8,N,Chargeback case
REF6132891,TXN0004576,,UTR458294905329,MERCH0012,CUST92442,2024-03-25,2024-03-30,123061.19,123061.19,FULL,PROCESSED,Item Not Delivered,Customer,GWREF522546,13,N,
REF5139595,TXN0004583,,,MERCH0047,CUST13036,2024-01-18,,36080.91,29153.77,PARTIAL,PENDING,Chargeback Initiated,Merchant,GWREF123926,10,N,
REF2835719,TXN0004586,,UTR346002684454,MERCH0038,CUST84545,2024-03-20,2024-03-26,130051.35,130051.35,FULL,PROCESSED,Chargeback Initiated,Customer,GWREF333464,13,N,
REF8663199,TXN0004596,,UTR054719630978,MERCH0034,CUST74416,2024-05-05,2024-05-11,46904.18,46904.18,FULL,PROCESSED,Fraud Suspected,Customer,GWREF623144,7,N,
REF3738468,TXN0004601,,UTR256134115254,MERCH0001,CUST64145,2024-09-24,2024-09-27,109772.87,40280.48,PARTIAL,PROCESSED,Duplicate Payment,Customer,GWREF157182,13,N,Chargeback case
REF7992391,TXN0004637,,UTR525741888285,MERCH0028,CUST15292,2024-04-15,2024-04-22,123947.73,123947.73,FULL,PROCESSED,Duplicate Payment,System,GWREF800814,6,N,
REF8743673,TXN0004647,,UTR082420138640,MERCH0033,CUST22174,2024-11-02,2024-11-05,135729.86,113205.47,PARTIAL,PROCESSED,Customer Request,Customer,GWREF715233,1,N,
REF3087390,TXN0004684,,UTR814464397118,MERCH0035,CUST70259,2024-02-05,2024-02-12,117028.48,117028.48,FULL,PROCESSED,Customer Request,System,GWREF497554,12,N,
REF9597455,TXN0004702,,,MERCH0042,CUST38583,2024-08-23,,111935.60,38916.59,PARTIAL,PENDING,Fraud Suspected,Customer,GWREF110319,11,N,
REF8600381,TXN0004720,,UTR573597358974,MERCH0015,CUST16940,2024-04-21,2024-04-25,18833.43,18833.43,FULL,PROCESSED,Product Defective,System,GWREF149518,10,N,Chargeback case
REF8888149,TXN0004721,,UTR413262372632,MERCH0043,CUST46146,2024-05-11,2024-05-16,130614.59,130614.59,FULL,PROCESSED,Chargeback Initiated,Merchant,GWREF652072,11,N,
REF8712290,TXN0004722,,UTR125481373241,MERCH0035,CUST17969,2024-05-19,2024-05-22,82143.24,82143.24,FULL,PROCESSED,Duplicate Payment,Merchant,GWREF887776,2,N,Chargeback case
REF2533868,TXN0004736,,,MERCH0002,CUST78784,2024-09-30,,134696.18,134696.18,FULL,PENDING,Fraud Suspected,System,GWREF425106,13,N,Chargeback case
REF9162747,TXN0004746,,,MERCH0025,CUST15962,2024-06-29,,132329.09,71944.60,PARTIAL,INITIATED,Item Not Delivered,Customer,GWREF707809,4,N,
REF2999076,TXN0004760,,,MERCH0018,CUST59429,2024-02-26,,121196.91,121196.91,FULL,FAILED,Duplicate Payment,Merchant,GWREF222040,13,N,
REF7197440,TXN0004766,,,MERCH0039,CUST26712,2024-08-05,,115999.31,41580.00,PARTIAL,PENDING,Chargeback Initiated,Bank,GWREF704737,8,N,
REF6073009,TXN0004772,,UTR491140297017,MERCH0048,CUST65206,2024-02-05,2024-02-11,24457.54,10905.45,PARTIAL,PROCESSED,Product Defective,Bank,GWREF457220,6,N,
REF6629460,TXN0004787,,UTR916000262491,MERCH0037,CUST59610,2024-03-20,2024-03-25,31260.41,31260.41,FULL,PROCESSED,Product Defective,Bank,GWREF866073,7,N,Chargeback case
REF1687247,TXN0004795,,,MERCH0028,CUST60630,2024-08-30,,78075.61,78075.61,FULL,FAILED,Duplicate Payment,System,GWREF214676,3,N,
REF6294143,TXN0004802,,UTR884816322158,MERCH0041,CUST38099,2024-11-04,2024-11-08,70117.57,53310.33,PARTIAL,PROCESSED,Customer Request,Merchant,GWREF757401,11,Y,
REF8852300,TXN0004810,,UTR160079123608,MERCH0038,CUST78880,2024-04-02,2024-04-07,93018.23,93018.23,FULL,PROCESSED,Customer Request,Merchant,GWREF952899,9,N,Chargeback case
REF4028984,TXN0004814,,UTR706675393616,MERCH0022,CUST38768,2024-04-10,2024-04-15,133251.45,133251.45,FULL,PROCESSED,Duplicate Payment,Merchant,GWREF235452,10,N,
REF6318859,TXN0004827,,UTR487251252950,MERCH0039,CUST19613,2024-07-20,2024-07-25,59150.35,28516.60,PARTIAL,PROCESSED,Item Not Delivered,Merchant,GWREF575215,6,N,
REF8189070,TXN0004832,,,MERCH0021,CUST10922,2024-07-20,,10335.12,10335.12,FULL,PENDING,Duplicate Payment,Merchant,GWREF515913,1,N,
REF6818120,TXN0004840,,UTR578977023719,MERCH0024,CUST20757,2024-07-21,2024-07-25,107490.59,107490.59,FULL,PROCESSED,Chargeback Initiated,Bank,GWREF643327,12,N,
REF2464799,TXN0004842,,UTR092579163944,MERCH0038,CUST95999,2024-06-17,2024-06-20,144390.14,144390.14,FULL,PROCESSED,Chargeback Initiated,Merchant,GWREF530242,12,N,
REF4133705,TXN0004849,,UTR164047221260,MERCH0026,CUST36200,2024-01-26,2024-01-30,5074.91,5074.91,FULL,PROCESSED,Chargeback Initiated,Bank,GWREF379309,6,N,
REF5228086,TXN0004851,,UTR954155859066,MERCH0047,CUST92044,2024-01-31,2024-02-07,23053.84,14662.63,PARTIAL,PROCESSED,Item Not Delivered,Merchant,GWREF844926,13,Y,Chargeback case
REF2583811,TXN0004853,,UTR657693850340,MERCH0018,CUST12536,2024-09-26,2024-10-02,146304.27,70881.20,PARTIAL,PROCESSED,Product Defective,Bank,GWREF151061,8,N,
REF1084581,TXN0004862,,,MERCH0037,CUST89042,2024-05-16,,26723.85,9783.97,PARTIAL,PENDING,Chargeback Initiated,Bank,GWREF426428,2,N,
REF3365498,TXN0004866,,,MERCH0008,CUST49477,2024-09-30,,144713.96,144713.96,FULL,PENDING,Duplicate Payment,System,GWREF929596,13,Y,
REF6190481,TXN0004875,,UTR327364477910,MERCH0042,CUST34663,2024-01-20,2024-01-25,119760.41,119760.41,FULL,PROCESSED,Duplicate Payment,System,GWREF226523,12,N,
REF6908052,TXN0004880,,,MERCH0016,CUST11798,2024-06-07,,107875.84,107875.84,FULL,PENDING,Item Not Delivered,Bank,GWREF119612,6,N,
REF8506866,TXN0004888,,,MERCH0020,CUST93594,2024-08-26,,148538.26,148538.26,FULL,PENDING,Fraud Suspected,Customer,GWREF238990,8,Y,
REF2136793,TXN0004897,,UTR383832976569,MERCH0044,CUST73476,2024-02-23,2024-02-27,10056.24,3169.66,PARTIAL,PROCESSED,Product Defective,System,GWREF144790,3,N,
REF6156181,TXN0004898,,UTR885610037526,MERCH0026,CUST72962,2024-05-21,2024-05-26,111449.15,111449.15,FULL,PROCESSED,Fraud Suspected,Merchant,GWREF951983,6,Y,Chargeback case
REF6381873,TXN0004917,,UTR329307876676,MERCH0002,CUST70619,2024-07-31,2024-08-05,34012.77,34012.77,FULL,PROCESSED,Fraud Suspected,System,GWREF833997,5,N,
REF2284025,TXN0004942,,,MERCH0042,CUST57922,2024-07-05,,77027.53,77027.53,FULL,FAILED,Duplicate Payment,System,GWREF507635,13,N,Chargeback case
REF4521733,TXN0004963,,UTR271034919570,MERCH0041,CUST83265,2024-03-23,2024-03-26,27185.12,19861.19,PARTIAL,PROCESSED,Item Not Delivered,Merchant,GWREF273321,11,N,
REF6767233,TXN0004965,,UTR971608078689,MERCH0025,CUST61711,2024-03-12,2024-03-15,128867.77,128867.77,FULL,PROCESSED,Duplicate Payment,System,GWREF348345,10,Y,
REF9381461,TXN0004970,,UTR256621565709,MERCH0049,CUST16126,2024-06-21,2024-06-26,13365.31,13365.31,FULL,PROCESSED,Chargeback Initiated,Customer,GWREF619756,9,N,
REF1777346,TXN0004998,,UTR654558068182,MERCH0009,CUST25004,2024-01-11,2024-01-18,97116.22,97116.22,FULL,PROCESSED,Item Not Delivered,Merchant,GWREF593526,3,N,
REF6154105,TXN0005030,,UTR637703579165,MERCH0044,CUST97190,2024-07-11,2024-07-17,31705.72,31705.72,FULL,PROCESSED,Chargeback Initiated,Merchant,GWREF391466,12,N,
REF6075394,TXN0005049,,UTR131510390823,MERCH0034,CUST76659,2024-07-06,2024-07-12,25200.88,15263.51,PARTIAL,PROCESSED,Fraud Suspected,System,GWREF444909,1,N,
REF3743157,TXN0005053,,UTR810721564502,MERCH0050,CUST97724,2024-08-11,2024-08-16,34680.65,34680.65,FULL,PROCESSED,Chargeback Initiated,Customer,GWREF371833,7,N,
REF9995931,TXN0005056,,,MERCH0010,CUST83071,2024-04-17,,118220.96,89821.81,PARTIAL,PENDING,Fraud Suspected,Customer,GWREF789424,4,N,
REF4571653,TXN0005072,,,MERCH0045,CUST86878,2024-04-26,,109955.23,109955.23,FULL,PENDING,Product Defective,Bank,GWREF866087,12,N,
REF8142961,TXN0005085,,UTR034992313250,MERCH0007,CUST34223,2024-08-01,2024-08-08,29966.43,29966.43,FULL,PROCESSED,Item Not Delivered,Bank,GWREF171752,12,N,
REF9199539,TXN0005089,,UTR472821731134,MERCH0030,CUST58219,2024-04-11,2024-04-18,135200.55,135200.55,FULL,PROCESSED,Duplicate Payment,System,GWREF158306,13,N,
REF6449537,TXN0005091,,UTR409229187811,MERCH0008,CUST30957,2024-02-15,2024-02-21,93928.24,69198.75,PARTIAL,PROCESSED,Fraud Suspected,System,GWREF787315,12,N,
REF5251618,TXN0005108,,UTR084980676116,MERCH0047,CUST87399,2024-04-25,2024-04-30,103232.33,103232.33,FULL,PROCESSED,Product Defective,System,GWREF448073,6,N,
REF2965748,TXN0005113,,,MERCH0007,CUST20745,2024-09-28,,9077.85,9077.85,FULL,PENDING,Product Defective,Merchant,GWREF123229,6,N,
REF6185890,TXN0005124,,UTR183144899851,MERCH0023,CUST44712,2024-07-09,2024-07-13,136568.94,90643.45,PARTIAL,PROCESSED,Customer Request,Merchant,GWREF734843,4,N,
REF5829083,TXN0005125,,UTR295773693115,MERCH0041,CUST81812,2024-10-24,2024-10-27,5468.70,2663.33,PARTIAL,PROCESSED,Product Defective,Bank,GWREF392823,14,N,Chargeback case
REF7373139,TXN0005143,,UTR704309048319,MERCH0032,CUST17215,2024-04-27,2024-05-02,60161.78,32684.54,PARTIAL,PROCESSED,Duplicate Payment,Merchant,GWREF880753,1,N,Chargeback case
REF2622327,TXN0005149,,UTR260408637777,MERCH0035,CUST21306,2024-02-27,2024-03-05,132310.67,132310.67,FULL,PROCESSED,Duplicate Payment,Merchant,GWREF530706,9,Y,
REF7430328,TXN0005164,,UTR700673570431,MERCH0045,CUST16420,2024-12-04,2024-12-10,17195.17,17195.17,FULL,PROCESSED,Customer Request,Customer,GWREF333488,9,N,
REF9562530,TXN0005173,,,MERCH0037,CUST28669,2024-11-04,,21032.80,21032.80,FULL,INITIATED,Customer Request,System,GWREF372499,9,Y,
REF8068701,TXN0005180,,,MERCH0008,CUST28763,2024-06-12,,44725.65,44725.65,FULL,PENDING,Customer Request,Customer,GWREF554870,9,N,Chargeback case
REF9121672,TXN0005184,,UTR034571487426,MERCH0003,CUST51010,2024-03-31,2024-04-03,117453.06,117453.06,FULL,PROCESSED,Item Not Delivered,Customer,GWREF613890,12,N,
REF3064054,TXN0005188,,UTR973958909133,MERCH0047,CUST35309,2024-06-30,2024-07-03,107491.32,107491.32,FULL,PROCESSED,Chargeback Initiated,Customer,GWREF663240,9,Y,
REF1792109,TXN0005189,,UTR734557771776,MERCH0026,CUST75196,2024-07-11,2024-07-15,26090.08,26090.08,FULL,PROCESSED,Duplicate Payment,System,GWREF819812,2,N,
REF2365133,TXN0005196,,UTR990697834414,MERCH0014,CUST85142,2024-09-09,2024-09-15,117823.59,117823.59,FULL,PROCESSED,Duplicate Payment,Bank,GWREF161342,2,N,
REF2855862,TXN0005201,,UTR202036963024,MERCH0044,CUST41061,2024-11-10,2024-11-14,141842.52,117781.78,PARTIAL,PROCESSED,Duplicate Payment,Bank,GWREF985183,11,N,
REF8469091,TXN0005203,,UTR363005204082,MERCH0021,CUST84685,2024-10-10,2024-10-13,147114.31,44825.67,PARTIAL,PROCESSED,Fraud Suspected,Bank,GWREF361088,13,N,
REF3648600,TXN0005213,,UTR849618427889,MERCH0029,CUST63760,2024-06-13,2024-06-18,129772.46,129772.46,FULL,PROCESSED,Duplicate Payment,Bank,GWREF122736,1,N,Chargeback case
REF2010481,TXN0005232,,UTR574959546288,MERCH0033,CUST57509,2024-08-05,2024-08-12,109989.14,109989.14,FULL,PROCESSED,Customer Request,System,GWREF183103,11,N,
REF8588064,TXN0005235,,UTR702065029913,MERCH0021,CUST89273,2024-06-29,2024-07-05,119685.03,57946.10,PARTIAL,PROCESSED,Customer Request,System,GWREF759341,9,Y,
REF2027520,TXN0005243,,UTR689323391566,MERCH0027,CUST33478,2024-05-14,2024-05-18,66926.46,66926.46,FULL,PROCESSED,Customer Request,Customer,GWREF257130,2,N,
REF5765444,TXN0005247,,UTR889153405818,MERCH0048,CUST46503,2024-11-13,2024-11-17,136255.54,136255.54,FULL,PROCESSED,Duplicate Payment,Customer,GWREF570179,6,Y,
REF5434559,TXN0005260,,,MERCH0037,CUST49019,2024-05-17,,24049.55,24049.55,FULL,FAILED,Customer Request,Bank,GWREF466489,10,N,Chargeback case
REF5506270,TXN0005290,,,MERCH0004,CUST46772,2024-10-09,,46824.18,46824.18,FULL,PENDING,Item Not Delivered,Bank,GWREF911968,10,Y,
REF9516028,TXN0005299,,,MERCH0027,CUST92831,2024-09-09,,126747.97,126747.97,FULL,INITIATED,Customer Request,Merchant,GWREF866388,1,N,
REF9198365,TXN0005303,,UTR837777376584,MERCH0050,CUST15554,2024-08-19,2024-08-25,10239.07,10239.07,FULL,PROCESSED,Item Not Delivered,System,GWREF366143,8,N,
REF7640150,TXN0005310,,UTR305453148771,MERCH0034,CUST32195,2024-04-07,2024-04-11,101063.69,101063.69,FULL,PROCESSED,Fraud Suspected,System,GWREF883741,5,N,
REF2588674,TXN0005335,,UTR665570396407,MERCH0035,CUST75745,2024-12-02,2024-12-09,118432.84,118432.84,FULL,PROCESSED,Fraud Suspected,Customer,GWREF173019,8,N,Chargeback case
REF1143761,TXN0005339,,,MERCH0023,CUST72205,2024-11-07,,90885.35,90885.35,FULL,FAILED,Chargeback Initiated,System,GWREF424205,10,N,
REF7408525,TXN0005395,,,MERCH0015,CUST76567,2024-08-16,,3221.60,3221.60,FULL,PENDING,Fraud Suspected,Merchant,GWREF850767,1,Y,
REF5149164,TXN0005402,,,MERCH0032,CUST38780,2024-02-25,,101833.23,101833.23,FULL,INITIATED,Duplicate Payment,Customer,GWREF262396,9,N,Chargeback case
REF5007614,TXN0005403,,UTR338889664943,MERCH0016,CUST90427,2024-09-26,2024-09-29,23414.60,23414.60,FULL,PROCESSED,Duplicate Payment,System,GWREF783173,2,N,
REF9276161,TXN0005408,,UTR373831146977,MERCH0029,CUST24744,2024-10-09,2024-10-16,2172.44,2172.44,FULL,PROCESSED,Fraud Suspected,Customer,GWREF515853,4,N,
REF2354506,TXN0005430,,UTR194486180286,MERCH0025,CUST13584,2024-10-23,2024-10-29,89156.35,89156.35,FULL,PROCESSED,Duplicate Payment,Merchant,GWREF222157,10,N,
REF9530451,TXN0005433,,UTR031113503772,MERCH0028,CUST81152,2024-02-05,2024-02-09,11112.34,7634.16,PARTIAL,PROCESSED,Product Defective,Bank,GWREF732818,5,Y,Chargeback case
REF5013788,TXN0005452,,,MERCH0030,CUST29017,2024-03-23,,56925.38,56925.38,FULL,PENDING,Duplicate Payment,Bank,GWREF768561,13,N,
REF5880573,TXN0005457,,,MERCH0037,CUST50713,2024-06-21,,101373.63,101373.63,FULL,PENDING,Duplicate Payment,Bank,GWREF447934,12,N,
REF2394118,TXN0005465,,UTR372173201875,MERCH0050,CUST97887,2024-03-11,2024-03-17,116423.22,40349.56,PARTIAL,PROCESSED,Duplicate Payment,Bank,GWREF502336,11,N,
REF6630772,TXN0005506,,UTR231977718678,MERCH0003,CUST54321,2024-06-09,2024-06-13,134606.55,134606.55,FULL,PROCESSED,Product Defective,System,GWREF677415,6,N,
REF6077024,TXN0005510,,UTR317403034820,MERCH0036,CUST28602,2024-11-06,2024-11-11,144971.21,144971.21,FULL,PROCESSED,Duplicate Payment,Bank,GWREF759978,3,N,
REF8610742,TXN0005517,,,MERCH0005,CUST12725,2024-10-10,,42175.16,18972.90,PARTIAL,INITIATED,Item Not Delivered,Customer,GWREF294520,11,Y,
REF8497209,TXN0005525,,UTR810951590529,MERCH0001,CUST84669,2024-03-05,2024-03-11,11320.24,11320.24,FULL,PROCESSED,Item Not Delivered,System,GWREF502591,11,N,
REF8187509,TXN0005528,,,MERCH0039,CUST76469,2024-10-28,,12125.31,12125.31,FULL,FAILED,Duplicate Payment,System,GWREF186639,11,N,
REF3138260,TXN0005540,,UTR702043861766,MERCH0019,CUST92146,2024-03-05,2024-03-11,32937.13,32937.13,FULL,PROCESSED,Product Defective,Customer,GWREF463336,2,N,Chargeback case
REF6764481,TXN0005541,,UTR595023363355,MERCH0013,CUST44662,2024-06-12,2024-06-15,71923.87,32761.32,PARTIAL,PROCESSED,Product Defective,Customer,GWREF216294,2,N,
REF1114221,TXN0005542,,UTR682234691397,MERCH0016,CUST88226,2024-04-18,2024-04-21,55869.84,20893.79,PARTIAL,PROCESSED,Product Defective,Merchant,GWREF355943,5,N,
REF2819850,TXN0005546,,,MERCH0037,CUST54596,2024-08-15,,121403.08,121403.08,FULL,FAILED,Chargeback Initiated,System,GWREF709652,8,N,Chargeback case
REF9064456,TXN0005556,,UTR805137287114,MERCH0016,CUST34517,2024-09-17,2024-09-22,82258.02,68443.25,PARTIAL,PROCESSED,Chargeback Initiated,Bank,GWREF754061,5,N,
REF8470329,TXN0005558,,UTR440106319526,MERCH0042,CUST75383,2024-06-04,2024-06-07,73875.22,73875.22,FULL,PROCESSED,Item Not Delivered,Customer,GWREF699940,2,Y,
REF5307281,TXN0005562,,UTR670982041432,MERCH0038,CUST72617,2024-11-28,2024-12-01,3381.04,3381.04,FULL,PROCESSED,Fraud Suspected,Customer,GWREF217318,2,N,
REF5115677,TXN0005567,,,MERCH0046,CUST88222,2024-11-18,,89548.40,89548.40,FULL,FAILED,Duplicate Payment,Bank,GWREF494345,9,N,
REF8877375,TXN0005582,,UTR500930935875,MERCH0010,CUST29767,2024-01-08,2024-01-14,112589.26,35574.48,PARTIAL,PROCESSED,Chargeback Initiated,Merchant,GWREF230734,13,N,
REF2558472,TXN0005593,,,MERCH0038,CUST51660,2024-01-19,,35334.71,35334.71,FULL,FAILED,Product Defective,System,GWREF940717,6,N,
REF2223237,TXN0005622,,UTR334150129583,MERCH0002,CUST51276,2024-04-11,2024-04-14,30284.86,10019.83,PARTIAL,PROCESSED,Chargeback Initiated,Customer,GWREF691985,9,Y,
REF7161074,TXN0005641,,,MERCH0037,CUST57765,2024-04-11,,51772.77,51772.77,FULL,PENDING,Item Not Delivered,Merchant,GWREF329908,12,N,
REF2294184,TXN0005649,,UTR284436365181,MERCH0003,CUST58100,2024-08-11,2024-08-15,25390.28,7696.86,PARTIAL,PROCESSED,Customer Request,System,GWREF882745,1,Y,
REF9712746,TXN0005668,,UTR908056169594,MERCH0005,CUST98698,2024-09-12,2024-09-18,80258.61,31376.01,PARTIAL,PROCESSED,Fraud Suspected,Bank,GWREF483419,10,N,Chargeback case
REF4061727,TXN0005691,,UTR925623630236,MERCH0036,CUST41754,2024-08-09,2024-08-12,36021.68,36021.68,FULL,PROCESSED,Product Defective,System,GWREF739992,3,N,
REF9638047,TXN0005740,,UTR846874403397,MERCH0019,CUST47556,2024-03-26,2024-04-02,107640.11,107640.11,FULL,PROCESSED,Product Defective,Merchant,GWREF422109,3,N,Chargeback case
REF1699732,TXN0005748,,UTR664933332574,MERCH0035,CUST64274,2024-10-29,2024-11-02,22483.43,22483.43,FULL,PROCESSED,Product Defective,System,GWREF390849,10,N,
REF6519480,TXN0005749,,UTR128105883230,MERCH0039,CUST52390,2024-10-12,2024-10-17,62377.37,29801.77,PARTIAL,PROCESSED,Product Defective,Bank,GWREF708535,10,N,
REF8266291,TXN0005751,,UTR469546388403,MERCH0031,CUST53755,2024-01-22,2024-01-27,92158.38,65140.82,PARTIAL,PROCESSED,Duplicate Payment,Bank,GWREF226269,9,Y,
REF8046009,TXN0005754,,UTR803339862385,MERCH0040,CUST63148,2024-09-16,2024-09-22,73835.48,73835.48,FULL,PROCESSED,Product Defective,Merchant,GWREF953997,7,Y,
REF6152368,TXN0005768,,UTR935121657773,MERCH0032,CUST31736,2024-09-07,2024-09-10,90300.81,49670.58,PARTIAL,PROCESSED,Duplicate Payment,Merchant,GWREF851846,5,N,
REF1115236,TXN0005782,,UTR591967178254,MERCH0046,CUST82425,2024-02-16,2024-02-21,30571.96,25597.30,PARTIAL,PROCESSED,Item Not Delivered,Customer,GWREF932230,13,Y,
REF2954322,TXN0005798,,UTR119145447752,MERCH0029,CUST30548,2024-02-13,2024-02-20,149771.20,149771.20,FULL,PROCESSED,Fraud Suspected,Customer,GWREF584368,9,N,
REF7844754,TXN0005813,,,MERCH0005,CUST82189,2024-11-02,,47873.59,47873.59,FULL,FAILED,Item Not Delivered,Bank,GWREF711365,14,Y,
REF4659188,TXN0005834,,,MERCH0045,CUST13262,2024-07-24,,127875.69,127875.69,FULL,PENDING,Product Defective,Merchant,GWREF879069,1,N,Chargeback case
REF8032929,TXN0005845,,UTR878118815883,MERCH0004,CUST60290,2024-03-31,2024-04-04,122300.96,122300.96,FULL,PROCESSED,Chargeback Initiated,Merchant,GWREF746809,5,N,
REF5320882,TXN0005875,,UTR769745479435,MERCH0042,CUST48054,2024-02-25,2024-03-03,3602.87,3602.87,FULL,PROCESSED,Item Not Delivered,System,GWREF590919,7,Y,Chargeback case
REF2661458,TXN0005891,,UTR093239293024,MERCH0015,CUST50451,2024-09-15,2024-09-21,22622.11,22622.11,FULL,PROCESSED,Fraud Suspected,Customer,GWREF425582,9,N,
REF6603590,TXN0005912,,UTR504017967668,MERCH0040,CUST28249,2024-09-26,2024-10-03,8582.13,6513.01,PARTIAL,PROCESSED,Product Defective,Customer,GWREF984196,9,N,Chargeback case
REF9311515,TXN0005913,,,MERCH0025,CUST16939,2024-01-22,,103561.77,103561.77,FULL,FAILED,Product Defective,Customer,GWREF131941,9,N,
REF3343352,TXN0005927,,UTR156724946404,MERCH0020,CUST36778,2024-05-14,2024-05-18,19443.63,19443.63,FULL,PROCESSED,Fraud Suspected,Merchant,GWREF924913,8,N,
REF5594950,TXN0005934,,UTR973389827698,MERCH0027,CUST81510,2024-06-29,2024-07-06,12372.87,5974.53,PARTIAL,PROCESSED,Product Defective,Customer,GWREF892476,5,N,
REF3765023,TXN0005939,,,MERCH0041,CUST20663,2024-09-28,,1528.28,1074.69,PARTIAL,FAILED,Chargeback Initiated,Customer,GWREF786860,9,N,Chargeback case
REF4198938,TXN0005946,,UTR993981729607,MERCH0017,CUST29676,2024-07-07,2024-07-14,77142.21,77142.21,FULL,PROCESSED,Customer Request,Merchant,GWREF920479,10,N,
REF8991048,TXN0005952,,UTR203934503568,MERCH0016,CUST56088,2024-02-13,2024-02-20,101763.75,101763.75,FULL,PROCESSED,Item Not Delivered,Bank,GWREF180952,8,N,
REF2802181,TXN0005955,,UTR688898917931,MERCH0034,CUST48676,2024-08-02,2024-08-08,20987.80,20987.80,FULL,PROCESSED,Customer Request,Bank,GWREF667217,7,Y,
REF8590280,TXN0005962,,UTR709215599213,MERCH0036,CUST95874,2024-05-09,2024-05-16,87448.62,87448.62,FULL,PROCESSED,Product Defective,Customer,GWREF754948,2,N,Chargeback case
REF8574293,TXN0005974,,UTR531445840178,MERCH0022,CUST43577,2024-01-10,2024-01-13,133066.76,133066.76,FULL,PROCESSED,Customer Request,Customer,GWREF577065,3,Y,
REF7250114,TXN0005989,,UTR514185951446,MERCH0004,CUST67337,2024-07-19,2024-07-25,73793.45,73793.45,FULL,PROCESSED,Customer Request,Bank,GWREF117947,5,N,
REF6097658,TXN0006014,,,MERCH0006,CUST30650,2024-09-04,,125057.00,84203.69,PARTIAL,FAILED,Customer Request,System,GWREF393611,1,N,
REF8231503,TXN0006034,,,MERCH0034,CUST70491,2024-11-15,,139054.69,139054.69,FULL,FAILED,Customer Request,Bank,GWREF980841,9,N,Chargeback case
REF2945638,TXN0006037,,UTR385407337173,MERCH0043,CUST71545,2024-11-05,2024-11-11,12275.55,6122.15,PARTIAL,PROCESSED,Chargeback Initiated,System,GWREF867169,4,N,
REF9492334,TXN0006043,,UTR810824742079,MERCH0050,CUST84592,2024-11-27,2024-12-03,148142.77,148142.77,FULL,PROCESSED,Product Defective,Merchant,GWREF324563,1,N,
REF2529694,TXN0006059,,UTR665207983070,MERCH0024,CUST17532,2024-11-22,2024-11-26,92570.56,33712.15,PARTIAL,PROCESSED,Item Not Delivered,Customer,GWREF180047,4,N,
REF1659148,TXN0006084,,,MERCH0034,CUST93958,2024-04-28,,56951.25,39424.22,PARTIAL,FAILED,Item Not Delivered,Customer,GWREF550064,9,N,
REF8269629,TXN0006106,,,MERCH0009,CUST22126,2024-04-05,,106686.79,106686.79,FULL,FAILED,Fraud Suspected,System,GWREF720680,2,N,
REF5196133,TXN0006119,,UTR752349907766,MERCH0037,CUST94598,2024-04-27,2024-04-30,85382.24,85382.24,FULL,PROCESSED,Item Not Delivered,Customer,GWREF284794,1,N,
REF9567101,TXN0006147,,UTR699029473806,MERCH0024,CUST31005,2024-05-20,2024-05-27,13415.20,10727.53,PARTIAL,PROCESSED,Fraud Suspected,Bank,GWREF580456,9,Y,Chargeback case
REF8184443,TXN0006154,,UTR763813173704,MERCH0050,CUST11995,2024-07-05,2024-07-10,116807.18,116807.18,FULL,PROCESSED,Item Not Delivered,Merchant,GWREF467884,4,N,
REF8254800,TXN0006163,,UTR029745684395,MERCH0006,CUST79024,2024-05-01,2024-05-07,84298.48,84298.48,FULL,PROCESSED,Customer Request,Bank,GWREF261941,12,N,Chargeback case
REF5244249,TXN0006172,,,MERCH0028,CUST95576,2024-07-30,,110278.24,110278.24,FULL,INITIATED,Customer Request,Customer,GWREF484546,10,N,
REF5386857,TXN0006174,,UTR383475883785,MERCH0049,CUST97266,2024-08-13,2024-08-19,179.83,179.83,FULL,PROCESSED,Fraud Suspected,Customer,GWREF639279,7,N,
REF2000216,TXN0006186,,UTR763921336213,MERCH0014,CUST68394,2024-06-19,2024-06-22,124251.19,124251.19,FULL,PROCESSED,Product Defective,Customer,GWREF788762,6,N,
REF1565501,TXN0006192,,UTR748613792727,MERCH0016,CUST35417,2024-10-06,2024-10-13,67898.20,67898.20,FULL,PROCESSED,Item Not Delivered,Merchant,GWREF653712,6,N,
REF5216022,TXN0006202,,UTR800922341756,MERCH0024,CUST39977,2024-11-22,2024-11-29,112909.07,60570.80,PARTIAL,PROCESSED,Duplicate Payment,Merchant,GWREF894544,12,N,
REF3801962,TXN0006215,,UTR277992185594,MERCH0020,CUST99983,2024-09-15,2024-09-19,3636.02,3239.60,PARTIAL,PROCESSED,Duplicate Payment,Bank,GWREF693475,2,N,
REF8123053,TXN0006217,,UTR919024445258,MERCH0002,CUST28046,2024-04-22,2024-04-27,144737.37,144737.37,FULL,PROCESSED,Item Not Delivered,Merchant,GWREF333833,1,N,
REF6123766,TXN0006226,,UTR022232752133,MERCH0040,CUST71207,2024-09-18,2024-09-22,59747.37,59747.37,FULL,PROCESSED,Product Defective,Bank,GWREF832561,5,N,
REF4119640,TXN0006228,,UTR070286936539,MERCH0013,CUST49662,2024-04-12,2024-04-17,149087.28,98224.78,PARTIAL,PROCESSED,Chargeback Initiated,Merchant,GWREF644779,8,N,
REF2335832,TXN0006235,,UTR018034381732,MERCH0017,CUST16417,2024-03-05,2024-03-11,37271.89,37271.89,FULL,PROCESSED,Customer Request,Bank,GWREF337132,13,N,
REF5244656,TXN0006257,,UTR396034833796,MERCH0011,CUST91741,2024-08-16,2024-08-20,116327.10,116327.10,FULL,PROCESSED,Duplicate Payment,Merchant,GWREF204617,3,N,
REF8481925,TXN0006272,,,MERCH0050,CUST83907,2024-11-21,,123963.72,123963.72,FULL,PENDING,Fraud Suspected,Merchant,GWREF897155,5,N,
REF6186204,TXN0006273,,,MERCH0035,CUST45056,2024-03-28,,6358.96,6358.96,FULL,FAILED,Product Defective,Bank,GWREF333144,12,N,
REF3202354,TXN0006280,,,MERCH0016,CUST53818,2024-03-01,,136936.83,136936.83,FULL,INITIATED,Item Not Delivered,Customer,GWREF734666,13,N,
REF3072298,TXN0006285,,,MERCH0005,CUST57334,2024-02-17,,119254.68,66703.60,PARTIAL,PENDING,Duplicate Payment,System,GWREF754153,11,N,
REF9527017,TXN0006292,,,MERCH0046,CUST36708,2024-05-06,,123532.88,123532.88,FULL,INITIATED,Item Not Delivered,Merchant,GWREF367035,8,N,
REF7681684,TXN0006296,,UTR810797361470,MERCH0047,CUST11868,2024-05-22,2024-05-26,26736.80,13007.79,PARTIAL,PROCESSED,Chargeback Initiated,Customer,GWREF648744,4,N,Chargeback case
REF8357014,TXN0006302,,,MERCH0030,CUST95600,2024-05-23,,98907.54,98907.54,FULL,FAILED,Fraud Suspected,Merchant,GWREF637167,10,N,
REF1290815,TXN0006303,,UTR543931048619,MERCH0050,CUST10171,2024-02-27,2024-03-01,20990.87,15686.49,PARTIAL,PROCESSED,Chargeback Initiated,System,GWREF277899,1,N,Chargeback case
REF3049618,TXN0006309,,,MERCH0044,CUST34458,2024-02-28,,58776.56,58776.56,FULL,PENDING,Item Not Delivered,System,GWREF959422,2,N,Chargeback case
REF9756597,TXN0006313,,UTR979578738848,MERCH0018,CUST51656,2024-03-14,2024-03-20,10273.08,8202.40,PARTIAL,PROCESSED,Product Defective,System,GWREF852648,2,N,Chargeback case
REF7649654,TXN0006320,,,MERCH0043,CUST65778,2024-03-02,,8515.22,5579.43,PARTIAL,PENDING,Item Not Delivered,Merchant,GWREF929812,3,N,Chargeback case
REF4585607,TXN0006333,,UTR452148638041,MERCH0001,CUST81993,2024-11-04,2024-11-09,94293.06,94293.06,FULL,PROCESSED,Duplicate Payment,Customer,GWREF547768,3,N,
REF4061082,TXN0006336,,UTR556296299180,MERCH0033,CUST10808,2024-07-14,2024-07-17,141717.61,141717.61,FULL,PROCESSED,Duplicate Payment,Merchant,GWREF744981,2,N,
REF4843505,TXN0006337,,UTR493980633060,MERCH0043,CUST37158,2024-11-10,2024-11-13,138923.21,138923.21,FULL,PROCESSED,Customer Request,Merchant,GWREF307245,2,N,
REF6111257,TXN0006352,,UTR779864671188,MERCH0043,CUST19171,2024-07-08,2024-07-12,145238.10,145238.10,FULL,PROCESSED,Duplicate Payment,Customer,GWREF640758,7,N,Chargeback case
REF9363963,TXN0006353,,,MERCH0038,CUST25627,2024-06-30,,1466.05,1466.05,FULL,INITIATED,Product Defective,Merchant,GWREF557726,13,N,
REF1437949,TXN0006361,,UTR220628175821,MERCH0003,CUST18473,2024-03-17,2024-03-21,6135.21,6135.21,FULL,PROCESSED,Item Not Delivered,Merchant,GWREF957630,5,Y,Chargeback case
REF8992483,TXN0006364,,UTR549473946625,MERCH0014,CUST43198,2024-01-10,2024-01-17,85149.47,85149.47,FULL,PROCESSED,Fraud Suspected,System,GWREF667613,5,N,
REF7885982,TXN0006368,,UTR520814318024,MERCH0041,CUST94356,2024-08-01,2024-08-06,142679.53,142679.53,FULL,PROCESSED,Duplicate Payment,Merchant,GWREF351162,5,N,
REF6079937,TXN0006375,,UTR475253793271,MERCH0033,CUST57221,2024-06-11,2024-06-15,129717.05,129717.05,FULL,PROCESSED,Chargeback Initiated,Merchant,GWREF507098,1,Y,
REF3704258,TXN0006380,,UTR468141781513,MERCH0027,CUST50937,2024-01-19,2024-01-26,93321.36,93321.36,FULL,PROCESSED,Fraud Suspected,Merchant,GWREF645149,13,N,
REF8365223,TXN0006426,,UTR172641990659,MERCH0010,CUST94643,2024-03-03,2024-03-09,120526.26,77311.51,PARTIAL,PROCESSED,Item Not Delivered,System,GWREF867844,13,N,
REF7813409,TXN0006449,,UTR725435660140,MERCH0029,CUST42801,2024-02-29,2024-03-05,97559.45,68629.72,PARTIAL,PROCESSED,Chargeback Initiated,System,GWREF975416,1,N,
REF7225485,TXN0006494,,,MERCH0041,CUST68424,2024-05-18,,39894.78,39894.78,FULL,PENDING,Item Not Delivered,Merchant,GWREF575235,11,N,
REF8270004,TXN0006500,,,MERCH0026,CUST76190,2024-10-01,,148076.24,148076.24,FULL,INITIATED,Chargeback Initiated,Bank,GWREF403862,3,N,Chargeback case
REF5945656,TXN0006501,,UTR365121148221,MERCH0048,CUST24889,2024-05-24,2024-05-29,49474.84,24087.39,PARTIAL,PROCESSED,Customer Request,Customer,GWREF645415,10,Y,Chargeback case
REF9769853,TXN0006506,,UTR276111554809,MERCH0009,CUST93915,2024-06-08,2024-06-14,80061.22,62244.04,PARTIAL,PROCESSED,Product Defective,Bank,GWREF463354,13,Y,
REF4654929,TXN0006514,,UTR210792553128,MERCH0017,CUST27708,2024-02-01,2024-02-04,99722.11,99722.11,FULL,PROCESSED,Product Defective,System,GWREF588764,11,N,
REF3697433,TXN0006521,,UTR865467140099,MERCH0042,CUST63161,2024-07-24,2024-07-27,51358.57,51358.57,FULL,PROCESSED,Duplicate Payment,System,GWREF839329,9,N,
REF8165551,TXN0006523,,UTR426518996188,MERCH0043,CUST45012,2024-04-18,2024-04-25,42579.22,42579.22,FULL,PROCESSED,Product Defective,Customer,GWREF296023,6,N,
REF2055675,TXN0006541,,UTR961516512333,MERCH0033,CUST97360,2024-10-10,2024-10-17,5392.92,5392.92,FULL,PROCESSED,Customer Request,Customer,GWREF847076,7,N,
REF1265139,TXN0006547,,UTR736276243607,MERCH0048,CUST35894,2024-09-21,2024-09-28,125264.00,47889.31,PARTIAL,PROCESSED,Customer Request,Merchant,GWREF721894,12,N,
REF8733665,TXN0006548,,UTR074564950074,MERCH0014,CUST77851,2024-07-06,2024-07-09,122426.09,105442.44,PARTIAL,PROCESSED,Customer Request,Merchant,GWREF953347,11,N,
REF6580589,TXN0006559,,UTR054463240081,MERCH0015,CUST40516,2024-03-07,2024-03-11,141178.45,74346.48,PARTIAL,PROCESSED,Product Defective,System,GWREF361419,5,N,
REF4225204,TXN0006565,,UTR153797800690,MERCH0027,CUST10757,2024-03-07,2024-03-14,75841.03,75841.03,FULL,PROCESSED,Product Defective,Customer,GWREF478877,12,N,
REF1008011,TXN0006575,,,MERCH0042,CUST77534,2024-11-24,,58752.21,58752.21,FULL,INITIATED,Item Not Delivered,Bank,GWREF314721,13,N,Chargeback case
REF2539977,TXN0006579,,UTR517858769459,MERCH0046,CUST38173,2024-08-11,2024-08-18,7494.91,7494.91,FULL,PROCESSED,Product Defective,System,GWREF530889,6,N,Chargeback case
REF5224544,TXN0006591,,,MERCH0032,CUST10111,2024-01-19,,17330.99,17330.99,FULL,PENDING,Item Not Delivered,Customer,GWREF634878,10,N,
REF3820055,TXN0006592,,UTR496415157864,MERCH0008,CUST93813,2024-01-29,2024-02-01,38966.46,23528.84,PARTIAL,PROCESSED,Chargeback Initiated,Merchant,GWREF475819,14,N,
REF8508112,TXN0006593,,UTR850954576060,MERCH0039,CUST20312,2024-07-20,2024-07-24,130836.36,108002.69,PARTIAL,PROCESSED,Item Not Delivered,Merchant,GWREF816387,7,N,
REF3549134,TXN0006596,,UTR119379066233,MERCH0033,CUST37089,2024-11-21,2024-11-27,141151.61,141151.61,FULL,PROCESSED,Item Not Delivered,Customer,GWREF484742,2,N,
REF4596443,TXN0006604,,UTR130573391177,MERCH0020,CUST67641,2024-01-29,2024-02-02,144655.77,144655.77,FULL,PROCESSED,Fraud Suspected,Bank,GWREF945590,7,N,
REF1373982,TXN0006609,,UTR666179826990,MERCH0025,CUST14827,2024-03-21,2024-03-24,125523.99,125523.99,FULL,PROCESSED,Fraud Suspected,Bank,GWREF715532,1,N,
REF8729741,TXN0006612,,,MERCH0045,CUST19302,2024-03-01,,46183.93,46183.93,FULL,FAILED,Customer Request,Merchant,GWREF278288,2,N,
REF7602400,TXN0006618,,,MERCH0017,CUST57384,2024-01-29,,139641.04,139641.04,FULL,INITIATED,Duplicate Payment,Customer,GWREF777229,11,N,
REF8826111,TXN0006650,,,MERCH0049,CUST61229,2024-10-10,,95302.68,60316.83,PARTIAL,PENDING,Customer Request,Bank,GWREF104519,12,N,
REF8531069,TXN0006656,,UTR685230847906,MERCH0028,CUST32615,2024-07-22,2024-07-25,44369.42,44369.42,FULL,PROCESSED,Duplicate Payment,Merchant,GWREF860075,10,N,
REF8939277,TXN0006668,,UTR510180121234,MERCH0047,CUST96931,2024-04-22,2024-04-29,61604.48,61604.48,FULL,PROCESSED,Customer Request,Bank,GWREF921073,2,N,
REF4377404,TXN0006669,,UTR168938827672,MERCH0039,CUST40708,2024-08-11,2024-08-18,5119.34,5119.34,FULL,PROCESSED,Item Not Delivered,System,GWREF482935,2,N,Chargeback case
REF9839347,TXN0006685,,,MERCH0037,CUST66276,2024-06-05,,14443.34,14443.34,FULL,INITIATED,Customer Request,Merchant,GWREF272925,9,Y,
REF6270595,TXN0006716,,UTR116921095058,MERCH0032,CUST38205,2024-01-25,2024-01-31,55235.79,30728.73,PARTIAL,PROCESSED,Customer Request,Bank,GWREF540097,14,N,
REF1969117,TXN0006723,,UTR407997760567,MERCH0024,CUST18738,2024-02-25,2024-02-28,115813.14,115813.14,FULL,PROCESSED,Item Not Delivered,Customer,GWREF645120,12,N,
REF4582941,TXN0006728,,,MERCH0005,CUST55484,2024-11-02,,128752.18,128752.18,FULL,PENDING,Product Defective,Bank,GWREF198870,14,N,
REF1994509,TXN0006741,,UTR962260863427,MERCH0001,CUST10983,2024-11-15,2024-11-20,74104.25,74104.25,FULL,PROCESSED,Fraud Suspected,System,GWREF883555,9,N,
REF2297074,TXN0006746,,UTR061794664407,MERCH0006,CUST56045,2024-04-30,2024-05-06,124589.06,124589.06,FULL,PROCESSED,Chargeback Initiated,System,GWREF415466,7,Y,Chargeback case
REF2404300,TXN0006755,,UTR099306424850,MERCH0008,CUST73146,2024-11-13,2024-11-19,30642.82,23779.55,PARTIAL,PROCESSED,Duplicate Payment,Bank,GWREF734743,3,N,
REF1722649,TXN0006776,,UTR605337270871,MERCH0002,CUST82454,2024-07-21,2024-07-26,6260.40,6260.40,FULL,PROCESSED,Fraud Suspected,Merchant,GWREF909266,4,N,
REF9729542,TXN0006780,,UTR431269005529,MERCH0021,CUST32293,2024-07-08,2024-07-13,76207.96,76207.96,FULL,PROCESSED,Product Defective,Bank,GWREF128187,6,N,
REF3106573,TXN0006784,,UTR012684638502,MERCH0008,CUST68278,2024-06-14,2024-06-21,50217.73,50217.73,FULL,PROCESSED,Product Defective,Merchant,GWREF198385,3,N,Chargeback case
REF3900941,TXN0006792,,UTR570470709031,MERCH0021,CUST44025,2024-09-28,2024-10-01,143223.72,143223.72,FULL,PROCESSED,Product Defective,Customer,GWREF766720,2,N,
REF9927227,TXN0006797,,UTR415154844859,MERCH0007,CUST15919,2024-05-20,2024-05-24,86917.12,86917.12,FULL,PROCESSED,Product Defective,Bank,GWREF409730,14,N,Chargeback case
REF5115570,TXN0006808,,,MERCH0029,CUST10032,2024-06-02,,113050.65,113050.65,FULL,INITIATED,Customer Request,System,GWREF627468,10,N,
REF8142470,TXN0006818,,UTR842941102574,MERCH0032,CUST39888,2024-03-01,2024-03-07,121031.70,104375.55,PARTIAL,PROCESSED,Duplicate Payment,Customer,GWREF467201,4,N,
REF1647891,TXN0006821,,,MERCH0016,CUST29553,2024-05-28,,36969.63,36969.63,FULL,PENDING,Fraud Suspected,System,GWREF195373,14,N,
REF6718942,TXN0006827,,,MERCH0020,CUST65073,2024-11-22,,34565.39,34565.39,FULL,PENDING,Fraud Suspected,System,GWREF112465,6,N,
REF4051852,TXN0006835,,UTR803380444577,MERCH0018,CUST91607,2024-07-27,2024-08-02,68867.34,68867.34,FULL,PROCESSED,Customer Request,Merchant,GWREF881532,13,Y,
REF2603805,TXN0006839,,UTR278539708008,MERCH0023,CUST19053,2024-05-21,2024-05-24,37300.30,37300.30,FULL,PROCESSED,Product Defective,System,GWREF425945,6,N,
REF3367124,TXN0006840,,,MERCH0034,CUST43057,2024-07-11,,43289.44,29782.11,PARTIAL,PENDING,Customer Request,Bank,GWREF724551,5,N,
REF6370005,TXN0006873,,UTR391406001893,MERCH0017,CUST16784,2024-04-02,2024-04-08,73923.32,73923.32,FULL,PROCESSED,Fraud Suspected,System,GWREF112675,9,N,
REF6066868,TXN0006876,,UTR061084753818,MERCH0045,CUST49813,2024-10-09,2024-10-12,95705.29,40904.28,PARTIAL,PROCESSED,Item Not Delivered,Bank,GWREF546480,14,N,
REF3152626,TXN0006878,,UTR602991896115,MERCH0043,CUST16294,2024-09-08,2024-09-14,36624.29,36624.29,FULL,PROCESSED,Item Not Delivered,Merchant,GWREF988483,9,Y,
REF2019372,TXN0006885,,UTR904963764638,MERCH0044,CUST83290,2024-11-28,2024-12-02,15204.56,5401.55,PARTIAL,PROCESSED,Item Not Delivered,Customer,GWREF940899,3,N,
REF9498031,TXN0006920,,,MERCH0015,CUST70015,2024-04-22,,93751.96,93751.96,FULL,PENDING,Product Defective,System,GWREF257647,5,N,
REF7784064,TXN0006924,,UTR592834298575,MERCH0031,CUST68063,2024-07-13,2024-07-17,128642.47,128642.47,FULL,PROCESSED,Item Not Delivered,Customer,GWREF957711,9,N,
REF6798583,TXN0006925,,,MERCH0001,CUST73942,2024-06-06,,63841.56,63841.56,FULL,PENDING,Chargeback Initiated,Bank,GWREF694462,6,N,
REF8293068,TXN0006926,,,MERCH0024,CUST19388,2024-01-07,,98363.16,34925.59,PARTIAL,PENDING,Duplicate Payment,Customer,GWREF201800,7,N,
REF4597556,TXN0006961,,UTR642231085724,MERCH0021,CUST29128,2024-02-25,2024-02-29,4810.19,4810.19,FULL,PROCESSED,Fraud Suspected,Merchant,GWREF666558,12,N,
REF9889707,TXN0006965,,,MERCH0005,CUST30169,2024-07-08,,68043.00,68043.00,FULL,PENDING,Customer Request,System,GWREF709621,13,N,
REF4896020,TXN0006980,,UTR902150701432,MERCH0002,CUST41437,2024-11-13,2024-11-18,121549.57,121549.57,FULL,PROCESSED,Fraud Suspected,Customer,GWREF494866,6,N,Chargeback case
REF8087811,TXN0007008,,UTR647017307193,MERCH0044,CUST62364,2024-09-06,2024-09-09,68927.60,68927.60,FULL,PROCESSED,Product Defective,Merchant,GWREF439986,3,N,
REF7470207,TXN0007012,,UTR412126353154,MERCH0047,CUST76416,2024-06-09,2024-06-13,11761.86,11761.86,FULL,PROCESSED,Product Defective,Merchant,GWREF533649,6,N,Chargeback case
REF2286919,TXN0007014,,,MERCH0008,CUST43312,2024-05-25,,19011.84,19011.84,FULL,INITIATED,Item Not Delivered,Customer,GWREF162401,7,N,Chargeback case
REF9963675,TXN0007017,,,MERCH0037,CUST59605,2024-08-27,,96703.21,96703.21,FULL,PENDING,Item Not Delivered,System,GWREF179459,10,N,Chargeback case
REF7852663,TXN0007020,,,MERCH0023,CUST60317,2024-05-08,,102149.37,30676.54,PARTIAL,INITIATED,Customer Request,Customer,GWREF946527,14,N,
REF9376889,TXN0007066,,UTR155804649487,MERCH0042,CUST95649,2024-11-03,2024-11-07,11198.29,11198.29,FULL,PROCESSED,Duplicate Payment,Bank,GWREF456606,11,N,
REF2330966,TXN0007077,,UTR716774264538,MERCH0004,CUST65100,2024-08-06,2024-08-11,31307.68,31307.68,FULL,PROCESSED,Fraud Suspected,Merchant,GWREF838347,14,N,
REF6027823,TXN0007080,,UTR165240529166,MERCH0003,CUST50192,2024-06-04,2024-06-08,68513.00,48250.57,PARTIAL,PROCESSED,Customer Request,Customer,GWREF244011,8,N,Chargeback case
REF2212927,TXN0007082,,,MERCH0049,CUST44326,2024-05-25,,68520.43,68520.43,FULL,FAILED,Item Not Delivered,Customer,GWREF541198,4,N,
REF2040879,TXN0007085,,UTR888024052984,MERCH0043,CUST30256,2024-02-04,2024-02-10,57909.77,49826.55,PARTIAL,PROCESSED,Item Not Delivered,Merchant,GWREF990865,14,N,
REF5203256,TXN0007086,,UTR562954721635,MERCH0011,CUST26795,2024-06-10,2024-06-14,69844.03,69844.03,FULL,PROCESSED,Duplicate Payment,Merchant,GWREF700858,6,N,
REF4713388,TXN0007090,,UTR593301163702,MERCH0011,CUST91743,2024-11-03,2024-11-09,44892.33,44892.33,FULL,PROCESSED,Customer Request,Customer,GWREF826375,14,N,
REF2331302,TXN0007112,,,MERCH0013,CUST71118,2024-09-16,,18266.07,18266.07,FULL,INITIATED,Customer Request,Merchant,GWREF232082,10,N,
REF5351593,TXN0007116,,UTR709626225940,MERCH0034,CUST36067,2024-09-27,2024-09-30,11302.00,11302.00,FULL,PROCESSED,Customer Request,System,GWREF877792,9,N,
REF4952778,TXN0007120,,UTR451739254115,MERCH0019,CUST30470,2024-05-13,2024-05-20,94018.32,94018.32,FULL,PROCESSED,Product Defective,System,GWREF973701,9,N,
REF1375400,TXN0007131,,UTR135909246031,MERCH0022,CUST68607,2024-10-18,2024-10-23,19916.34,8843.64,PARTIAL,PROCESSED,Duplicate Payment,Customer,GWREF820736,14,N,
REF4475783,TXN0007139,,UTR526950630909,MERCH0002,CUST44189,2024-05-11,2024-05-18,125558.73,125558.73,FULL,PROCESSED,Item Not Delivered,Customer,GWREF686160,4,N,Chargeback case
REF6465632,TXN0007149,,,MERCH0007,CUST34529,2024-07-12,,26895.24,26895.24,FULL,PENDING,Fraud Suspected,System,GWREF352848,9,N,
REF5423858,TXN0007166,,UTR342905060015,MERCH0037,CUST67675,2024-04-27,2024-04-30,117970.03,117970.03,FULL,PROCESSED,Duplicate Payment,Bank,GWREF454829,2,N,
REF3801003,TXN0007171,,,MERCH0017,CUST97257,2024-10-07,,44584.70,44584.70,FULL,FAILED,Customer Request,System,GWREF177977,12,N,
REF9376713,TXN0007172,,UTR668331648343,MERCH0046,CUST29247,2024-01-26,2024-01-29,126796.29,126796.29,FULL,PROCESSED,Customer Request,System,GWREF746477,1,N,
REF7529904,TXN0007180,,UTR269554166402,MERCH0004,CUST47514,2024-06-20,2024-06-27,10966.49,10966.49,FULL,PROCESSED,Customer Request,Merchant,GWREF202177,1,Y,
REF6235410,TXN0007194,,,MERCH0007,CUST87571,2024-01-13,,136355.96,136355.96,FULL,PENDING,Duplicate Payment,Customer,GWREF420479,8,N,Chargeback case
REF4231697,TXN0007213,,UTR811570276363,MERCH0030,CUST18011,2024-09-10,2024-09-16,23261.35,23261.35,FULL,PROCESSED,Item Not Delivered,Customer,GWREF809686,14,N,Chargeback case
REF8400827,TXN0007219,,,MERCH0002,CUST36357,2024-04-17,,148302.81,148302.81,FULL,INITIATED,Customer Request,Merchant,GWREF248890,8,N,
REF8765120,TXN0007220,,UTR079336691465,MERCH0011,CUST74038,2024-08-06,2024-08-12,51451.35,51451.35,FULL,PROCESSED,Duplicate Payment,System,GWREF275621,10,N,
REF7014617,TXN0007237,,UTR341533275902,MERCH0033,CUST30400,2024-04-16,2024-04-19,15584.44,13250.08,PARTIAL,PROCESSED,Item Not Delivered,Bank,GWREF400304,7,N,
REF2326866,TXN0007242,,,MERCH0002,CUST93658,2024-07-09,,145743.36,56148.23,PARTIAL,INITIATED,Customer Request,Customer,GWREF238058,14,N,
REF8786909,TXN0007246,,,MERCH0016,CUST13254,2024-07-01,,85063.54,85063.54,FULL,INITIATED,Fraud Suspected,Bank,GWREF693119,11,Y,
REF6641097,TXN0007256,,UTR282809760498,MERCH0032,CUST57197,2024-04-08,2024-04-13,111457.46,53312.04,PARTIAL,PROCESSED,Customer Request,Customer,GWREF606392,14,N,
REF6387534,TXN0007311,,,MERCH0002,CUST86730,2024-03-21,,38152.32,38152.32,FULL,PENDING,Item Not Delivered,Customer,GWREF669270,14,N,
REF1982746,TXN0007324,,UTR697763586541,MERCH0006,CUST88150,2024-11-19,2024-11-23,51371.04,51371.04,FULL,PROCESSED,Duplicate Payment,System,GWREF349083,12,N,
REF6910462,TXN0007332,,UTR416494429605,MERCH0044,CUST67036,2024-11-12,2024-11-18,55072.69,55072.69,FULL,PROCESSED,Product Defective,Customer,GWREF585632,11,N,
REF5156957,TXN0007338,,UTR281500820222,MERCH0007,CUST63987,2024-03-10,2024-03-16,33783.73,33783.73,FULL,PROCESSED,Customer Request,Merchant,GWREF726364,11,Y,
REF9062761,TXN0007352,,UTR078718137774,MERCH0016,CUST94499,2024-05-07,2024-05-14,50180.51,50180.51,FULL,PROCESSED,Product Defective,Customer,GWREF116887,14,Y,
REF1202156,TXN0007356,,UTR565938944522,MERCH0041,CUST57811,2024-07-18,2024-07-21,1650.25,1650.25,FULL,PROCESSED,Product Defective,Customer,GWREF329090,12,N,
REF1843858,TXN0007358,,UTR771641534525,MERCH0043,CUST89874,2024-06-26,2024-06-29,20089.15,20089.15,FULL,PROCESSED,Fraud Suspected,Bank,GWREF514171,10,N,
REF5852784,TXN0007360,,,MERCH0004,CUST85318,2024-04-27,,22809.71,22809.71,FULL,INITIATED,Chargeback Initiated,Customer,GWREF196358,6,N,Chargeback case
REF1885775,TXN0007361,,UTR597180315349,MERCH0022,CUST26740,2024-07-30,2024-08-05,134638.70,134638.70,FULL,PROCESSED,Customer Request,Customer,GWREF896929,8,N,
REF7106581,TXN0007362,,UTR967128651827,MERCH0011,CUST60179,2024-01-18,2024-01-24,117402.67,117402.67,FULL,PROCESSED,Product Defective,Customer,GWREF568484,10,N,Chargeback case
REF4590386,TXN0007363,,UTR529610489502,MERCH0010,CUST94322,2024-06-29,2024-07-04,108941.91,44868.76,PARTIAL,PROCESSED,Chargeback Initiated,Bank,GWREF946592,5,N,
REF1076096,TXN0007368,,UTR259459177884,MERCH0035,CUST26256,2024-08-31,2024-09-04,116734.64,116734.64,FULL,PROCESSED,Product Defective,Merchant,GWREF726583,8,N,
REF5170456,TXN0007375,,UTR887640693017,MERCH0007,CUST15866,2024-09-30,2024-10-07,27823.79,27823.79,FULL,PROCESSED,Chargeback Initiated,Bank,GWREF642223,11,N,
REF2958191,TXN0007395,,UTR974287407600,MERCH0030,CUST72601,2024-08-18,2024-08-22,64083.64,64083.64,FULL,PROCESSED,Chargeback Initiated,System,GWREF698407,14,N,
REF6473069,TXN0007397,,UTR622943414104,MERCH0013,CUST59670,2024-05-26,2024-05-30,110371.84,68033.88,PARTIAL,PROCESSED,Fraud Suspected,System,GWREF769838,12,N,
REF1885658,TXN0007439,,,MERCH0017,CUST33607,2024-10-08,,89974.72,89974.72,FULL,INITIATED,Duplicate Payment,Customer,GWREF685189,6,N,
REF9002568,TXN0007442,,,MERCH0016,CUST50693,2024-04-16,,111354.03,88382.32,PARTIAL,PENDING,Customer Request,Customer,GWREF606765,4,Y,
REF3729896,TXN0007453,,UTR509576535333,MERCH0026,CUST46469,2024-11-27,2024-12-04,1852.52,1394.08,PARTIAL,PROCESSED,Item Not Delivered,Merchant,GWREF488411,2,N,
REF1688650,TXN0007457,,,MERCH0040,CUST49838,2024-10-27,,16136.11,16136.11,FULL,PENDING,Product Defective,Customer,GWREF682434,9,N,
REF6090427,TXN0007463,,UTR732971586833,MERCH0007,CUST29040,2024-10-01,2024-10-07,108197.10,108197.10,FULL,PROCESSED,Item Not Delivered,Customer,GWREF265787,6,N,
REF9294153,TXN0007470,,,MERCH0027,CUST53596,2024-08-24,,94975.17,94975.17,FULL,PENDING,Product Defective,Customer,GWREF172667,8,N,
REF1387298,TXN0007477,,UTR789949851367,MERCH0039,CUST57852,2024-05-20,2024-05-27,49542.74,49542.74,FULL,PROCESSED,Fraud Suspected,Bank,GWREF940665,1,Y,
REF1564778,TXN0007481,,UTR380598656531,MERCH0027,CUST88174,2024-09-03,2024-09-06,83964.88,63819.80,PARTIAL,PROCESSED,Chargeback Initiated,System,GWREF427053,3,N,
REF1445657,TXN0007486,,UTR190546464924,MERCH0038,CUST83073,2024-04-26,2024-05-02,124914.77,124914.77,FULL,PROCESSED,Chargeback Initiated,Merchant,GWREF973597,3,N,
REF9256241,TXN0007525,,UTR336265107461,MERCH0035,CUST68797,2024-05-12,2024-05-18,21083.95,21083.95,FULL,PROCESSED,Item Not Delivered,Bank,GWREF136603,9,N,
REF9810946,TXN0007527,,,MERCH0045,CUST36255,2024-02-09,,69827.35,69827.35,FULL,INITIATED,Item Not Delivered,Customer,GWREF852456,12,N,
REF8815307,TXN0007529,,,MERCH0032,CUST74792,2024-05-17,,78569.88,58018.36,PARTIAL,PENDING,Product Defective,Customer,GWREF820176,13,N,
REF2236122,TXN0007531,,UTR397790609091,MERCH0031,CUST31613,2024-03-30,2024-04-05,99488.39,99488.39,FULL,PROCESSED,Item Not Delivered,Bank,GWREF611329,13,N,
REF6573035,TXN0007535,,,MERCH0022,CUST41262,2024-03-05,,59726.78,21057.24,PARTIAL,PENDING,Fraud Suspected,Bank,GWREF384278,7,N,
REF4899130,TXN0007544,,UTR087604482918,MERCH0010,CUST78158,2024-08-14,2024-08-18,14728.27,14728.27,FULL,PROCESSED,Fraud Suspected,Merchant,GWREF346794,1,N,
REF8262580,TXN0007599,,,MERCH0039,CUST36039,2024-01-23,,3067.60,2085.12,PARTIAL,PENDING,Customer Request,Customer,GWREF331274,12,N,
REF4442406,TXN0007607,,UTR467780842699,MERCH0044,CUST39273,2024-10-12,2024-10-16,146660.79,96232.74,PARTIAL,PROCESSED,Duplicate Payment,Merchant,GWREF118983,4,N,
REF1688336,TXN0007625,,,MERCH0037,CUST69212,2024-11-09,,96907.32,96907.32,FULL,PENDING,Item Not Delivered,Bank,GWREF549049,12,N,
REF8558872,TXN0007648,,,MERCH0019,CUST83447,2024-08-10,,91948.41,91948.41,FULL,PENDING,Duplicate Payment,Bank,GWREF719509,2,N,
REF7154353,TXN0007672,,UTR890404328029,MERCH0012,CUST53880,2024-03-16,2024-03-23,130725.73,130725.73,FULL,PROCESSED,Item Not Delivered,Bank,GWREF568231,13,N,
REF2763489,TXN0007675,,UTR187432359194,MERCH0012,CUST60145,2024-09-21,2024-09-24,108515.22,108515.22,FULL,PROCESSED,Item Not Delivered,System,GWREF885568,6,N,
REF3385472,TXN0007678,,UTR828819939596,MERCH0016,CUST25709,2024-03-24,2024-03-31,135841.36,61465.72,PARTIAL,PROCESSED,Fraud Suspected,Customer,GWREF590931,11,N,Chargeback case
REF4346726,TXN0007692,,UTR360881472826,MERCH0010,CUST18597,2024-01-06,2024-01-09,55647.51,55647.51,FULL,PROCESSED,Chargeback Initiated,Merchant,GWREF484309,10,N,
REF9786507,TXN0007707,,,MERCH0049,CUST88560,2024-02-02,,28510.43,28510.43,FULL,INITIATED,Chargeback Initiated,Bank,GWREF400899,2,N,
REF2662478,TXN0007715,,UTR722235496026,MERCH0050,CUST47416,2024-11-06,2024-11-11,108679.93,108679.93,FULL,PROCESSED,Product Defective,Bank,GWREF115693,6,Y,
REF1946325,TXN0007732,,,MERCH0015,CUST96363,2024-11-20,,118071.60,118071.60,FULL,INITIATED,Product Defective,Bank,GWREF251506,7,N,
REF7710436,TXN0007757,,UTR681087640639,MERCH0024,CUST51117,2024-09-17,2024-09-21,147636.82,147636.82,FULL,PROCESSED,Fraud Suspected,Customer,GWREF976947,13,N,
REF8702372,TXN0007762,,UTR268988228100,MERCH0014,CUST10958,2024-07-24,2024-07-29,84311.23,73859.09,PARTIAL,PROCESSED,Fraud Suspected,Merchant,GWREF774970,5,N,
REF1293284,TXN0007764,,,MERCH0049,CUST49424,2024-07-03,,5701.90,5012.41,PARTIAL,PENDING,Customer Request,System,GWREF670500,1,N,
REF6900477,TXN0007793,,,MERCH0020,CUST16989,2024-10-12,,69006.16,43848.50,PARTIAL,PENDING,Item Not Delivered,Bank,GWREF285180,2,N,Chargeback case
REF7548497,TXN0007801,,UTR205683883316,MERCH0004,CUST32360,2024-11-28,2024-12-05,28434.43,28434.43,FULL,PROCESSED,Fraud Suspected,Merchant,GWREF386858,9,N,
REF6331756,TXN0007813,,UTR299349578232,MERCH0011,CUST51567,2024-08-17,2024-08-21,19666.34,19666.34,FULL,PROCESSED,Customer Request,Customer,GWREF741539,10,N,
REF2490895,TXN0007830,,UTR673830094830,MERCH0020,CUST21286,2024-10-01,2024-10-04,2759.99,2759.99,FULL,PROCESSED,Customer Request,System,GWREF878741,6,N,
REF9666244,TXN0007831,,UTR076639015981,MERCH0004,CUST81412,2024-05-26,2024-05-30,134716.07,134716.07,FULL,PROCESSED,Chargeback Initiated,Merchant,GWREF345153,2,Y,
REF8432847,TXN0007842,,,MERCH0002,CUST23230,2024-04-02,,22597.13,22597.13,FULL,PENDING,Product Defective,Bank,GWREF416081,3,N,
REF7820672,TXN0007843,,UTR720993963826,MERCH0043,CUST38661,2024-01-15,2024-01-18,96848.39,96848.39,FULL,PROCESSED,Item Not Delivered,System,GWREF508767,3,N,
REF5106764,TXN0007865,,UTR987330667615,MERCH0013,CUST64704,2024-01-15,2024-01-18,144675.12,144675.12,FULL,PROCESSED,Item Not Delivered,Merchant,GWREF969353,10,N,Chargeback case
REF3629262,TXN0007884,,UTR573816627863,MERCH0006,CUST88895,2024-08-14,2024-08-18,129680.87,129680.87,FULL,PROCESSED,Product Defective,System,GWREF119765,11,N,
REF5200908,TXN0007912,,UTR862131017901,MERCH0011,CUST17000,2024-01-17,2024-01-22,20463.69,20463.69,FULL,PROCESSED,Product Defective,Customer,GWREF997937,5,Y,
REF4126284,TXN0007931,,UTR875492132504,MERCH0029,CUST29807,2024-11-20,2024-11-23,113196.28,113196.28,FULL,PROCESSED,Customer Request,System,GWREF648218,9,N,Chargeback case
REF2484392,TXN0007936,,UTR002756309528,MERCH0024,CUST79322,2024-01-08,2024-01-11,57958.05,57958.05,FULL,PROCESSED,Duplicate Payment,Customer,GWREF651380,11,N,
REF1364525,TXN0007943,,UTR229068976402,MERCH0011,CUST39758,2024-09-15,2024-09-21,57208.66,57208.66,FULL,PROCESSED,Customer Request,Bank,GWREF821906,3,N,Chargeback case
REF8168804,TXN0007947,,UTR614458924368,MERCH0035,CUST44331,2024-09-01,2024-09-04,26001.00,17347.59,PARTIAL,PROCESSED,Chargeback Initiated,System,GWREF570785,1,N,
REF9978413,TXN0007969,,,MERCH0026,CUST69906,2024-11-13,,80203.07,80203.07,FULL,PENDING,Item Not Delivered,Customer,GWREF332025,2,N,Chargeback case
REF9389768,TXN0007977,,UTR395206984394,MERCH0018,CUST57898,2024-05-21,2024-05-24,58111.01,58111.01,FULL,PROCESSED,Item Not Delivered,System,GWREF313917,14,N,
REF7283628,TXN0007978,,UTR129533124071,MERCH0016,CUST50480,2024-09-22,2024-09-28,75884.96,75884.96,FULL,PROCESSED,Fraud Suspected,System,GWREF495993,7,N,
REF5097324,TXN0007992,,UTR112292857590,MERCH0041,CUST38169,2024-02-27,2024-03-04,96985.57,96985.57,FULL,PROCESSED,Fraud Suspected,Bank,GWREF685016,13,N,
REF4914202,TXN0007997,,UTR312806731938,MERCH0040,CUST80266,2024-04-21,2024-04-26,140428.76,140428.76,FULL,PROCESSED,Customer Request,Bank,GWREF411288,1,N,
REF7974795,TXN0008019,,UTR786588305552,MERCH0020,CUST92195,2024-11-06,2024-11-09,37960.26,13117.27,PARTIAL,PROCESSED,Fraud Suspected,System,GWREF788934,4,N,
REF6776478,TXN0008036,,,MERCH0002,CUST80078,2024-11-06,,12631.62,12631.62,FULL,FAILED,Item Not Delivered,Bank,GWREF725491,12,Y,
REF6696179,TXN0008051,,UTR665912609419,MERCH0045,CUST92579,2024-09-16,2024-09-21,18570.43,18570.43,FULL,PROCESSED,Fraud Suspected,System,GWREF861634,7,Y,
REF7022194,TXN0008062,,,MERCH0050,CUST80612,2024-06-20,,63033.83,35899.81,PARTIAL,PENDING,Product Defective,Customer,GWREF101325,11,Y,
REF6836650,TXN0008072,,,MERCH0025,CUST51733,2024-01-11,,62710.52,62710.52,FULL,PENDING,Customer Request,Bank,GWREF409912,2,N,
REF1921153,TXN0008075,,UTR117846894423,MERCH0045,CUST26372,2024-07-15,2024-07-21,55772.11,17584.45,PARTIAL,PROCESSED,Customer Request,System,GWREF606144,8,N,
REF1199739,TXN0008080,,,MERCH0018,CUST41829,2024-08-07,,12941.64,12941.64,FULL,PENDING,Item Not Delivered,Bank,GWREF306854,5,N,
REF6356968,TXN0008083,,UTR976593317265,MERCH0045,CUST61756,2024-10-15,2024-10-18,111018.62,59653.47,PARTIAL,PROCESSED,Fraud Suspected,Customer,GWREF121679,9,N,
REF5569087,TXN0008105,,UTR471323900469,MERCH0004,CUST70787,2024-09-29,2024-10-05,143059.34,55483.49,PARTIAL,PROCESSED,Item Not Delivered,Merchant,GWREF489940,13,N,
REF7168380,TXN0008106,,UTR797522233736,MERCH0046,CUST58881,2024-02-06,2024-02-09,108518.87,108518.87,FULL,PROCESSED,Duplicate Payment,Customer,GWREF970191,14,N,
REF4591881,TXN0008120,,,MERCH0033,CUST33906,2024-01-21,,50159.91,50159.91,FULL,PENDING,Duplicate Payment,Merchant,GWREF582877,2,N,
REF9170366,TXN0008125,,UTR042430268350,MERCH0018,CUST56037,2024-11-09,2024-11-14,142149.07,142149.07,FULL,PROCESSED,Fraud Suspected,System,GWREF817137,10,N,
REF7153542,TXN0008134,,UTR815383843698,MERCH0032,CUST10165,2024-12-02,2024-12-05,125117.25,37733.90,PARTIAL,PROCESSED,Item Not Delivered,Bank,GWREF576458,6,N,
REF7398744,TXN0008138,,,MERCH0032,CUST22637,2024-06-12,,148575.60,148575.60,FULL,PENDING,Chargeback Initiated,Bank,GWREF407601,7,N,
REF5048985,TXN0008144,,UTR654877795539,MERCH0026,CUST79602,2024-11-22,2024-11-29,19821.66,11008.49,PARTIAL,PROCESSED,Chargeback Initiated,Merchant,GWREF398480,7,Y,Chargeback case
REF6834112,TXN0008149,,UTR626815389128,MERCH0008,CUST88396,2024-01-17,2024-01-24,61070.20,61070.20,FULL,PROCESSED,Item Not Delivered,Merchant,GWREF481800,12,N,
REF8115785,TXN0008151,,UTR756610522566,MERCH0032,CUST36594,2024-07-22,2024-07-27,116449.90,116449.90,FULL,PROCESSED,Chargeback Initiated,Merchant,GWREF764105,12,N,
REF3451600,TXN0008157,,UTR313749023905,MERCH0008,CUST73710,2024-09-15,2024-09-19,124961.34,124961.34,FULL,PROCESSED,Duplicate Payment,Merchant,GWREF812405,1,N,
REF9442306,TXN0008172,,UTR899636483137,MERCH0012,CUST32278,2024-08-07,2024-08-14,912.13,912.13,FULL,PROCESSED,Chargeback Initiated,Customer,GWREF411407,9,N,
REF3519306,TXN0008179,,UTR960626622241,MERCH0027,CUST53336,2024-03-05,2024-03-10,72960.55,56374.74,PARTIAL,PROCESSED,Chargeback Initiated,Customer,GWREF696618,12,N,Chargeback case
REF9445320,TXN0008182,,UTR399775489115,MERCH0010,CUST88597,2024-10-28,2024-10-31,61735.46,24810.73,PARTIAL,PROCESSED,Fraud Suspected,Merchant,GWREF640785,5,N,Chargeback case
REF1965619,TXN0008190,,,MERCH0017,CUST30945,2024-06-14,,4633.74,2360.17,PARTIAL,PENDING,Item Not Delivered,Bank,GWREF900495,11,Y,
REF6389549,TXN0008199,,,MERCH0043,CUST53377,2024-01-09,,40843.75,40843.75,FULL,FAILED,Customer Request,Customer,GWREF579190,2,Y,
REF1913784,TXN0008208,,UTR195675780841,MERCH0013,CUST89364,2024-07-03,2024-07-06,24970.69,24970.69,FULL,PROCESSED,Chargeback Initiated,System,GWREF742545,2,N,
REF2384086,TXN0008214,,,MERCH0024,CUST35650,2024-09-06,,120121.28,120121.28,FULL,FAILED,Fraud Suspected,Bank,GWREF709622,9,N,
REF6286675,TXN0008221,,,MERCH0041,CUST53038,2024-03-15,,57485.72,57485.72,FULL,INITIATED,Product Defective,Customer,GWREF426286,8,N,
REF3524933,TXN0008228,,UTR969471485494,MERCH0046,CUST38291,2024-08-31,2024-09-03,104229.33,54249.27,PARTIAL,PROCESSED,Duplicate Payment,Bank,GWREF107686,1,N,
REF2310746,TXN0008235,,,MERCH0031,CUST35985,2024-09-26,,144595.84,144595.84,FULL,FAILED,Fraud Suspected,Merchant,GWREF371095,10,N,Chargeback case
REF5516749,TXN0008237,,UTR206802552986,MERCH0041,CUST26880,2024-05-29,2024-06-04,128203.17,128203.17,FULL,PROCESSED,Duplicate Payment,Bank,GWREF185811,1,N,
REF3716942,TXN0008239,,UTR982485720737,MERCH0028,CUST31781,2024-08-09,2024-08-16,4749.35,4749.35,FULL,PROCESSED,Duplicate Payment,System,GWREF509820,13,Y,Chargeback case
REF6854149,TXN0008242,,UTR901108241160,MERCH0030,CUST75060,2024-10-20,2024-10-23,137346.72,137346.72,FULL,PROCESSED,Customer Request,Bank,GWREF247507,9,N,
REF1357693,TXN0008254,,,MERCH0019,CUST57315,2024-02-24,,139857.70,139857.70,FULL,PENDING,Chargeback Initiated,Bank,GWREF378000,5,Y,
REF4432679,TXN0008273,,,MERCH0007,CUST96980,2024-07-15,,29193.76,29193.76,FULL,FAILED,Duplicate Payment,System,GWREF644606,10,N,Chargeback case
REF9218581,TXN0008289,,,MERCH0020,CUST27703,2024-09-08,,96881.70,96881.70,FULL,PENDING,Customer Request,Bank,GWREF719418,13,N,
REF2045807,TXN0008307,,UTR931534055710,MERCH0015,CUST31512,2024-11-11,2024-11-18,555.26,358.76,PARTIAL,PROCESSED,Fraud Suspected,Merchant,GWREF549252,7,Y,Chargeback case
REF3799070,TXN0008324,,UTR779888134511,MERCH0001,CUST52882,2024-11-26,2024-12-02,1867.47,847.51,PARTIAL,PROCESSED,Product Defective,System,GWREF908101,12,N,
REF8618560,TXN0008333,,UTR504650389760,MERCH0032,CUST10912,2024-05-01,2024-05-08,104991.45,104991.45,FULL,PROCESSED,Customer Request,Customer,GWREF746791,6,N,
REF5287726,TXN0008348,,,MERCH0036,CUST10788,2024-07-24,,5513.08,5513.08,FULL,INITIATED,Chargeback Initiated,Bank,GWREF974170,10,N,Chargeback case
REF6866958,TXN0008350,,UTR091990492558,MERCH0039,CUST56684,2024-09-03,2024-09-06,103267.11,103267.11,FULL,PROCESSED,Customer Request,Customer,GWREF181214,9,N,
REF7571598,TXN0008355,,UTR685461857151,MERCH0036,CUST14697,2024-03-17,2024-03-22,130514.00,93018.91,PARTIAL,PROCESSED,Fraud Suspected,Customer,GWREF857351,9,N,
REF8468906,TXN0008359,,UTR412538231435,MERCH0023,CUST86202,2024-08-07,2024-08-10,72609.82,43120.63,PARTIAL,PROCESSED,Chargeback Initiated,Bank,GWREF289907,12,N,
REF5003089,TXN0008363,,,MERCH0042,CUST72395,2024-09-24,,35426.05,35426.05,FULL,PENDING,Customer Request,Bank,GWREF900277,2,N,
REF2279037,TXN0008368,,,MERCH0020,CUST39384,2024-09-18,,102690.41,102690.41,FULL,INITIATED,Item Not Delivered,Bank,GWREF278065,11,N,
REF3808012,TXN0008381,,UTR241840509158,MERCH0049,CUST34238,2024-09-05,2024-09-09,82993.23,36097.30,PARTIAL,PROCESSED,Item Not Delivered,System,GWREF219098,12,N,
REF5697550,TXN0008397,,,MERCH0043,CUST63361,2024-06-13,,43789.27,19155.69,PARTIAL,FAILED,Product Defective,Bank,GWREF645410,9,N,
REF4310120,TXN0008406,,UTR744071713923,MERCH0044,CUST64553,2024-05-28,2024-06-01,140260.13,52752.33,PARTIAL,PROCESSED,Item Not Delivered,Bank,GWREF195656,1,Y,
REF1824549,TXN0008409,,UTR892134473142,MERCH0023,CUST24692,2024-06-04,2024-06-08,49623.96,49623.96,FULL,PROCESSED,Item Not Delivered,Merchant,GWREF743470,2,N,
REF1385352,TXN0008424,,UTR935020962639,MERCH0042,CUST76047,2024-01-13,2024-01-18,4632.98,1685.20,PARTIAL,PROCESSED,Customer Request,System,GWREF477208,10,N,
REF5552461,TXN0008425,,UTR493102202403,MERCH0047,CUST59824,2024-03-24,2024-03-28,142890.30,98792.27,PARTIAL,PROCESSED,Customer Request,Customer,GWREF458296,7,Y,
REF4544155,TXN0008442,,,MERCH0020,CUST50051,2024-09-02,,29529.38,22230.33,PARTIAL,FAILED,Duplicate Payment,Merchant,GWREF724569,13,N,
REF3513104,TXN0008445,,UTR173294943329,MERCH0022,CUST56262,2024-05-24,2024-05-28,42148.51,42148.51,FULL,PROCESSED,Product Defective,System,GWREF767818,8,N,Chargeback case
REF5440624,TXN0008446,,UTR796129528429,MERCH0022,CUST19208,2024-06-05,2024-06-10,35931.70,17934.30,PARTIAL,PROCESSED,Customer Request,Merchant,GWREF978223,3,N,
REF8209211,TXN0008450,,UTR175790196258,MERCH0016,CUST98072,2024-06-24,2024-07-01,75196.09,46944.04,PARTIAL,PROCESSED,Item Not Delivered,System,GWREF864843,13,N,
REF6372186,TXN0008460,,UTR077034472832,MERCH0039,CUST96414,2024-07-09,2024-07-13,93806.31,37408.11,PARTIAL,PROCESSED,Product Defective,System,GWREF784034,14,N,
REF5333287,TXN0008484,,,MERCH0001,CUST35764,2024-02-17,,8485.26,5259.59,PARTIAL,INITIATED,Fraud Suspected,Bank,GWREF432407,6,N,
REF6132711,TXN0008485,,UTR835006743084,MERCH0038,CUST29195,2024-10-28,2024-11-02,2239.91,2239.91,FULL,PROCESSED,Fraud Suspected,Bank,GWREF289410,11,N,
REF5762260,TXN0008534,,,MERCH0007,CUST66377,2024-01-08,,113306.53,113306.53,FULL,PENDING,Fraud Suspected,System,GWREF616243,4,Y,Chargeback case
REF7896623,TXN0008539,,,MERCH0013,CUST22315,2024-01-20,,48351.68,48351.68,FULL,PENDING,Fraud Suspected,System,GWREF867471,7,N,
REF3786402,TXN0008579,,UTR222686954657,MERCH0001,CUST37378,2024-02-15,2024-02-18,126589.24,126589.24,FULL,PROCESSED,Duplicate Payment,Bank,GWREF623141,6,N,
REF1343094,TXN0008583,,,MERCH0033,CUST80816,2024-02-15,,62940.84,62940.84,FULL,FAILED,Duplicate Payment,Customer,GWREF780260,6,N,
REF9136317,TXN0008594,,,MERCH0035,CUST86594,2024-10-29,,71948.78,71948.78,FULL,PENDING,Duplicate Payment,Merchant,GWREF343099,2,N,
REF6094848,TXN0008618,,UTR871760689255,MERCH0016,CUST25823,2024-03-25,2024-03-30,3505.14,2869.30,PARTIAL,PROCESSED,Customer Request,Bank,GWREF784626,9,N,Chargeback case
REF2224995,TXN0008639,,UTR583921601441,MERCH0031,CUST84813,2024-10-30,2024-11-05,132155.67,48444.70,PARTIAL,PROCESSED,Item Not Delivered,Bank,GWREF717586,1,N,
REF2610094,TXN0008640,,UTR025438929197,MERCH0050,CUST28995,2024-09-30,2024-10-05,145163.06,145163.06,FULL,PROCESSED,Item Not Delivered,Bank,GWREF368021,6,N,
REF3710732,TXN0008653,,UTR495669209920,MERCH0013,CUST10523,2024-02-06,2024-02-11,10183.77,10183.77,FULL,PROCESSED,Item Not Delivered,Merchant,GWREF285225,4,N,Chargeback case
REF6771496,TXN0008662,,,MERCH0031,CUST73322,2024-01-02,,89340.18,89340.18,FULL,PENDING,Fraud Suspected,Customer,GWREF361737,4,N,
REF3505022,TXN0008678,,,MERCH0004,CUST54876,2024-05-23,,57737.80,57737.80,FULL,PENDING,Item Not Delivered,Bank,GWREF262478,14,N,
REF7671551,TXN0008682,,,MERCH0007,CUST20831,2024-08-23,,66391.14,66391.14,FULL,INITIATED,Customer Request,System,GWREF780385,9,N,Chargeback case
REF1682045,TXN0008686,,,MERCH0014,CUST93574,2024-03-17,,146023.93,146023.93,FULL,INITIATED,Product Defective,Merchant,GWREF696395,5,N,
REF5347900,TXN0008703,,UTR073533641076,MERCH0024,CUST83602,2024-08-28,2024-09-03,56323.48,56323.48,FULL,PROCESSED,Duplicate Payment,Customer,GWREF582063,2,N,
REF8525097,TXN0008708,,UTR469620615501,MERCH0041,CUST31636,2024-04-17,2024-04-22,123301.64,123301.64,FULL,PROCESSED,Customer Request,System,GWREF686195,12,N,
REF3083167,TXN0008724,,UTR688508669565,MERCH0033,CUST22163,2024-08-25,2024-08-30,104630.28,104630.28,FULL,PROCESSED,Duplicate Payment,Bank,GWREF378518,10,N,Chargeback case
REF5941233,TXN0008762,,UTR741480523216,MERCH0035,CUST77581,2024-09-22,2024-09-29,21018.55,21018.55,FULL,PROCESSED,Duplicate Payment,Bank,GWREF804449,10,N,
REF5691377,TXN0008764,,,MERCH0003,CUST22578,2024-06-07,,143995.17,143995.17,FULL,PENDING,Customer Request,Customer,GWREF592205,6,N,
REF2365733,TXN0008782,,UTR612634821400,MERCH0014,CUST41400,2024-04-09,2024-04-12,96448.41,96448.41,FULL,PROCESSED,Product Defective,Merchant,GWREF236385,1,N,
REF2824737,TXN0008794,,UTR755638430136,MERCH0019,CUST12691,2024-09-13,2024-09-18,44188.99,20724.57,PARTIAL,PROCESSED,Fraud Suspected,Merchant,GWREF337912,4,Y,
REF1074971,TXN0008802,,UTR063542012922,MERCH0041,CUST32317,2024-07-22,2024-07-27,68833.46,28328.91,PARTIAL,PROCESSED,Product Defective,Customer,GWREF769207,7,N,
REF3140974,TXN0008803,,UTR366418279627,MERCH0011,CUST20224,2024-03-06,2024-03-12,112477.17,112477.17,FULL,PROCESSED,Product Defective,System,GWREF508328,13,Y,
REF9654093,TXN0008806,,UTR093474545172,MERCH0011,CUST59495,2024-01-19,2024-01-25,81144.65,81144.65,FULL,PROCESSED,Duplicate Payment,System,GWREF643458,8,N,
REF2498879,TXN0008808,,UTR647814522984,MERCH0029,CUST49890,2024-03-25,2024-04-01,121285.44,121285.44,FULL,PROCESSED,Customer Request,Merchant,GWREF652174,3,N,
REF1809276,TXN0008831,,UTR453081470830,MERCH0004,CUST66560,2024-08-24,2024-08-30,136257.29,136257.29,FULL,PROCESSED,Item Not Delivered,Customer,GWREF762399,8,N,
REF4522262,TXN0008839,,UTR772111663629,MERCH0016,CUST20012,2024-06-23,2024-06-29,40141.50,40141.50,FULL,PROCESSED,Duplicate Payment,System,GWREF221126,9,N,
REF2672924,TXN0008842,,UTR278721204271,MERCH0013,CUST54382,2024-09-05,2024-09-12,93804.10,71555.36,PARTIAL,PROCESSED,Customer Request,Customer,GWREF387978,2,N,Chargeback case
REF4570727,TXN0008859,,UTR859383778294,MERCH0024,CUST50875,2024-01-30,2024-02-05,61641.56,61641.56,FULL,PROCESSED,Item Not Delivered,Merchant,GWREF430625,3,N,Chargeback case
REF6297300,TXN0008868,,UTR122992017629,MERCH0018,CUST61227,2024-10-22,2024-10-26,109294.87,109294.87,FULL,PROCESSED,Fraud Suspected,Customer,GWREF875861,7,N,
REF3659670,TXN0008875,,UTR772586906608,MERCH0002,CUST18731,2024-03-28,2024-04-04,35960.91,35960.91,FULL,PROCESSED,Fraud Suspected,Bank,GWREF655101,11,N,
REF6534004,TXN0008881,,UTR475487040307,MERCH0032,CUST97569,2024-01-10,2024-01-14,138207.50,138207.50,FULL,PROCESSED,Product Defective,Customer,GWREF106415,9,N,Chargeback case
REF8062935,TXN0008886,,UTR117292650405,MERCH0037,CUST53115,2024-11-25,2024-12-02,114920.10,114920.10,FULL,PROCESSED,Customer Request,System,GWREF535247,6,Y,Chargeback case
REF9920636,TXN0008901,,,MERCH0006,CUST40657,2024-03-27,,119920.97,119920.97,FULL,PENDING,Product Defective,Customer,GWREF229313,11,N,
REF7482292,TXN0008902,,UTR259848868681,MERCH0029,CUST93002,2024-04-08,2024-04-11,54771.46,54771.46,FULL,PROCESSED,Customer Request,Customer,GWREF769001,8,Y,
REF1871993,TXN0008905,,,MERCH0034,CUST39633,2024-02-09,,72421.59,38973.89,PARTIAL,FAILED,Duplicate Payment,Bank,GWREF745730,2,N,
REF7289184,TXN0008906,,UTR605046563154,MERCH0003,CUST47796,2024-05-13,2024-05-17,6228.17,6228.17,FULL,PROCESSED,Product Defective,Merchant,GWREF721553,4,N,
REF4801804,TXN0008947,,,MERCH0046,CUST34814,2024-02-18,,147802.93,52921.10,PARTIAL,PENDING,Customer Request,System,GWREF381303,3,N,
REF6588473,TXN0008961,,UTR280303895939,MERCH0013,CUST97721,2024-02-25,2024-02-29,15989.70,15989.70,FULL,PROCESSED,Customer Request,Merchant,GWREF560008,6,N,
REF6458830,TXN0008967,,UTR281148281771,MERCH0025,CUST60121,2024-11-30,2024-12-06,10188.50,10188.50,FULL,PROCESSED,Duplicate Payment,Customer,GWREF102658,13,N,
REF5064923,TXN0008979,,UTR693553408847,MERCH0035,CUST64163,2024-01-15,2024-01-22,90000.28,90000.28,FULL,PROCESSED,Duplicate Payment,System,GWREF243487,12,N,Chargeback case
REF4503720,TXN0008990,,,MERCH0001,CUST63057,2024-03-25,,90883.01,90883.01,FULL,FAILED,Fraud Suspected,Customer,GWREF372767,13,N,Chargeback case
REF3956439,TXN0009000,,UTR446626008696,MERCH0015,CUST49160,2024-09-14,2024-09-21,99192.05,99192.05,FULL,PROCESSED,Product Defective,System,GWREF640554,11,N,
REF3973145,TXN0009002,,UTR395911511354,MERCH0039,CUST87850,2024-02-19,2024-02-23,35792.36,35792.36,FULL,PROCESSED,Chargeback Initiated,Bank,GWREF403380,11,N,
REF1784301,TXN0009003,,UTR388161198997,MERCH0024,CUST77739,2024-04-06,2024-04-10,92783.42,92783.42,FULL,PROCESSED,Chargeback Initiated,Bank,GWREF103120,1,N,
REF7865231,TXN0009008,,UTR450661107354,MERCH0024,CUST95745,2024-08-07,2024-08-11,86522.51,86522.51,FULL,PROCESSED,Customer Request,Bank,GWREF622992,8,N,
REF7807032,TXN0009024,,UTR842512163968,MERCH0045,CUST48097,2024-05-01,2024-05-08,120764.52,120764.52,FULL,PROCESSED,Item Not Delivered,System,GWREF106099,14,N,
REF5743705,TXN0009047,,,MERCH0010,CUST64365,2024-09-19,,121931.67,121931.67,FULL,FAILED,Customer Request,Merchant,GWREF242649,13,Y,
REF1584974,TXN0009060,,UTR966232215063,MERCH0048,CUST21473,2024-03-06,2024-03-12,48079.86,48079.86,FULL,PROCESSED,Duplicate Payment,System,GWREF381330,8,N,
REF7167040,TXN0009065,,UTR866529429927,MERCH0010,CUST64970,2024-08-24,2024-08-27,67801.79,67801.79,FULL,PROCESSED,Fraud Suspected,System,GWREF356774,1,N,
REF9287391,TXN0009084,,UTR540229322118,MERCH0040,CUST31270,2024-03-19,2024-03-23,130877.91,130877.91,FULL,PROCESSED,Item Not Delivered,Bank,GWREF887548,3,Y,
REF8796736,TXN0009104,,UTR852986064902,MERCH0004,CUST19683,2024-10-27,2024-10-31,138456.09,50496.20,PARTIAL,PROCESSED,Product Defective,Merchant,GWREF695867,9,Y,Chargeback case
REF3298007,TXN0009107,,UTR397666692880,MERCH0005,CUST48738,2024-07-10,2024-07-13,104690.89,39758.84,PARTIAL,PROCESSED,Duplicate Payment,Bank,GWREF529868,4,Y,
REF8154090,TXN0009110,,,MERCH0019,CUST24533,2024-09-08,,65006.67,65006.67,FULL,PENDING,Chargeback Initiated,Bank,GWREF679036,3,N,Chargeback case
REF3278943,TXN0009114,,UTR525525433987,MERCH0017,CUST19396,2024-03-11,2024-03-16,5282.29,2520.55,PARTIAL,PROCESSED,Product Defective,Bank,GWREF628710,8,N,
REF8459445,TXN0009117,,UTR886398613143,MERCH0009,CUST15445,2024-06-24,2024-06-27,40219.15,40219.15,FULL,PROCESSED,Item Not Delivered,Merchant,GWREF117308,1,N,
REF8823080,TXN0009130,,,MERCH0002,CUST81151,2024-11-18,,59926.97,52266.89,PARTIAL,INITIATED,Chargeback Initiated,Merchant,GWREF392308,4,N,
REF5579792,TXN0009135,,UTR252926015213,MERCH0011,CUST47936,2024-04-12,2024-04-15,129361.30,50100.63,PARTIAL,PROCESSED,Duplicate Payment,Customer,GWREF842126,12,Y,
REF1949463,TXN0009142,,UTR358053804068,MERCH0040,CUST86374,2024-07-08,2024-07-11,32770.11,32770.11,FULL,PROCESSED,Item Not Delivered,Bank,GWREF373138,14,N,
REF6650893,TXN0009161,,UTR020749790692,MERCH0019,CUST31470,2024-02-11,2024-02-16,117015.27,117015.27,FULL,PROCESSED,Product Defective,System,GWREF687261,5,N,
REF8667023,TXN0009162,,UTR959207901881,MERCH0010,CUST15533,2024-07-25,2024-07-30,138274.93,138274.93,FULL,PROCESSED,Chargeback Initiated,Merchant,GWREF618896,5,N,
REF1176716,TXN0009164,,,MERCH0015,CUST55518,2024-01-31,,144887.87,144887.87,FULL,PENDING,Product Defective,Merchant,GWREF189891,10,N,
REF2448035,TXN0009178,,UTR607033438643,MERCH0016,CUST27082,2024-05-16,2024-05-21,41761.64,19778.16,PARTIAL,PROCESSED,Customer Request,Customer,GWREF537269,7,N,
REF2783236,TXN0009187,,UTR447903585338,MERCH0009,CUST51199,2024-07-24,2024-07-27,130990.64,130990.64,FULL,PROCESSED,Product Defective,Customer,GWREF862630,3,N,Chargeback case
REF8507422,TXN0009212,,,MERCH0016,CUST35877,2024-11-09,,23146.53,19661.14,PARTIAL,FAILED,Chargeback Initiated,Merchant,GWREF495962,14,N,
REF6738796,TXN0009250,,,MERCH0028,CUST32333,2024-09-20,,103788.82,103788.82,FULL,PENDING,Product Defective,Merchant,GWREF120923,6,N,
REF5048865,TXN0009263,,UTR672801393240,MERCH0007,CUST80516,2024-07-24,2024-07-31,48650.18,18283.97,PARTIAL,PROCESSED,Item Not Delivered,Customer,GWREF550363,8,N,
REF5294946,TXN0009268,,UTR947022694259,MERCH0033,CUST64989,2024-01-16,2024-01-19,127061.34,127061.34,FULL,PROCESSED,Chargeback Initiated,Bank,GWREF490121,6,Y,
REF1588982,TXN0009279,,,MERCH0050,CUST65454,2024-07-14,,133694.80,133694.80,FULL,FAILED,Duplicate Payment,Customer,GWREF393353,10,N,Chargeback case
REF1175426,TXN0009282,,,MERCH0047,CUST82106,2024-04-20,,5355.88,5355.88,FULL,PENDING,Fraud Suspected,System,GWREF728758,11,N,
REF5224353,TXN0009286,,UTR511295023625,MERCH0021,CUST19959,2024-02-22,2024-02-25,136694.21,136694.21,FULL,PROCESSED,Item Not Delivered,System,GWREF229451,5,N,Chargeback case
REF5699380,TXN0009302,,UTR160470284826,MERCH0035,CUST10705,2024-03-18,2024-03-22,111658.74,111658.74,FULL,PROCESSED,Fraud Suspected,Customer,GWREF773836,1,N,
REF6734549,TXN0009306,,,MERCH0005,CUST88292,2024-05-01,,88813.44,88813.44,FULL,INITIATED,Chargeback Initiated,Merchant,GWREF644514,13,N,
REF1060679,TXN0009311,,UTR462333381906,MERCH0020,CUST83092,2024-10-01,2024-10-07,33584.23,33584.23,FULL,PROCESSED,Product Defective,Bank,GWREF627367,9,Y,Chargeback case
REF4866365,TXN0009320,,UTR316499530093,MERCH0034,CUST27628,2024-03-24,2024-03-29,47827.29,19395.80,PARTIAL,PROCESSED,Duplicate Payment,Merchant,GWREF155123,14,Y,
REF2901868,TXN0009337,,,MERCH0021,CUST78484,2024-08-05,,94724.52,94724.52,FULL,PENDING,Chargeback Initiated,System,GWREF281618,12,N,Chargeback case
REF4059210,TXN0009351,,UTR670481461376,MERCH0009,CUST72306,2024-11-29,2024-12-04,86933.89,86933.89,FULL,PROCESSED,Fraud Suspected,System,GWREF947629,6,N,
REF5998774,TXN0009354,,UTR445635318140,MERCH0009,CUST11430,2024-07-22,2024-07-27,134249.60,134249.60,FULL,PROCESSED,Chargeback Initiated,Bank,GWREF986189,4,N,
REF4685541,TXN0009371,,,MERCH0038,CUST78224,2024-04-08,,40018.45,40018.45,FULL,FAILED,Product Defective,Merchant,GWREF135042,13,N,Chargeback case
REF1694954,TXN0009375,,UTR341406382630,MERCH0016,CUST15435,2024-06-05,2024-06-08,128027.04,60498.29,PARTIAL,PROCESSED,Duplicate Payment,System,GWREF268977,4,N,
REF8616083,TXN0009377,,UTR990964250740,MERCH0033,CUST67016,2024-04-13,2024-04-19,59899.28,59899.28,FULL,PROCESSED,Duplicate Payment,System,GWREF109973,3,N,
REF3933613,TXN0009381,,,MERCH0018,CUST78019,2024-08-08,,104982.87,104982.87,FULL,PENDING,Item Not Delivered,Bank,GWREF825590,7,N,
REF2541776,TXN0009386,,,MERCH0021,CUST48930,2024-06-05,,134284.05,73402.94,PARTIAL,FAILED,Duplicate Payment,Merchant,GWREF832966,8,N,Chargeback case
REF9779445,TXN0009399,,UTR391027501010,MERCH0002,CUST29006,2024-07-14,2024-07-17,117773.71,40649.71,PARTIAL,PROCESSED,Fraud Suspected,System,GWREF409491,11,N,
REF5799546,TXN0009403,,UTR742526781450,MERCH0032,CUST18531,2024-01-21,2024-01-25,47580.85,47580.85,FULL,PROCESSED,Product Defective,Bank,GWREF702337,8,N,
REF2644736,TXN0009408,,UTR234630678424,MERCH0028,CUST49905,2024-07-07,2024-07-13,107345.30,107345.30,FULL,PROCESSED,Duplicate Payment,System,GWREF893415,4,Y,
REF6668512,TXN0009413,,UTR862218305507,MERCH0044,CUST22659,2024-07-11,2024-07-17,87110.06,87110.06,FULL,PROCESSED,Chargeback Initiated,Customer,GWREF256052,12,N,Chargeback case
REF5818354,TXN0009425,,UTR409172157073,MERCH0049,CUST37134,2024-06-11,2024-06-16,118115.15,50933.91,PARTIAL,PROCESSED,Product Defective,System,GWREF883112,1,N,
REF6878789,TXN0009430,,UTR635534849575,MERCH0020,CUST25907,2024-06-30,2024-07-07,122906.45,122906.45,FULL,PROCESSED,Product Defective,Bank,GWREF118090,1,Y,
REF2858561,TXN0009433,,,MERCH0022,CUST72130,2024-01-31,,44670.84,44670.84,FULL,INITIATED,Duplicate Payment,System,GWREF710240,1,N,
REF7373821,TXN0009438,,UTR963617390739,MERCH0046,CUST22637,2024-03-04,2024-03-09,14013.74,14013.74,FULL,PROCESSED,Duplicate Payment,Bank,GWREF493945,13,N,
REF3884434,TXN0009444,,,MERCH0014,CUST61514,2024-03-17,,118125.67,118125.67,FULL,INITIATED,Customer Request,System,GWREF548093,1,N,
REF3539716,TXN0009451,,UTR160591433417,MERCH0033,CUST21354,2024-09-28,2024-10-05,49492.95,49492.95,FULL,PROCESSED,Fraud Suspected,Merchant,GWREF435458,14,N,
REF1368565,TXN0009460,,UTR101720306706,MERCH0041,CUST94523,2024-07-10,2024-07-17,126305.99,85838.41,PARTIAL,PROCESSED,Item Not Delivered,Bank,GWREF750217,13,N,
REF2861112,TXN0009468,,UTR818253421841,MERCH0049,CUST24100,2024-02-18,2024-02-24,16239.10,5107.48,PARTIAL,PROCESSED,Item Not Delivered,Bank,GWREF348594,5,N,
REF5773764,TXN0009476,,,MERCH0005,CUST11840,2024-03-23,,122566.97,122566.97,FULL,FAILED,Customer Request,System,GWREF691753,8,N,
REF7593597,TXN0009489,,UTR109105764152,MERCH0001,CUST41181,2024-10-24,2024-10-31,149140.03,149140.03,FULL,PROCESSED,Duplicate Payment,System,GWREF423016,1,N,Chargeback case
REF2332553,TXN0009495,,UTR745341435152,MERCH0006,CUST28565,2024-08-02,2024-08-08,114141.59,114141.59,FULL,PROCESSED,Duplicate Payment,Merchant,GWREF117948,2,N,Chargeback case
REF9714379,TXN0009501,,UTR621682046117,MERCH0008,CUST12332,2024-10-25,2024-10-29,11510.75,11510.75,FULL,PROCESSED,Customer Request,Merchant,GWREF530306,7,N,
REF9248433,TXN0009508,,UTR585262446441,MERCH0025,CUST71486,2024-02-11,2024-02-17,91670.74,91670.74,FULL,PROCESSED,Fraud Suspected,Customer,GWREF951848,11,N,
REF6956427,TXN0009511,,UTR073940427832,MERCH0008,CUST21362,2024-11-29,2024-12-02,41901.83,41901.83,FULL,PROCESSED,Chargeback Initiated,Customer,GWREF531455,13,N,
REF6927294,TXN0009548,,UTR843522300757,MERCH0021,CUST43808,2024-06-12,2024-06-17,123262.73,123262.73,FULL,PROCESSED,Customer Request,Customer,GWREF770149,13,Y,Chargeback case
REF4455846,TXN0009549,,UTR493754325608,MERCH0025,CUST13189,2024-07-22,2024-07-25,30395.61,25048.13,PARTIAL,PROCESSED,Customer Request,Merchant,GWREF945734,14,N,
REF8907920,TXN0009554,,UTR708109500481,MERCH0049,CUST56660,2024-05-18,2024-05-22,36666.03,36666.03,FULL,PROCESSED,Duplicate Payment,System,GWREF975560,3,N,
REF4742743,TXN0009556,,UTR781605049250,MERCH0028,CUST19717,2024-09-24,2024-10-01,69294.02,69294.02,FULL,PROCESSED,Customer Request,Customer,GWREF972009,9,N,
REF8391151,TXN0009574,,UTR714681618290,MERCH0041,CUST68346,2024-04-20,2024-04-26,70417.76,70417.76,FULL,PROCESSED,Product Defective,Merchant,GWREF942779,14,N,
REF7513716,TXN0009586,,UTR215904467114,MERCH0001,CUST83740,2024-08-31,2024-09-05,127924.55,85480.26,PARTIAL,PROCESSED,Fraud Suspected,Merchant,GWREF611827,14,N,
REF3313835,TXN0009594,,UTR520747900191,MERCH0002,CUST31500,2024-08-07,2024-08-13,19290.97,9911.11,PARTIAL,PROCESSED,Item Not Delivered,Merchant,GWREF211281,6,N,Chargeback case
REF2920689,TXN0009596,,,MERCH0049,CUST92008,2024-02-23,,14870.13,14870.13,FULL,PENDING,Duplicate Payment,Bank,GWREF650566,12,N,Chargeback case
REF4586131,TXN0009603,,UTR216923904732,MERCH0001,CUST37398,2024-03-24,2024-03-27,53587.09,53587.09,FULL,PROCESSED,Duplicate Payment,Customer,GWREF281857,14,N,
REF2087512,TXN0009635,,UTR776363660819,MERCH0034,CUST24644,2024-02-03,2024-02-08,74607.63,32661.60,PARTIAL,PROCESSED,Item Not Delivered,Customer,GWREF575390,10,N,
REF9649540,TXN0009656,,UTR429328062982,MERCH0005,CUST35243,2024-10-28,2024-11-02,70993.90,70993.90,FULL,PROCESSED,Customer Request,Bank,GWREF308524,7,Y,
REF1286338,TXN0009662,,,MERCH0031,CUST23974,2024-02-01,,45268.00,45268.00,FULL,PENDING,Customer Request,Bank,GWREF926990,6,N,
REF6744045,TXN0009670,,,MERCH0008,CUST93258,2024-11-03,,87466.79,87466.79,FULL,FAILED,Duplicate Payment,Customer,GWREF238303,11,N,
REF1968992,TXN0009673,,,MERCH0007,CUST29312,2024-01-27,,13390.00,13390.00,FULL,PENDING,Item Not Delivered,Bank,GWREF833900,3,N,
REF8864100,TXN0009676,,UTR363817076679,MERCH0028,CUST95655,2024-03-20,2024-03-23,59177.90,59177.90,FULL,PROCESSED,Customer Request,Merchant,GWREF496551,9,N,
REF1681498,TXN0009681,,UTR548084634106,MERCH0036,CUST99493,2024-08-08,2024-08-14,81005.13,81005.13,FULL,PROCESSED,Customer Request,Customer,GWREF574175,10,Y,
REF8850282,TXN0009684,,UTR862075840967,MERCH0007,CUST78900,2024-05-06,2024-05-10,146517.63,146517.63,FULL,PROCESSED,Product Defective,Bank,GWREF652462,6,N,
REF6298015,TXN0009685,,UTR962214545833,MERCH0037,CUST94952,2024-08-05,2024-08-09,24630.13,24630.13,FULL,PROCESSED,Product Defective,Customer,GWREF489721,3,Y,
REF9360696,TXN0009692,,UTR987583508414,MERCH0007,CUST56041,2024-08-01,2024-08-04,129604.60,93759.65,PARTIAL,PROCESSED,Duplicate Payment,Bank,GWREF415977,2,N,
REF1600319,TXN0009699,,UTR641412606706,MERCH0029,CUST34875,2024-06-05,2024-06-11,40745.00,19295.88,PARTIAL,PROCESSED,Customer Request,System,GWREF737123,11,N,
REF5651663,TXN0009700,,,MERCH0030,CUST42654,2024-07-29,,62966.84,62966.84,FULL,PENDING,Fraud Suspected,Bank,GWREF252254,6,N,
REF1647503,TXN0009701,,UTR071286088213,MERCH0027,CUST13798,2024-03-19,2024-03-26,101246.74,101246.74,FULL,PROCESSED,Chargeback Initiated,Bank,GWREF582704,13,N,
REF6490598,TXN0009711,,UTR309354899700,MERCH0031,CUST18481,2024-11-20,2024-11-27,128193.91,128193.91,FULL,PROCESSED,Product Defective,Bank,GWREF378254,13,Y,
REF9316361,TXN0009741,,,MERCH0013,CUST41541,2024-08-11,,15568.13,15568.13,FULL,PENDING,Fraud Suspected,Merchant,GWREF261981,12,Y,
REF9794279,TXN0009750,,UTR466141855754,MERCH0024,CUST99007,2024-06-23,2024-06-27,96739.89,96739.89,FULL,PROCESSED,Item Not Delivered,Bank,GWREF234311,13,N,
REF8092513,TXN0009758,,UTR547624499545,MERCH0034,CUST47150,2024-07-13,2024-07-17,32582.18,32582.18,FULL,PROCESSED,Product Defective,Customer,GWREF397907,2,N,Chargeback case
REF1983239,TXN0009767,,UTR763707499560,MERCH0024,CUST16064,2024-02-17,2024-02-21,78475.68,78475.68,FULL,PROCESSED,Product Defective,Bank,GWREF371288,4,N,Chargeback case
REF7028248,TXN0009771,,,MERCH0035,CUST13349,2024-08-28,,99734.69,99734.69,FULL,PENDING,Product Defective,System,GWREF352540,1,N,Chargeback case
REF8743987,TXN0009773,,UTR485466090997,MERCH0043,CUST39152,2024-05-30,2024-06-04,123070.16,123070.16,FULL,PROCESSED,Customer Request,Merchant,GWREF932651,13,N,Chargeback case
REF6779983,TXN0009781,,UTR547854564726,MERCH0047,CUST16917,2024-06-21,2024-06-27,91752.77,68433.75,PARTIAL,PROCESSED,Product Defective,Bank,GWREF647870,10,N,
REF5050572,TXN0009786,,UTR320453268554,MERCH0037,CUST57818,2024-03-20,2024-03-25,32005.97,13914.36,PARTIAL,PROCESSED,Fraud Suspected,Bank,GWREF850673,9,N,
REF5523858,TXN0009788,,UTR814445439188,MERCH0030,CUST35871,2024-03-18,2024-03-22,80251.07,80251.07,FULL,PROCESSED,Customer Request,Customer,GWREF868043,6,N,
REF4526798,TXN0009790,,UTR166318553863,MERCH0003,CUST10093,2024-11-05,2024-11-11,83895.40,83895.40,FULL,PROCESSED,Customer Request,System,GWREF694726,14,N,
REF7026571,TXN0009791,,UTR394025595087,MERCH0011,CUST13880,2024-01-09,2024-01-13,76821.73,51838.53,PARTIAL,PROCESSED,Product Defective,System,GWREF383064,11,N,
REF6762089,TXN0009798,,UTR787204671678,MERCH0021,CUST69408,2024-05-22,2024-05-28,70366.89,70366.89,FULL,PROCESSED,Duplicate Payment,Customer,GWREF989150,4,N,
REF2311541,TXN0009809,,,MERCH0043,CUST32340,2024-02-07,,75102.35,75102.35,FULL,INITIATED,Chargeback Initiated,Merchant,GWREF769677,7,Y,
REF6496791,TXN0009827,,,MERCH0036,CUST27620,2024-05-30,,43399.84,43399.84,FULL,PENDING,Product Defective,Bank,GWREF570181,14,N,
REF2258148,TXN0009834,,,MERCH0032,CUST30196,2024-03-11,,99835.26,99835.26,FULL,PENDING,Fraud Suspected,Bank,GWREF500730,5,N,
REF3487778,TXN0009844,,UTR917080875556,MERCH0031,CUST42259,2024-10-11,2024-10-17,14056.40,14056.40,FULL,PROCESSED,Product Defective,Bank,GWREF183285,4,N,
REF8157440,TXN0009884,,UTR199182780359,MERCH0028,CUST43229,2024-05-27,2024-05-30,131356.62,96910.76,PARTIAL,PROCESSED,Customer Request,Customer,GWREF342617,9,N,
REF5586791,TXN0009902,,UTR684805041419,MERCH0045,CUST99081,2024-09-25,2024-10-02,101239.27,101239.27,FULL,PROCESSED,Customer Request,System,GWREF577133,7,N,
REF4837425,TXN0009906,,,MERCH0039,CUST61695,2024-09-27,,102557.86,102557.86,FULL,PENDING,Chargeback Initiated,Bank,GWREF414639,9,N,
REF6138754,TXN0009925,,UTR390453900284,MERCH0044,CUST20166,2024-01-29,2024-02-01,23604.13,23604.13,FULL,PROCESSED,Chargeback Initiated,Bank,GWREF248653,6,N,
REF4104487,TXN0009926,,UTR689087873300,MERCH0039,CUST31162,2024-10-21,2024-10-28,1624.29,1624.29,FULL,PROCESSED,Duplicate Payment,Merchant,GWREF463357,13,N,
REF2933210,TXN0009956,,UTR418781883339,MERCH0019,CUST60704,2024-09-08,2024-09-15,115808.65,66831.66,PARTIAL,PROCESSED,Product Defective,Customer,GWREF414637,8,Y,
REF6208319,TXN0009959,,,MERCH0040,CUST47571,2024-10-17,,59563.40,21804.32,PARTIAL,PENDING,Product Defective,Customer,GWREF273038,6,N,
REF7866829,TXN0009963,,,MERCH0044,CUST64803,2024-10-17,,24784.81,24784.81,FULL,FAILED,Duplicate Payment,Bank,GWREF823642,13,Y,
REF1164102,TXN0009964,,,MERCH0012,CUST90536,2024-02-07,,132903.99,132903.99,FULL,PENDING,Product Defective,Merchant,GWREF818196,1,N,
REF6184036,TXN0009970,,UTR266621105860,MERCH0017,CUST29704,2024-04-08,2024-04-11,56020.63,56020.63,FULL,PROCESSED,Chargeback Initiated,Merchant,GWREF946485,6,N,
REF6944950,TXN0009977,,UTR927436431267,MERCH0008,CUST92195,2024-11-08,2024-11-15,73393.46,73393.46,FULL,PROCESSED,Item Not Delivered,System,GWREF437282,9,N,
REF5818650,TXN0009993,,UTR458303693828,MERCH0009,CUST40164,2024-11-05,2024-11-10,1053.21,1053.21,FULL,PROCESSED,Duplicate Payment,Customer,GWREF643681,7,N,
